url,disposition,status,method,http_status,firecrawl_status,checked_at,final_url,notes,posts
http://0ldsk00l.ca/nestopia/,retained,reachable,HTTP GET,200,,2026-10-07T19:47:33.733855+00:00,http://0ldsk00l.ca/nestopia/,,src/content/posts/2024/linux-alternatives.md
http://127.0.0.1:1313/,retained,non-public-address,HTTP GET,,,2026-10-07T19:47:12.764644+00:00,http://127.0.0.1:1313/,,src/content/posts/2020/hugo-guide.md
http://127.0.0.1:8317/v1,retained,non-public-address,HTTP GET,,,2026-10-07T19:48:03.375655+00:00,http://127.0.0.1:8317/v1,,src/content/posts/2026/github-copilot-on-linux.md
http://127.0.0.1:8317/v1/models,retained,non-public-address,HTTP GET,,,2026-10-07T19:47:53.917880+00:00,http://127.0.0.1:8317/v1/models,,src/content/posts/2026/github-copilot-on-linux.md
http://bazaar.launchpad.net/~joh/alarm-clock/trunk/files,removed-or-replaced,missing,HTTP GET,404,,2026-10-07T19:48:07.841754+00:00,http://bazaar.launchpad.net/~joh/alarm-clock/trunk/files,,src/content/posts/2024/linux-alternatives.md
http://bibletime.info/,retained,reachable,HTTP GET,200,,2026-10-07T19:47:27.584559+00:00,http://bibletime.info/,,src/content/posts/2024/linux-alternatives.md
http://blogs.msdn.com/b/b8/archive/2012/01/04/refresh-and-reset-your-pc.aspx,retained,blocked,HTTP GET,403,403,2026-10-07T19:47:54.283559+00:00,https://devblogs.microsoft.com/b8/refresh-and-reset-your-pc.aspx,Firecrawl retry: 403,src/content/posts/old/2012-09-26-windows-refresh-pc.md
http://cinelerra-cv.wikidot.com/,retained,reachable,HTTP GET,200,,2026-10-07T19:47:36.363283+00:00,https://cinelerra-cv.wikidot.com/,,src/content/posts/2024/linux-alternatives.md
http://cinepaint.org/,retained,reachable,HTTP GET,200,,2026-10-07T19:47:34.122914+00:00,http://cinepaint.org/,,src/content/posts/2024/linux-alternatives.md
http://coulon.publi.free.fr/openeuclide/,retained,reachable,HTTP GET,200,,2026-10-07T19:47:28.339772+00:00,http://coulon.publi.free.fr/openeuclide/,,src/content/posts/2024/linux-alternatives.md
http://deb.volian.org/volian/,retained,reachable,HTTP GET,200,,2026-10-07T19:47:16.703391+00:00,http://deb.volian.org/volian/,,src/content/posts/2022/stop-using-apt.md
http://deb.xanmod.org/,retained,missing,HTTP GET,404,,2026-10-07T19:47:13.307229+00:00,http://deb.xanmod.org/,Historical code/text retained; explanatory notice or endpoint context in source. No command was executed.,src/content/posts/2020/ultimate-linux-gaming-guide.md
http://dist.schmorp.de/rxvt-unicode/,retained,reachable,HTTP GET,200,,2026-10-07T19:47:43.994656+00:00,http://dist.schmorp.de/rxvt-unicode/,,src/content/posts/2024/linux-alternatives.md
http://doc.freenas.org/,retained,reachable,HTTP GET,200,,2026-10-07T19:47:10.900090+00:00,https://www.ixsystems.com/documentation/freenas/,,src/content/posts/2018/2018-10-12-setup-freenas-11.md
http://domain.com/file,retained,example-or-local,HTTP GET,403,,2026-10-07T19:47:13.059264+00:00,http://domain.com/file,Illustrative URL; not a public destination contract,src/content/posts/2020/linux-cheatsheet.md
http://download.opensuse.org/repositories/home:/manuelschneid3r/xUbuntu_20.04/,retained,reachable,HTTP GET,200,,2026-10-07T19:48:04.597461+00:00,http://download.opensuse.org/repositories/home:/manuelschneid3r/xUbuntu_20.04/,,src/content/posts/2020/linux-macos.md
http://download.savannah.nongnu.org/releases/synaptic/,retained,reachable,HTTP GET,200,,2026-10-07T19:47:45.545547+00:00,http://download.savannah.nongnu.org/releases/synaptic/,,src/content/posts/2024/linux-alternatives.md
http://example.com/,retained,example-or-local,HTTP GET,,,2026-10-07T19:47:11.273601+00:00,http://example.com/,Illustrative URL; not a public destination contract,src/content/posts/2019/2019-03-14-wordpress-google-cloud-platform.md
http://fluxbox.org/,retained,reachable,HTTP GET,200,,2026-10-07T19:47:50.328026+00:00,https://fluxbox.org/,,src/content/posts/2024/linux-alternatives.md
http://ftr.fivefilters.org/,retained,reachable,HTTP GET,200,,2026-10-07T19:47:17.199679+00:00,https://ftr.fivefilters.net/,,src/content/posts/2022/why-we-dont-browse-the-internet-anymore.md
http://getgreenshot.org/downloads/,retained,reachable,HTTP GET,200,,2026-10-07T19:47:10.636509+00:00,https://getgreenshot.org/downloads/,,src/content/posts/2018/2018-09-18-snipping-tool-removed.md
http://git.savannah.gnu.org/cgit/nano.git/,retained,reachable,HTTP GET,200,,2026-10-07T19:48:06.060492+00:00,https://cgit.git.savannah.gnu.org/cgit/nano.git/,,src/content/posts/2024/linux-alternatives.md
http://gitea.example.com/your-user-or-org/repo-name.git,retained,example-or-local,HTTP GET,,,2026-10-07T19:47:53.780508+00:00,http://gitea.example.com/your-user-or-org/repo-name.git,Illustrative URL; not a public destination contract,src/content/posts/2026/gitea.md
http://gperiodic.seul.org/,retained,reachable,HTTP GET,200,,2026-10-07T19:48:01.214460+00:00,http://gperiodic.seul.org/,,src/content/posts/2024/linux-alternatives.md
http://gperiodic.seul.org/cvs/,retained,reachable,HTTP GET,200,,2026-10-07T19:47:27.904063+00:00,http://gperiodic.seul.org/cvs/,,src/content/posts/2024/linux-alternatives.md
http://guake.org/,retained,reachable,HTTP GET,200,,2026-10-07T19:47:43.853929+00:00,http://guake.org/,,src/content/posts/2024/linux-alternatives.md
http://ip-of-controller:8080/inform,retained,example-or-local,HTTP GET,,,2026-10-07T19:47:10.403491+00:00,http://ip-of-controller:8080/inform,Illustrative URL; not a public destination contract,src/content/posts/2018/2018-06-21-moving-unifi-access-point.md
http://jonls.dk/redshift/,retained,reachable,HTTP GET,200,,2026-10-07T19:47:38.673768+00:00,http://jonls.dk/redshift/,,src/content/posts/2024/linux-alternatives.md
http://lighttable.com/,retained,reachable,HTTP GET,200,,2026-10-07T19:47:44.741512+00:00,http://lighttable.com/,,src/content/posts/2024/linux-alternatives.md
http://linuxstopmotion.org/,retained,reachable,HTTP GET,200,,2026-10-07T19:47:34.820490+00:00,http://linuxstopmotion.org/,,src/content/posts/2024/linux-alternatives.md
http://liquorix.net/debian,retained,reachable,HTTP GET,200,,2026-10-07T19:47:56.564758+00:00,https://liquorix.net/debian/,,src/content/posts/2019/2019-09-28-custom-kernel.md;src/content/posts/2020/ultimate-linux-gaming-guide.md
http://localhost:1313/,retained,example-or-local,HTTP GET,,,2026-10-07T19:47:15.581926+00:00,http://localhost:1313/,Illustrative URL; not a public destination contract,src/content/posts/2022/how-i-setup-my-website.md
http://mirror.unit193.net/liquorix,retained,http-error,HTTP GET,500,500,2026-10-07T19:47:11.408671+00:00,https://mirror.unit193.net/liquorix,Firecrawl retry: 500,src/content/posts/2019/2019-09-28-custom-kernel.md;src/content/posts/2020/ultimate-linux-gaming-guide.md
http://nssm.cc/,retained,reachable,Firecrawl scrape,503,200,2026-10-07T19:55:41.555Z,http://nssm.cc/,,src/content/posts/2020/create-windows-service.md
http://openbox.org/,retained,reachable,HTTP GET,200,,2026-10-07T19:47:50.609478+00:00,http://openbox.org/,,src/content/posts/2024/linux-alternatives.md
http://portainer.io/,retained,reachable,HTTP GET,200,,2026-10-07T19:47:54.486774+00:00,https://portainer.io/,,src/content/posts/old/ideas.md
http://privacytools.io/,retained,reachable,HTTP GET,200,,2026-10-07T19:47:55.305955+00:00,https://privacytools.io/,,src/content/posts/old/ideas.md
http://rabbitvcs.org/,retained,reachable,HTTP GET,200,,2026-10-07T19:47:26.415989+00:00,http://rabbitvcs.org/,,src/content/posts/2024/linux-alternatives.md
http://ruby.chemie.uni-freiburg.de/~martin/chemtool/,retained,reachable,HTTP GET,200,,2026-10-07T19:47:27.594626+00:00,http://ruby.chemie.uni-freiburg.de/~martin/chemtool/,,src/content/posts/2024/linux-alternatives.md
http://snapdrop.net/,retained,reachable,HTTP GET,200,,2026-10-07T19:47:55.093980+00:00,http://snapdrop.net/,,src/content/posts/old/ideas.md
http://software.schmorp.de/pkg/rxvt-unicode.html,retained,reachable,HTTP GET,200,,2026-10-07T19:47:43.996470+00:00,http://software.schmorp.de/pkg/rxvt-unicode.html,,src/content/posts/2024/linux-alternatives.md
http://support.citrix.com/article/CTX121896,retained,reachable,HTTP GET,200,,2026-10-07T19:47:10.401835+00:00,https://support.citrix.com/support-home/kbsearch/article,,src/content/posts/2016/2016-08-03-reattach-lvm-xenserver.md
http://support.microsoft.com/kb/2734782,retained,reachable,HTTP GET,200,,2026-10-07T19:47:54.391576+00:00,https://learn.microsoft.com/en-us/troubleshoot/windows-client/application-management/dotnet-framework-35-installation-error,,src/content/posts/old/2013-07-01-error-0x800f0906.md
http://technet.microsoft.com/en-us/library/cc164360(v=exchg.80).aspx,retained,reachable,HTTP GET,200,,2026-10-07T19:47:54.287421+00:00,https://learn.microsoft.com/en-us/previous-versions/office/exchange-server-analyzer/cc164360(v=exchg.80),,src/content/posts/old/2013-04-04-update-is-pending.md
http://todotxt.org/,retained,reachable,HTTP GET,200,,2026-10-07T19:47:39.941528+00:00,http://todotxt.org/,,src/content/posts/2024/linux-alternatives.md
http://twitter.com/home?status={{,retained,example-or-local,HTTP GET,,,2026-10-07T19:47:12.795803+00:00,http://twitter.com/home,,src/content/posts/2020/hugo-guide.md
http://wordpress.org/latest.tar.gz,retained,reachable,HTTP GET,200,,2026-10-07T19:47:56.381726+00:00,https://wordpress.org/latest.tar.gz,,src/content/posts/2021/pi-website.md
http://www.bay12games.com/dwarves/,retained,reachable,HTTP GET,200,,2026-10-07T19:47:29.505823+00:00,http://www.bay12games.com/dwarves/,,src/content/posts/2024/linux-alternatives.md
http://www.example.com/,retained,example-or-local,HTTP GET,200,,2026-10-07T19:47:11.273668+00:00,http://www.example.com/,Illustrative URL; not a public destination contract,src/content/posts/2019/2019-03-14-wordpress-google-cloud-platform.md
http://www.facebook.com/share.php?u={{,retained,example-or-local,HTTP GET,,,2026-10-07T19:47:12.764872+00:00,http://www.facebook.com/share.php,,src/content/posts/2020/hugo-guide.md
http://www.freeciv.org/,retained,reachable,HTTP GET,200,,2026-10-07T19:47:31.965031+00:00,http://www.freeciv.org/,,src/content/posts/2024/linux-alternatives.md
http://www.freenas.org/download-freenas-release/,retained,reachable,HTTP GET,200,,2026-10-07T19:47:10.770993+00:00,https://www.truenas.com/download/,,src/content/posts/2018/2018-10-12-setup-freenas-11.md
http://www.geeqie.org/,retained,reachable,HTTP GET,200,,2026-10-07T19:47:35.647489+00:00,http://www.geeqie.org/,,src/content/posts/2024/linux-alternatives.md
http://www.graphicsmagick.org/,retained,reachable,HTTP GET,200,,2026-10-07T19:47:35.149746+00:00,http://www.graphicsmagick.org/,,src/content/posts/2024/linux-alternatives.md
http://www.hydrogen-music.org/,retained,reachable,HTTP GET,200,,2026-10-07T19:47:19.032881+00:00,http://hydrogen-music.org/,,src/content/posts/2024/linux-alternatives.md
http://www.iometer.org/doc/downloads.html,retained,reachable,HTTP GET,200,,2026-10-07T19:47:10.620726+00:00,http://www.iometer.org/doc/downloads.html,,src/content/posts/2018/2018-09-14-using-iometer.md
http://www.kornelix.net/downloads/downloads.html,retained,reachable,HTTP GET,200,,2026-10-07T19:47:35.646113+00:00,http://www.kornelix.net/downloads/downloads.html,,src/content/posts/2024/linux-alternatives.md
http://www.mplayerhq.hu/design7/dload.html,retained,reachable,HTTP GET,200,,2026-10-07T19:47:47.452161+00:00,http://www.mplayerhq.hu/design7/dload.html,,src/content/posts/2024/linux-alternatives.md
http://www.mplayerhq.hu/design7/news.html,retained,reachable,Firecrawl scrape,,200,2026-10-07T20:13:31.379Z,https://www.mplayerhq.hu/design7/news.html,,src/content/posts/2024/linux-alternatives.md
http://www.mutt.org/,retained,reachable,HTTP GET,200,,2026-10-07T19:47:48.729132+00:00,http://www.mutt.org/,,src/content/posts/2024/linux-alternatives.md
http://www.privateinternetaccess.com/pages/buy-vpn/christitus,retained,reachable,HTTP GET,200,,2026-10-07T19:47:10.405017+00:00,https://www.privateinternetaccess.com/buy-vpn-online,,src/content/posts/2018/2018-09-10-setup-always-on-vpn.md
http://www.snes9x.com/,retained,reachable,HTTP GET,200,,2026-10-07T19:47:33.824934+00:00,http://www.snes9x.com/,,src/content/posts/2024/linux-alternatives.md
http://www.sweethome3d.com/,retained,reachable,HTTP GET,200,,2026-10-07T19:47:34.832900+00:00,https://www.sweethome3d.com/,,src/content/posts/2024/linux-alternatives.md
http://www.texmacs.org/,retained,reachable,HTTP GET,200,,2026-10-07T19:47:37.890328+00:00,https://www.texmacs.org/tmweb/home/welcome.en.html,,src/content/posts/2024/linux-alternatives.md
http://www.urbackup.org/download.html,retained,reachable,HTTP GET,200,,2026-10-07T19:47:16.798462+00:00,https://www.urbackup.org/download.html,,src/content/posts/2022/urbackup.md
http://www.w3.org/2000/svg,retained,reachable,HTTP GET,200,,2026-10-07T19:47:12.764974+00:00,https://www.w3.org/2000/svg,,src/content/posts/2020/hugo-guide.md
http://www.webupd8.org/,retained,reachable,HTTP GET,200,,2026-10-07T19:47:52.426863+00:00,http://www.webupd8.org/,,src/content/posts/2024/linux-alternatives.md
http://www.xaraxtreme.org/,retained,reachable,HTTP GET,200,,2026-10-07T19:48:01.605374+00:00,http://www.xaraxtreme.org/,,src/content/posts/2024/linux-alternatives.md
http://www.xaraxtreme.org/Developers/develeopers-source-code-a-building.html,retained,reachable,HTTP GET,200,,2026-10-07T19:47:35.075816+00:00,http://www.xaraxtreme.org/Developers/develeopers-source-code-a-building.html,,src/content/posts/2024/linux-alternatives.md
http://xoa.io/deploy,retained,reachable,HTTP GET,200,,2026-10-07T19:47:10.745937+00:00,http://xoa.io/deploy,,src/content/posts/2018/2018-10-11-how-to-install-xen-orchestra.md
https://192.168.1.123/,retained,non-public-address,HTTP GET,,,2026-10-07T19:47:57.860288+00:00,https://192.168.1.123/,,src/content/posts/2021/pi-website.md
https://192.168.1.123/wp-admin_,retained,non-public-address,HTTP GET,,,2026-10-07T19:47:13.949151+00:00,https://192.168.1.123/wp-admin_,,src/content/posts/2021/pi-website.md
https://1password.com/downloads/linux/,retained,reachable,HTTP GET,200,,2026-10-07T19:47:40.817639+00:00,https://1password.com/downloads/linux,,src/content/posts/2024/linux-alternatives.md
https://9to5linux.com/,retained,reachable,HTTP GET,200,,2026-10-07T19:47:51.115398+00:00,https://9to5linux.com/,,src/content/posts/2024/linux-alternatives.md
https://about.gitea.com/,retained,reachable,HTTP GET,200,,2026-10-07T19:47:24.914643+00:00,https://about.gitea.com/,,src/content/posts/2024/linux-alternatives.md
https://access.redhat.com/documentation/en-us/red_hat_enterprise_linux/7/html/selinux_users_and_administrators_guide/index,retained,reachable,HTTP GET,200,,2026-10-07T19:47:15.931729+00:00,https://docs.redhat.com/en/documentation/red_hat_enterprise_linux/7/html/selinux_users_and_administrators_guide/index,,src/content/posts/2022/linux-security-mistakes.md
https://access.redhat.com/solutions/7068083,retained,reachable,HTTP GET,200,,2026-10-07T19:47:58.748153+00:00,https://access.redhat.com/solutions/7068083,,src/content/posts/2024/crowdstrike-alternatives.md
https://activitywatch.net/,retained,reachable,HTTP GET,200,,2026-10-07T19:47:39.990173+00:00,https://activitywatch.net/,,src/content/posts/2024/linux-alternatives.md
https://adguard.com/en/blog/firefox-manifestv3-chrome-adblocking.html,retained,reachable,HTTP GET,200,,2026-10-07T19:47:18.195381+00:00,https://adguard.com/en/blog/firefox-manifestv3-chrome-adblocking.html,,src/content/posts/2023/you-will-watch-ads.md
https://aerc-mail.org/,retained,reachable,HTTP GET,200,,2026-10-07T19:47:28.764384+00:00,https://aerc-mail.org/,,src/content/posts/2024/linux-alternatives.md
https://aka.ms/Microsoft.VCLibs.x64.14.00.Desktop.appx,retained,reachable,HTTP GET,200,,2026-10-07T19:47:55.778699+00:00,https://download.microsoft.com/download/4/7/c/47c6134b-d61f-4024-83bd-b9c9ea951c25/Microsoft.VCLibs.x64.14.00.Desktop.appx,,src/content/posts/2022/setting-up-the-ultimate-windows-11.md
https://aka.ms/wsl-ubuntu-1604,retained,reachable,HTTP GET,200,,2026-10-07T19:47:10.405332+00:00,https://wslstorestorage.blob.core.windows.net/wslblob/Ubuntu_1604.2019.523.0_x64.appx,,src/content/posts/2018/2018-09-11-installing-linux-subsystem.md
https://alacritty.org/,retained,reachable,HTTP GET,200,,2026-10-07T19:47:43.789849+00:00,https://alacritty.org/,,src/content/posts/2024/linux-alternatives.md
https://alarm-clock.pseudoberries.com/,retained,connection-error,HTTP GET,,,2026-10-07T19:47:39.581298+00:00,https://alarm-clock.pseudoberries.com/,Firecrawl retry: unable to retrieve,src/content/posts/2024/linux-alternatives.md
https://albertlauncher.github.io/,retained,reachable,HTTP GET,200,,2026-10-07T19:47:57.367597+00:00,https://albertlauncher.github.io/,,src/content/posts/2024/linux-alternatives.md
https://albertlauncher.github.io/installation/,retained,reachable,HTTP GET,200,,2026-10-07T19:47:13.152891+00:00,https://albertlauncher.github.io/installation/,,src/content/posts/2020/linux-macos.md
https://amanusk.github.io/s-tui/,retained,reachable,HTTP GET,200,,2026-10-07T19:47:49.005147+00:00,https://amanusk.github.io/s-tui/,,src/content/posts/2024/linux-alternatives.md
https://amelabs.net/,retained,reachable,HTTP GET,200,,2026-10-07T19:47:13.765749+00:00,https://amelabs.net/,,src/content/posts/2021/Windows-10-Optimization-Guide.md
https://ameliorated.io/,retained,reachable,HTTP GET,200,,2026-10-07T19:47:17.300190+00:00,https://amelabs.net/,,src/content/posts/2023/ame-wizard-the-future-of-debloat.md
https://amzn.to/2D1CBKz,retained,reachable,HTTP GET,200,,2026-10-07T19:48:11.334779+00:00,https://www.amazon.com/gp/product/B0793CV53Q/ref=as_li_tl,,src/content/posts/2018/2018-10-12-setup-freenas-11.md
https://amzn.to/2IBn093,retained,reachable,HTTP GET,200,,2026-10-07T19:48:22.879349+00:00,https://www.amazon.com/Rode-VideoMicro-Compact-Camera-Microphone/dp/B015R0IQGW/ref=as_li_ss_tl,,src/content/posts/2020/2020-buyers-guide.md
https://amzn.to/2IKfTLr,retained,reachable,HTTP GET,200,,2026-10-07T19:48:15.161040+00:00,https://www.amazon.com/Google-Pixel-4a-Unlocked-Smartphone/dp/B08CFSZLQ4/ref=as_li_ss_tl,,src/content/posts/2020/2020-buyers-guide.md
https://amzn.to/2Jf58MM,retained,reachable,HTTP GET,200,,2026-10-07T19:48:08.868281+00:00,https://www.amazon.com/gp/product/B07864XMTK/ref=as_li_tl,,src/content/posts/2018/2018-10-12-setup-freenas-11.md
https://amzn.to/2K7CuBR,retained,reachable,HTTP GET,200,,2026-10-07T19:48:21.164866+00:00,https://www.amazon.com/CanaKit-Raspberry-8GB-Basic-Starter/dp/B0897XZDF2/ref=as_li_ss_tl,,src/content/posts/2020/2020-buyers-guide.md
https://amzn.to/2K9wxV0,retained,reachable,Firecrawl scrape,429,200,2026-10-07T20:04:32.007Z,https://www.amazon.com/stores/page/ACA64F29-DCF0-4A28-BB4D-4FC1B61C86A9/ref=as_li_ss_tl,,src/content/posts/2020/2020-buyers-guide.md
https://amzn.to/2PPvyrf,retained,reachable,HTTP GET,200,,2026-10-07T19:47:10.945022+00:00,https://www.amazon.com/gp/product/B013CCTM2E/ref=as_li_tl,,src/content/posts/2018/2018-10-12-setup-freenas-11.md
https://amzn.to/2R6bbGn,retained,reachable,HTTP GET,200,,2026-10-07T19:48:09.996869+00:00,https://www.amazon.com/gp/product/B00LF10KTO/ref=as_li_tl,,src/content/posts/2018/2018-10-12-setup-freenas-11.md
https://amzn.to/2R7uyid,retained,reachable,HTTP GET,200,,2026-10-07T19:47:56.255820+00:00,https://www.amazon.com/gp/product/B00EQJ1BTU/ref=as_li_tl,,src/content/posts/2018/2018-10-12-setup-freenas-11.md
https://amzn.to/2Sc3lfM,retained,reachable,HTTP GET,200,,2026-10-07T19:48:03.864867+00:00,https://www.amazon.com/gp/product/B01N7YOH4P/ref=as_li_tl,,src/content/posts/2018/2018-10-12-setup-freenas-11.md
https://amzn.to/2UzZZ8T,retained,reachable,HTTP GET,200,,2026-10-07T19:48:12.628361+00:00,https://www.amazon.com/Fire-Tablet-7/dp/B07FKR6KXF/ref=as_li_ss_tl,,src/content/posts/2020/2020-buyers-guide.md
https://amzn.to/2q9NsJL,retained,reachable,HTTP GET,200,,2026-10-07T19:48:06.848522+00:00,https://www.amazon.com/gp/product/B01MYEUS37/ref=as_li_tl,,src/content/posts/2018/2018-10-12-setup-freenas-11.md
https://amzn.to/32T9qEU,retained,reachable,HTTP GET,200,,2026-10-07T19:48:21.720601+00:00,https://www.amazon.com/Canon-M200-EF-M-15-45mm-White/dp/B07XM99XRV/ref=as_li_ss_tl,,src/content/posts/2020/2020-buyers-guide.md
https://amzn.to/32VJ05h,retained,reachable,HTTP GET,200,,2026-10-07T19:48:17.268308+00:00,https://www.amazon.com/stores/page/1953D60D-F8C8-42B0-B851-B951DB9DE1B0/ref=as_li_ss_tl,,src/content/posts/2020/2020-buyers-guide.md
https://amzn.to/33bKBUO,retained,reachable,HTTP GET,200,,2026-10-07T19:48:20.510937+00:00,https://www.amazon.com/Logitech-Multi-Device-Wireless-Keyboard-Computer/dp/B01LZTBKBG/ref=as_li_ss_tl,,src/content/posts/2020/2020-buyers-guide.md
https://amzn.to/35H7Yax,retained,reachable,HTTP GET,200,,2026-10-07T19:48:13.777561+00:00,https://www.amazon.com/Fire-HD-10/dp/B07K1RZWMC/ref=as_li_ss_tl,,src/content/posts/2020/2020-buyers-guide.md
https://amzn.to/3SV0Y0l,retained,reachable,HTTP GET,200,,2026-10-07T19:48:24.399026+00:00,https://www.amazon.com/HV-F2056-15-6-17-Laptop-Cooler-Cooling/dp/B00NNMB3KS,,src/content/posts/2022/laptop-power-management.md
https://amzn.to/3f6ZfS1,retained,reachable,HTTP GET,200,,2026-10-07T19:48:18.069048+00:00,https://www.amazon.com/gp/product/B087C98QJJ/ref=as_li_ss_tl,,src/content/posts/2020/2020-buyers-guide.md
https://amzn.to/3fseOUu,retained,reachable,HTTP GET,200,,2026-10-07T19:48:19.930606+00:00,https://www.amazon.com/Logitech-Triathlon-Bluetooth-Hyper-Fast-Scrolling/dp/B087Z6LSHW/ref=as_li_ss_tl,,src/content/posts/2020/2020-buyers-guide.md
https://amzn.to/3kGstbi,retained,reachable,HTTP GET,200,,2026-10-07T19:48:23.969968+00:00,https://www.amazon.com/Shure-Microphone-Podcasting-Voice-Isolating-Technology/dp/B08G7RG9ML/ref=as_li_ss_tl,,src/content/posts/2020/2020-buyers-guide.md
https://amzn.to/3lGFAe9,retained,reachable,HTTP GET,200,,2026-10-07T19:48:18.659845+00:00,https://www.amazon.com/gp/product/B07F7T8J9P/ref=as_li_ss_tl,,src/content/posts/2020/2020-buyers-guide.md
https://amzn.to/3pEPSxO,retained,reachable,HTTP GET,200,,2026-10-07T19:48:19.329579+00:00,https://www.amazon.com/Logitech-MK545-Advanced-Wireless-Keyboard/dp/B079HR85C3/ref=as_li_ss_tl,,src/content/posts/2020/2020-buyers-guide.md
https://amzn.to/3pFZiZJ,retained,reachable,HTTP GET,200,,2026-10-07T19:48:23.404487+00:00,https://www.amazon.com/Magewell-Capture-Quad-HDMI-Video/dp/B0178DV064/ref=as_li_ss_tl,,src/content/posts/2020/2020-buyers-guide.md
https://amzn.to/3pxmv0l,retained,reachable,Firecrawl scrape,503,200,2026-10-07T20:04:32.007Z,https://www.amazon.com/stores/Sceptre+Inc./page/ACF6E09F-2DD3-41A9-AB26-0C549BB6EC35/ref=as_li_ss_tl,,src/content/posts/2020/2020-buyers-guide.md
https://amzn.to/3pzW0r0,retained,reachable,HTTP GET,200,,2026-10-07T19:48:22.379483+00:00,https://www.amazon.com/Canon-EF-M-22mm-Compact-System/dp/B008NF8BRI/ref=as_li_ss_tl,,src/content/posts/2020/2020-buyers-guide.md
https://anbox.io/,retained,reachable,HTTP GET,200,,2026-10-07T19:47:23.315331+00:00,https://anbox.io/,,src/content/posts/2024/linux-alternatives.md
https://android.googlesource.com/platform/tools/base/+/studio-master-dev/source.md,retained,reachable,HTTP GET,200,,2026-10-07T19:47:23.335827+00:00,https://android.googlesource.com/platform/tools/base/+/studio-master-dev/source.md,,src/content/posts/2024/linux-alternatives.md
https://angryip.org/,retained,reachable,HTTP GET,200,,2026-10-07T19:47:45.731908+00:00,https://angryip.org/,,src/content/posts/2024/linux-alternatives.md;src/content/posts/2026/check-network-security.md
https://anydesk.com/en,retained,reachable,Firecrawl scrape,403,200,2026-10-07T20:13:31.379Z,https://anydesk.com/en,,src/content/posts/2024/linux-alternatives.md
https://app.pagescms.org/,retained,reachable,HTTP GET,200,,2026-10-07T19:47:53.734405+00:00,https://app.pagescms.org/,,src/content/posts/2026/cloudflare-pagescms-website.md
https://appdb.winehq.org/,retained,reachable,HTTP GET,200,,2026-10-07T19:47:52.428619+00:00,https://appdb.winehq.org/,Firecrawl retry: unable to retrieve,src/content/posts/2024/linux-alternatives.md
https://apps.ankiweb.net/,retained,reachable,HTTP GET,200,,2026-10-07T19:47:27.558043+00:00,https://apps.ankiweb.net/,,src/content/posts/2024/linux-alternatives.md
https://apps.gnome.org/Boatswain/,retained,reachable,HTTP GET,200,,2026-10-07T19:48:16.953685+00:00,https://apps.gnome.org/Boatswain/,,src/content/posts/2024/linux-alternatives.md
https://apps.gnome.org/Cartridges/,removed-or-replaced,missing,HTTP GET,404,,2026-10-07T19:48:16.195803+00:00,https://apps.gnome.org/Cartridges/,,src/content/posts/2024/linux-alternatives.md
https://apps.gnome.org/Console/,retained,reachable,HTTP GET,200,,2026-10-07T19:48:24.157785+00:00,https://apps.gnome.org/Console/,,src/content/posts/2024/linux-alternatives.md
https://apps.gnome.org/EarTag/,retained,reachable,HTTP GET,200,,2026-10-07T19:48:05.532773+00:00,https://apps.gnome.org/EarTag/,,src/content/posts/2024/linux-alternatives.md
https://apps.gnome.org/Komikku/,retained,reachable,HTTP GET,200,,2026-10-07T19:48:15.528884+00:00,https://apps.gnome.org/Komikku/,,src/content/posts/2024/linux-alternatives.md
https://apps.gnome.org/app/app.drey.Dialect/,retained,reachable,HTTP GET,200,,2026-10-07T19:48:13.240037+00:00,https://apps.gnome.org/app/app.drey.Dialect/,,src/content/posts/2024/linux-alternatives.md
https://apps.gnome.org/app/app.drey.Warp/,retained,reachable,HTTP GET,200,,2026-10-07T19:48:22.664630+00:00,https://apps.gnome.org/app/app.drey.Warp/,,src/content/posts/2024/linux-alternatives.md
https://apps.gnome.org/app/com.belmoussaoui.Authenticator/,retained,reachable,HTTP GET,200,,2026-10-07T19:48:20.884325+00:00,https://apps.gnome.org/app/com.belmoussaoui.Authenticator/,,src/content/posts/2024/linux-alternatives.md
https://apps.gnome.org/app/com.belmoussaoui.Decoder/,retained,reachable,HTTP GET,200,,2026-10-07T19:48:21.502254+00:00,https://apps.gnome.org/app/com.belmoussaoui.Decoder/,,src/content/posts/2024/linux-alternatives.md
https://apps.gnome.org/app/com.belmoussaoui.Obfuscate/,retained,reachable,HTTP GET,200,,2026-10-07T19:48:22.060591+00:00,https://apps.gnome.org/app/com.belmoussaoui.Obfuscate/,,src/content/posts/2024/linux-alternatives.md
https://apps.gnome.org/app/com.github.huluti.Curtail/,retained,reachable,HTTP GET,200,,2026-10-07T19:48:12.096443+00:00,https://apps.gnome.org/app/com.github.huluti.Curtail/,,src/content/posts/2024/linux-alternatives.md
https://apps.gnome.org/app/com.rafaelmardojai.Blanket/,retained,reachable,HTTP GET,200,,2026-10-07T19:48:18.320826+00:00,https://apps.gnome.org/app/com.rafaelmardojai.Blanket/,,src/content/posts/2024/linux-alternatives.md
https://apps.gnome.org/app/de.haeckerfelix.Fragments/,retained,reachable,HTTP GET,200,,2026-10-07T19:48:23.596864+00:00,https://apps.gnome.org/app/de.haeckerfelix.Fragments/,,src/content/posts/2024/linux-alternatives.md
https://apps.gnome.org/app/de.haeckerfelix.Shortwave/,retained,reachable,HTTP GET,200,,2026-10-07T19:47:59.745687+00:00,https://apps.gnome.org/app/de.haeckerfelix.Shortwave/,,src/content/posts/2024/linux-alternatives.md
https://apps.gnome.org/app/io.bassi.Amberol/,retained,reachable,HTTP GET,200,,2026-10-07T19:47:19.401352+00:00,https://apps.gnome.org/app/io.bassi.Amberol/,,src/content/posts/2024/linux-alternatives.md
https://apps.gnome.org/app/io.github.seadve.Mousai/,retained,reachable,HTTP GET,200,,2026-10-07T19:48:07.980773+00:00,https://apps.gnome.org/app/io.github.seadve.Mousai/,,src/content/posts/2024/linux-alternatives.md
https://apps.gnome.org/app/io.gitlab.news_flash.NewsFlash/,retained,reachable,HTTP GET,200,,2026-10-07T19:48:17.646494+00:00,https://apps.gnome.org/app/io.gitlab.news_flash.NewsFlash/,,src/content/posts/2024/linux-alternatives.md
https://apps.gnome.org/app/org.gnome.Boxes/,retained,reachable,HTTP GET,200,,2026-10-07T19:48:19.628848+00:00,https://apps.gnome.org/app/org.gnome.Boxes/,,src/content/posts/2024/linux-alternatives.md
https://apps.gnome.org/app/org.gnome.Connections/,retained,reachable,HTTP GET,200,,2026-10-07T19:48:23.097275+00:00,https://apps.gnome.org/app/org.gnome.Connections/,,src/content/posts/2024/linux-alternatives.md
https://apps.gnome.org/app/org.gnome.Solanum/,retained,reachable,HTTP GET,200,,2026-10-07T19:48:18.950763+00:00,https://apps.gnome.org/app/org.gnome.Solanum/,,src/content/posts/2024/linux-alternatives.md
https://apps.gnome.org/app/org.gnome.World.PikaBackup/,retained,reachable,HTTP GET,200,,2026-10-07T19:48:10.647991+00:00,https://apps.gnome.org/app/org.gnome.World.PikaBackup/,,src/content/posts/2024/linux-alternatives.md
https://apps.gnome.org/app/org.gnome.World.Secrets/,retained,reachable,HTTP GET,200,,2026-10-07T19:48:20.230015+00:00,https://apps.gnome.org/app/org.gnome.World.Secrets/,,src/content/posts/2024/linux-alternatives.md
https://apps.gnome.org/app/re.sonny.Tangram/,retained,reachable,HTTP GET,200,,2026-10-07T19:48:09.480055+00:00,https://apps.gnome.org/app/re.sonny.Tangram/,,src/content/posts/2024/linux-alternatives.md
https://apps.gnome.org/app/re.sonny.Workbench/,retained,reachable,HTTP GET,200,,2026-10-07T19:48:14.486812+00:00,https://apps.gnome.org/app/re.sonny.Workbench/,,src/content/posts/2024/linux-alternatives.md
https://apps.kde.org/akregator/,retained,reachable,HTTP GET,200,,2026-10-07T19:48:20.944314+00:00,https://apps.kde.org/akregator/,,src/content/posts/2024/linux-alternatives.md
https://apps.kde.org/arianna/,retained,reachable,HTTP GET,200,,2026-10-07T19:48:12.186572+00:00,https://apps.kde.org/arianna/,,src/content/posts/2024/linux-alternatives.md
https://apps.kde.org/audiotube/,retained,reachable,HTTP GET,200,,2026-10-07T19:47:19.513766+00:00,https://apps.kde.org/audiotube/,,src/content/posts/2024/linux-alternatives.md
https://apps.kde.org/choqok/,retained,reachable,HTTP GET,200,,2026-10-07T19:48:21.525289+00:00,https://apps.kde.org/choqok/,,src/content/posts/2024/linux-alternatives.md
https://apps.kde.org/dolphin/,retained,reachable,HTTP GET,200,,2026-10-07T19:48:17.062381+00:00,https://apps.kde.org/dolphin/,,src/content/posts/2024/linux-alternatives.md
https://apps.kde.org/education/,retained,reachable,HTTP GET,200,,2026-10-07T19:48:13.362073+00:00,https://apps.kde.org/education/,,src/content/posts/2024/linux-alternatives.md
https://apps.kde.org/elisa/,retained,reachable,HTTP GET,200,,2026-10-07T19:47:59.856155+00:00,https://apps.kde.org/elisa/,,src/content/posts/2024/linux-alternatives.md
https://apps.kde.org/filelight/,retained,reachable,HTTP GET,200,,2026-10-07T19:48:26.188419+00:00,https://apps.kde.org/filelight/,,src/content/posts/2024/linux-alternatives.md
https://apps.kde.org/gwenview/,retained,reachable,HTTP GET,200,,2026-10-07T19:48:19.712272+00:00,https://apps.kde.org/gwenview/,,src/content/posts/2024/linux-alternatives.md
https://apps.kde.org/kalendar/,retained,reachable,HTTP GET,200,,2026-10-07T19:48:22.687462+00:00,https://apps.kde.org/merkuro.calendar/,,src/content/posts/2024/linux-alternatives.md
https://apps.kde.org/kamoso/,retained,reachable,HTTP GET,200,,2026-10-07T19:48:26.890490+00:00,https://apps.kde.org/kamoso/,,src/content/posts/2024/linux-alternatives.md
https://apps.kde.org/kasts/,retained,reachable,HTTP GET,200,,2026-10-07T19:48:05.613830+00:00,https://apps.kde.org/kasts/,,src/content/posts/2024/linux-alternatives.md
https://apps.kde.org/kdeconnect/,retained,reachable,HTTP GET,200,,2026-10-07T19:48:26.624464+00:00,https://apps.kde.org/kdeconnect/,,src/content/posts/2024/linux-alternatives.md
https://apps.kde.org/kfloppy/,retained,reachable,HTTP GET,200,,2026-10-07T19:48:25.898650+00:00,https://apps.kde.org/kfloppy/,,src/content/posts/2024/linux-alternatives.md
https://apps.kde.org/kget/,retained,reachable,HTTP GET,200,,2026-10-07T19:48:23.634817+00:00,https://apps.kde.org/kget/,,src/content/posts/2024/linux-alternatives.md
https://apps.kde.org/kmail2/,retained,reachable,HTTP GET,200,,2026-10-07T19:48:15.597895+00:00,https://apps.kde.org/kmail2/,,src/content/posts/2024/linux-alternatives.md
https://apps.kde.org/kolourpaint/,retained,reachable,HTTP GET,200,,2026-10-07T19:48:18.361960+00:00,https://apps.kde.org/kolourpaint/,,src/content/posts/2024/linux-alternatives.md
https://apps.kde.org/konqueror/,retained,reachable,HTTP GET,200,,2026-10-07T19:48:17.680972+00:00,https://apps.kde.org/konqueror/,,src/content/posts/2024/linux-alternatives.md
https://apps.kde.org/konsole/,retained,reachable,HTTP GET,200,,2026-10-07T19:48:24.742939+00:00,https://apps.kde.org/konsole/,,src/content/posts/2024/linux-alternatives.md
https://apps.kde.org/ktorrent/,retained,reachable,HTTP GET,200,,2026-10-07T19:48:24.196960+00:00,https://apps.kde.org/ktorrent/,,src/content/posts/2024/linux-alternatives.md
https://apps.kde.org/ktouch/,retained,reachable,HTTP GET,200,,2026-10-07T19:48:14.636142+00:00,https://apps.kde.org/ktouch/,,src/content/posts/2024/linux-alternatives.md
https://apps.kde.org/kwrite/,retained,reachable,HTTP GET,200,,2026-10-07T19:48:25.540167+00:00,https://apps.kde.org/kwrite/,,src/content/posts/2024/linux-alternatives.md
https://apps.kde.org/neochat/,retained,reachable,HTTP GET,200,,2026-10-07T19:48:08.164953+00:00,https://apps.kde.org/neochat/,,src/content/posts/2024/linux-alternatives.md
https://apps.kde.org/okteta/,retained,reachable,HTTP GET,200,,2026-10-07T19:48:10.749251+00:00,https://apps.kde.org/okteta/,,src/content/posts/2024/linux-alternatives.md
https://apps.kde.org/plasmatube/,retained,reachable,HTTP GET,200,,2026-10-07T19:48:22.088367+00:00,https://apps.kde.org/plasmatube/,,src/content/posts/2024/linux-alternatives.md
https://apps.kde.org/rsibreak/,retained,reachable,HTTP GET,200,,2026-10-07T19:48:23.178241+00:00,https://apps.kde.org/rsibreak/,,src/content/posts/2024/linux-alternatives.md
https://apps.kde.org/skanpage/,retained,reachable,HTTP GET,200,,2026-10-07T19:48:18.985512+00:00,https://apps.kde.org/skanpage/,,src/content/posts/2024/linux-alternatives.md
https://apps.kde.org/spectacle/,retained,reachable,HTTP GET,200,,2026-10-07T19:48:20.266722+00:00,https://apps.kde.org/spectacle/,,src/content/posts/2024/linux-alternatives.md
https://apps.kde.org/tokodon/,retained,reachable,HTTP GET,200,,2026-10-07T19:48:09.598896+00:00,https://apps.kde.org/tokodon/,,src/content/posts/2024/linux-alternatives.md
https://apps.kde.org/trojita/,retained,reachable,HTTP GET,200,,2026-10-07T19:48:16.270684+00:00,https://apps.kde.org/trojita/,,src/content/posts/2024/linux-alternatives.md
https://apps.kde.org/yakuake/,retained,reachable,HTTP GET,200,,2026-10-07T19:48:25.205187+00:00,https://apps.kde.org/yakuake/,,src/content/posts/2024/linux-alternatives.md
https://apps.microsoft.com/store/apps,retained,reachable,HTTP GET,200,,2026-10-07T19:47:15.596791+00:00,https://apps.microsoft.com/home,,src/content/posts/2022/installing-appx-without-msstore.md
https://aprilcoskun.github.io/snake/,retained,reachable,HTTP GET,200,,2026-10-07T19:47:30.594051+00:00,https://aprilcoskun.github.io/snake/,,src/content/posts/2024/linux-alternatives.md
https://archiveos.org/linux/,retained,reachable,HTTP GET,200,,2026-10-07T19:47:51.119064+00:00,https://archiveos.org/linux/,,src/content/posts/2024/linux-alternatives.md
https://archlinux.org/download/,retained,reachable,HTTP GET,200,,2026-10-07T19:47:59.168636+00:00,https://archlinux.org/download/,,src/content/posts/2025/windows-to-linux.md
https://archlinux.org/news/active-aur-malicious-packages-incident/,retained,reachable,HTTP GET,200,,2026-10-07T19:48:05.232980+00:00,https://archlinux.org/news/active-aur-malicious-packages-incident/,,src/content/posts/2026/switch-from-arch-to-fedora.md
https://archlinux.org/packages/core/any/archlinux-keyring/download,retained,reachable,HTTP GET,200,,2026-10-07T19:47:16.771604+00:00,https://umea.mirror.pkgbuild.com/core/os/x86_64/archlinux-keyring-20260909-1-any.pkg.tar.zst,,src/content/posts/2022/unlock-steam-deck.md
https://ardour.org/,retained,reachable,HTTP GET,200,,2026-10-07T19:47:18.774107+00:00,https://ardour.org/,,src/content/posts/2024/linux-alternatives.md
https://ares-emu.net/,retained,reachable,HTTP GET,200,,2026-10-07T19:47:33.250673+00:00,https://ares-emu.net/,,src/content/posts/2024/linux-alternatives.md
https://areweanticheatyet.com/,retained,reachable,HTTP GET,200,,2026-10-07T19:47:51.163547+00:00,https://areweanticheatyet.com/,,src/content/posts/2024/linux-alternatives.md
https://aria2.github.io/,retained,reachable,HTTP GET,200,,2026-10-07T19:47:42.482750+00:00,https://aria2.github.io/,,src/content/posts/2024/linux-alternatives.md
https://asciinema.org/,retained,reachable,HTTP GET,200,,2026-10-07T19:47:36.099427+00:00,https://asciinema.org/,,src/content/posts/2024/linux-alternatives.md
https://astian.org/midori-browser/download/,retained,reachable,HTTP GET,200,,2026-10-07T19:47:36.876377+00:00,https://astian.org/midori-browser/download/,,src/content/posts/2024/linux-alternatives.md
https://audacious-media-player.org/,retained,reachable,HTTP GET,200,,2026-10-07T19:47:59.748421+00:00,https://audacious-media-player.org/,,src/content/posts/2024/linux-alternatives.md
https://audacious-media-player.org/developers,retained,reachable,HTTP GET,200,,2026-10-07T19:47:19.447051+00:00,https://audacious-media-player.org/developers,,src/content/posts/2024/linux-alternatives.md
https://aur.archlinux.org/,retained,reachable,HTTP GET,200,,2026-10-07T19:47:15.174407+00:00,https://aur.archlinux.org/,,src/content/posts/2022/choose-linux-distro.md
https://aur.archlinux.org/packages/davinci-resolve,retained,reachable,HTTP GET,200,,2026-10-07T19:48:05.039168+00:00,https://aur.archlinux.org/packages/davinci-resolve,,src/content/posts/2026/resolve-in-arch-linux.md
https://aur.archlinux.org/yay-bin,removed-or-replaced,missing,HTTP GET,404,,2026-10-07T19:47:58.352067+00:00,https://aur.archlinux.org/yay-bin,,src/content/posts/2023/my-new-desktop-hyprland.md
https://aur.archlinux.org/yay-bin.git,introduced,repository-git-confirmed,git ls-remote HEAD,404,,2026-10-07,https://aur.archlinux.org/yay-bin.git,AUR clone endpoint returned HEAD 13e0a4754d106a9252b7479bf1b370fbe454fc48,src/content/posts/2023/my-new-desktop-hyprland.md
https://authpass.app/,retained,reachable,HTTP GET,200,,2026-10-07T19:47:40.843350+00:00,https://authpass.app/,,src/content/posts/2024/linux-alternatives.md
https://avocode.com/,retained,reachable,HTTP GET,200,,2026-10-07T19:47:36.038305+00:00,https://avocode.com/,,src/content/posts/2024/linux-alternatives.md
https://awesomewm.org/,retained,reachable,HTTP GET,200,,2026-10-07T19:47:50.890048+00:00,https://awesomewm.org/,,src/content/posts/2024/linux-alternatives.md
https://babluboy.github.io/bookworm/,retained,reachable,HTTP GET,200,,2026-10-07T19:47:26.709326+00:00,https://babluboy.github.io/bookworm/,,src/content/posts/2024/linux-alternatives.md
https://basket-notepads.github.io/,retained,reachable,HTTP GET,200,,2026-10-07T19:48:02.510823+00:00,https://basket-notepads.github.io/,,src/content/posts/2024/linux-alternatives.md
https://basket-notepads.github.io/download.html,retained,reachable,HTTP GET,200,,2026-10-07T19:47:38.796567+00:00,https://basket-notepads.github.io/download.html,,src/content/posts/2024/linux-alternatives.md
https://bazaar.launchpad.net/~artfwo/indicator-cpufreq/trunk/files,removed-or-replaced,missing,HTTP GET,404,,2026-10-07T19:48:15.495405+00:00,https://bazaar.launchpad.net/~artfwo/indicator-cpufreq/trunk/files,,src/content/posts/2024/linux-alternatives.md
https://bazaar.launchpad.net/~audio-recorder/audio-recorder/trunk/files,removed-or-replaced,missing,HTTP GET,404,,2026-10-07T19:47:18.873416+00:00,https://bazaar.launchpad.net/~audio-recorder/audio-recorder/trunk/files,,src/content/posts/2024/linux-alternatives.md
https://bazaar.launchpad.net/~cpug-devs/cpug/main/files,removed-or-replaced,missing,HTTP GET,404,,2026-10-07T19:48:14.323886+00:00,https://bazaar.launchpad.net/~cpug-devs/cpug/main/files,,src/content/posts/2024/linux-alternatives.md
https://bazaar.launchpad.net/~dabisu/sakura/sakura/files,removed-or-replaced,missing,HTTP GET,404,,2026-10-07T19:48:11.907915+00:00,https://bazaar.launchpad.net/~dabisu/sakura/sakura/files,,src/content/posts/2024/linux-alternatives.md
https://bazaar.launchpad.net/~gnome-terminator/terminator/gtk3/files,removed-or-replaced,missing,HTTP GET,404,,2026-10-07T19:48:13.136861+00:00,https://bazaar.launchpad.net/~gnome-terminator/terminator/gtk3/files,,src/content/posts/2024/linux-alternatives.md
https://bazaar.launchpad.net/~indicator-brightness/indicator-brightness/trunk/files,removed-or-replaced,missing,HTTP GET,404,,2026-10-07T19:48:09.362850+00:00,https://bazaar.launchpad.net/~indicator-brightness/indicator-brightness/trunk/files,,src/content/posts/2024/linux-alternatives.md
https://bazaar.launchpad.net/~indicator-multiload/indicator-multiload/trunk/files,removed-or-replaced,missing,HTTP GET,404,,2026-10-07T19:48:16.142429+00:00,https://bazaar.launchpad.net/~indicator-multiload/indicator-multiload/trunk/files,,src/content/posts/2024/linux-alternatives.md
https://bazaar.launchpad.net/~jconti/recent-notifications/trunk/files,removed-or-replaced,missing,HTTP GET,404,,2026-10-07T19:48:10.550698+00:00,https://bazaar.launchpad.net/~jconti/recent-notifications/trunk/files,,src/content/posts/2024/linux-alternatives.md
https://bazaar.launchpad.net/~umang/indicator-stickynotes/trunk/files,removed-or-replaced,missing,HTTP GET,404,,2026-10-07T19:48:05.464835+00:00,https://bazaar.launchpad.net/~umang/indicator-stickynotes/trunk/files,,src/content/posts/2024/linux-alternatives.md
https://bazaar.launchpad.net/~widelands-dev/widelands/trunk/changes,removed-or-replaced,missing,HTTP GET,404,,2026-10-07T19:47:59.506969+00:00,https://bazaar.launchpad.net/~widelands-dev/widelands/trunk/changes,,src/content/posts/2024/linux-alternatives.md
https://bazzite.gg/,retained,reachable,HTTP GET,200,,2026-10-07T19:47:18.268969+00:00,https://bazzite.gg/,,src/content/posts/2024/bazzite-linux.md
https://bbs.archlinux.org/,retained,reachable,HTTP GET,200,,2026-10-07T19:47:11.783893+00:00,https://bbs.archlinux.org/,,src/content/posts/2019/2019-10-09-learn-linux.md
https://beavernotes.com/,retained,reachable,HTTP GET,200,,2026-10-07T19:47:38.807635+00:00,https://beavernotes.com/,,src/content/posts/2024/linux-alternatives.md
https://beets.io/,retained,reachable,HTTP GET,200,,2026-10-07T19:47:19.569061+00:00,https://beets.io/,,src/content/posts/2024/linux-alternatives.md
https://betterdiscord.app/,retained,reachable,HTTP GET,200,,2026-10-07T19:47:21.417312+00:00,https://betterdiscord.app/,,src/content/posts/2024/linux-alternatives.md
https://bevyengine.org/,retained,reachable,HTTP GET,200,,2026-10-07T19:47:24.186238+00:00,https://bevy.org/,,src/content/posts/2024/linux-alternatives.md
https://bismuth-forge.github.io/bismuth/,retained,reachable,HTTP GET,200,,2026-10-07T19:47:50.742124+00:00,https://bismuth-forge.github.io/bismuth/,,src/content/posts/2024/linux-alternatives.md
https://bitwarden.com/,retained,reachable,HTTP GET,200,,2026-10-07T19:47:17.415503+00:00,https://bitwarden.com/,,src/content/posts/2023/creating-a-secure-system.md;src/content/posts/2024/linux-alternatives.md
https://blackpointcyber.com/,retained,reachable,HTTP GET,200,,2026-10-07T19:47:18.419279+00:00,https://blackpointcyber.com/,,src/content/posts/2024/crowdstrike-alternatives.md
https://blog.vaxry.net/articles/2024-fdo-and-redhat,retained,reachable,HTTP GET,200,,2026-10-07T19:47:59.456537+00:00,https://blog.vaxry.net/articles/2024-fdo-and-redhat,,src/content/posts/2024/freedesktop-bans-hyprland.md
https://blog.vaxry.net/articles/2024-fdo-and-redhat2,retained,reachable,HTTP GET,200,,2026-10-07T19:47:18.531905+00:00,https://blog.vaxry.net/articles/2024-fdo-and-redhat2,,src/content/posts/2024/freedesktop-bans-hyprland.md
https://blue-build.org/learn/universal-blue/,retained,reachable,HTTP GET,200,,2026-10-07T19:47:52.536503+00:00,https://blue-build.org/learn/universal-blue/,,src/content/posts/2024/linux-atomic-desktops.md
https://bluefish.openoffice.nl/index.html,retained,reachable,HTTP GET,200,,2026-10-07T19:47:44.501242+00:00,https://bluefish.openoffice.nl/index.html,,src/content/posts/2024/linux-alternatives.md
https://bluej.org/,retained,reachable,HTTP GET,200,,2026-10-07T19:47:25.143020+00:00,https://bluej.org/,,src/content/posts/2024/linux-alternatives.md
https://bomi-player.github.io/,retained,reachable,HTTP GET,200,,2026-10-07T19:47:47.054689+00:00,https://bomi-player.github.io/,,src/content/posts/2024/linux-alternatives.md
https://boostnote.io/,removed-or-replaced,tls-error,HTTP GET,,,2026-10-07T19:47:38.857520+00:00,https://boostnote.io/,,src/content/posts/2024/linux-alternatives.md
https://borgbackup.readthedocs.io/en/stable/,retained,reachable,HTTP GET,200,,2026-10-07T19:48:00.100370+00:00,https://borgbackup.readthedocs.io/en/stable/,,src/content/posts/2024/linux-alternatives.md
https://borgbackup.readthedocs.io/en/stable/development.html,retained,reachable,HTTP GET,200,,2026-10-07T19:47:22.581482+00:00,https://borgbackup.readthedocs.io/en/stable/development.html,,src/content/posts/2024/linux-alternatives.md
https://brackets.io/,retained,reachable,HTTP GET,200,,2026-10-07T19:47:44.512839+00:00,https://brackets.io/,,src/content/posts/2024/linux-alternatives.md
https://brave-browser-apt-release.s3.brave.com/,retained,reachable,HTTP GET,200,,2026-10-07T19:47:58.134919+00:00,https://brave-browser-apt-release.s3.brave.com/,,src/content/posts/2022/30days-chromeos.md
https://brave-browser-apt-release.s3.brave.com/brave-browser-archive-keyring.gpg,retained,reachable,HTTP GET,200,,2026-10-07T19:47:14.507332+00:00,https://brave-browser-apt-release.s3.brave.com/brave-browser-archive-keyring.gpg,,src/content/posts/2022/30days-chromeos.md
https://brave.com/,retained,reachable,HTTP GET,200,,2026-10-07T19:47:36.630724+00:00,https://brave.com/,,src/content/posts/2024/linux-alternatives.md
https://breaktimer.app/,retained,reachable,HTTP GET,200,,2026-10-07T19:47:39.583986+00:00,https://breaktimer.app/,,src/content/posts/2024/linux-alternatives.md
https://brew.sh/,introduced,reachable,Firecrawl scrape,200,200,2026-10-07T19:51:17.196Z,https://brew.sh/,,src/content/posts/2020/debloat-android.md
https://browser.yandex.com/,retained,reachable,HTTP GET,200,,2026-10-07T19:47:37.230998+00:00,https://browser.yandex.com/,,src/content/posts/2024/linux-alternatives.md
https://buddiesofbudgie.org/,retained,reachable,HTTP GET,200,,2026-10-07T19:47:49.427685+00:00,https://buddiesofbudgie.org/,,src/content/posts/2024/linux-alternatives.md
https://build.opensuse.org/projects/home:manuelschneid3r/public_key,retained,reachable,HTTP GET,200,,2026-10-07T19:47:13.165574+00:00,https://build.opensuse.org/projects/home:manuelschneid3r/signing_keys,,src/content/posts/2020/linux-macos.md
https://bup.github.io/,retained,reachable,HTTP GET,200,,2026-10-07T19:47:22.606091+00:00,https://bup.github.io/,,src/content/posts/2024/linux-alternatives.md
https://buttercup.pw/,retained,http-error,HTTP GET,503,503,2026-10-07T19:47:40.847955+00:00,https://buttercup.pw/,Firecrawl retry: 503,src/content/posts/2024/linux-alternatives.md
https://cache.sdk.freedesktop.org/freedesktop-sdk.flatpakrepo,retained,dns-failure,HTTP GET,,,2026-10-07T19:47:12.603777+00:00,https://cache.sdk.freedesktop.org/freedesktop-sdk.flatpakrepo,Historical code/text retained; explanatory notice or endpoint context in source. No command was executed.,src/content/posts/2020/flatpak-acceleration.md
https://calcurse.org/,retained,reachable,HTTP GET,200,,2026-10-07T19:47:39.694251+00:00,https://calcurse.org/,,src/content/posts/2024/linux-alternatives.md
https://calibre-ebook.com/,retained,reachable,HTTP GET,200,,2026-10-07T19:47:26.743360+00:00,https://calibre-ebook.com/,,src/content/posts/2024/linux-alternatives.md
https://calligra.org/kexi/,retained,reachable,HTTP GET,200,,2026-10-07T19:47:23.595435+00:00,https://calligra.org/kexi/,,src/content/posts/2024/linux-alternatives.md
https://cassandra.apache.org/,retained,reachable,HTTP GET,200,,2026-10-07T19:47:23.551681+00:00,https://cassandra.apache.org/_/index.html,,src/content/posts/2024/linux-alternatives.md
https://cdimage.debian.org/cdimage/unofficial/non-free/cd-including-firmware/archive/10.12.0+nonfree/amd64/iso-cd/firmware-10.12.0-amd64-netinst.iso,retained,reachable,HTTP GET,200,,2026-10-07T19:47:16.396119+00:00,https://gemmei.ftp.acc.umu.se/cdimage/unofficial/non-free/cd-including-firmware/archive/10.12.0+nonfree/amd64/iso-cd/firmware-10.12.0-amd64-netinst.iso,,src/content/posts/2022/star-trek-os.md
https://celluloid-player.github.io/,retained,reachable,HTTP GET,200,,2026-10-07T19:47:47.109515+00:00,https://celluloid-player.github.io/,,src/content/posts/2024/linux-alternatives.md
https://cemu.info/,retained,reachable,HTTP GET,200,,2026-10-07T19:47:33.513548+00:00,https://cemu.info/,,src/content/posts/2024/linux-alternatives.md
https://cerebroapp.com/,retained,reachable,HTTP GET,200,,2026-10-07T19:47:38.553474+00:00,https://www.cerebroapp.com/,,src/content/posts/2024/linux-alternatives.md
https://certbot.eff.org/,retained,reachable,HTTP GET,200,,2026-10-07T19:47:10.593405+00:00,https://certbot.eff.org/,,src/content/posts/2018/2018-09-13-issuing-ssl-certs.md
https://cgit.freedesktop.org/xorg/app/xcompmgr,retained,timeout,HTTP GET,,,2026-10-07T19:47:50.281408+00:00,https://cgit.freedesktop.org/xorg/app/xcompmgr,Firecrawl retry: unable to retrieve,src/content/posts/2024/linux-alternatives.md
https://charm.sh/apps/,retained,reachable,HTTP GET,200,,2026-10-07T19:47:46.037461+00:00,https://charm.land/apps/,,src/content/posts/2024/linux-alternatives.md
https://chatterino.com/,retained,reachable,HTTP GET,200,,2026-10-07T19:47:21.168789+00:00,https://chatterino.com/,,src/content/posts/2024/linux-alternatives.md
https://chatty.github.io/,retained,reachable,HTTP GET,200,,2026-10-07T19:47:21.190804+00:00,https://chatty.github.io/,,src/content/posts/2024/linux-alternatives.md
https://christitus.com/,retained,local-present,production build,200,,2026-10-07T20:35:45.313Z,https://christitus.com/,,src/content/posts/2019/2019-03-14-wordpress-google-cloud-platform.md;src/content/posts/2020/hugo-guide.md
https://christitus.com/$1,retained,example-or-local,HTTP GET,,,2026-10-07T19:48:36.027626+00:00,https://christitus.com/$1,Illustrative URL; not a public destination contract,src/content/posts/2018/2018-09-23-perfect-htaccess.md
https://christitus.com/2020-buyers-guide/,retained,local-present,production build,200,,2026-10-07T20:35:45.313Z,https://christitus.com/2020-buyers-guide/,,src/content/posts/2020/2020-buyers-guide.md
https://christitus.com/2022-recap/,retained,local-present,production build,200,,2026-10-07T20:35:45.313Z,https://christitus.com/2022-recap/,,src/content/posts/2022/2022-recap.md
https://christitus.com/30days-chromeos/,retained,local-present,production build,200,,2026-10-07T20:35:45.313Z,https://christitus.com/30days-chromeos/,,src/content/posts/2022/30days-chromeos.md
https://christitus.com/3cx-version-20-update/,retained,local-present,production build,200,,2026-10-07T20:35:45.313Z,https://christitus.com/3cx-version-20-update/,,src/content/posts/2024/3cx-version-20-update.md
https://christitus.com/5-terminal-commands/,retained,local-present,production build,200,,2026-10-07T20:35:45.313Z,https://christitus.com/5-terminal-commands/,,src/content/posts/2022/5-terminal-commands.md
https://christitus.com/Ultimate-Windows-10-Install-ISO/,retained,local-present,production build,200,,2026-10-07T20:35:45.313Z,https://christitus.com/Ultimate-Windows-10-Install-ISO/,,src/content/posts/2021/Ultimate-Windows-10-Install.md
https://christitus.com/Windows-10-Optimization-Guide/,retained,local-present,production build,200,,2026-10-07T20:35:45.313Z,https://christitus.com/Windows-10-Optimization-Guide/,,src/content/posts/2021/Windows-10-Optimization-Guide.md
https://christitus.com/Windows-22H2-problems/,retained,local-present,production build,200,,2026-10-07T20:35:45.313Z,https://christitus.com/Windows-22H2-problems/,,src/content/posts/2022/Windows-22H2-problems.md
https://christitus.com/acronis-true-image/,retained,local-present,production build,200,,2026-10-07T20:35:45.313Z,https://christitus.com/acronis-true-image/,,src/content/posts/2022/acronis-true-image.md
https://christitus.com/amazon-fire-debloat/,retained,local-present,production build,200,,2026-10-07T20:35:45.313Z,https://christitus.com/amazon-fire-debloat/,,src/content/posts/2020/amazon-fire-debloat.md
https://christitus.com/amazon-fire-launcher/,retained,local-present,production build,200,,2026-10-07T20:35:45.313Z,https://christitus.com/amazon-fire-launcher/,,src/content/posts/2017/2017-07-10-amazon-fire-launcher.md
https://christitus.com/ame-wizard-the-future-of-debloat/,retained,local-present,production build,200,,2026-10-07T20:35:45.313Z,https://christitus.com/ame-wizard-the-future-of-debloat/,,src/content/posts/2023/ame-wizard-the-future-of-debloat.md
https://christitus.com/antivirus-worthless/,retained,local-present,production build,200,,2026-10-07T20:35:45.313Z,https://christitus.com/antivirus-worthless/,,src/content/posts/2022/antivirus-worthless.md
https://christitus.com/apache-mpm-prefork/,retained,local-present,production build,200,,2026-10-07T20:35:45.313Z,https://christitus.com/apache-mpm-prefork/,,src/content/posts/2018/2018-09-26-apache-mpm-prefork.md
https://christitus.com/api-json-call/,retained,local-present,production build,200,,2026-10-07T20:35:45.313Z,https://christitus.com/api-json-call/,,src/content/posts/2017/2017-11-28-api-json-call.md
https://christitus.com/aptitude-explained/,retained,local-present,production build,200,,2026-10-07T20:35:45.313Z,https://christitus.com/aptitude-explained/,,src/content/posts/2019/2019-03-12-aptitude-explained.md
https://christitus.com/atlasos-review/,retained,local-present,production build,200,,2026-10-07T20:35:45.313Z,https://christitus.com/atlasos-review/,,src/content/posts/2023/atlasos-review.md
https://christitus.com/auto-mount-systemd/,retained,local-present,production build,200,,2026-10-07T20:35:45.313Z,https://christitus.com/auto-mount-systemd/,,src/content/posts/2022/auto-mount-systemd.md
https://christitus.com/bad-windows-defender/,retained,local-present,production build,200,,2026-10-07T20:35:45.313Z,https://christitus.com/bad-windows-defender/,,src/content/posts/2022/bad-windows-defender.md
https://christitus.com/bazzite-linux/,retained,local-present,production build,200,,2026-10-07T20:35:45.313Z,https://christitus.com/bazzite-linux/,,src/content/posts/2024/bazzite-linux.md
https://christitus.com/be-a-better-programmer/,retained,local-present,production build,200,,2026-10-07T20:35:45.313Z,https://christitus.com/be-a-better-programmer/,,src/content/posts/2022/be-a-better-programmer.md
https://christitus.com/beautiful-bash/,retained,local-present,production build,200,,2026-10-07T20:35:45.313Z,https://christitus.com/beautiful-bash/,,src/content/posts/2022/beautiful-bash.md
https://christitus.com/benchmark-dns-server/,retained,local-present,production build,200,,2026-10-07T20:35:45.313Z,https://christitus.com/benchmark-dns-server/,,src/content/posts/2017/2017-03-09-benchmark-dns-server.md
https://christitus.com/best-browser-extensions/,retained,local-present,production build,200,,2026-10-07T20:35:45.313Z,https://christitus.com/best-browser-extensions/,,src/content/posts/2022/best-browser-extensions.md
https://christitus.com/best-package-manager/,retained,local-present,production build,200,,2026-10-07T20:35:45.313Z,https://christitus.com/best-package-manager/,,src/content/posts/2022/best-package-manager.md
https://christitus.com/block-razer-bloatware/,retained,local-present,production build,200,,2026-10-07T20:35:45.313Z,https://christitus.com/block-razer-bloatware/,,src/content/posts/2022/block-razer-bloatware.md
https://christitus.com/bootloader-themes/,retained,local-present,production build,200,,2026-10-07T20:35:45.313Z,https://christitus.com/bootloader-themes/,,src/content/posts/2021/bootloader-themes.md;src/content/posts/2022/choose-linux-distro.md
https://christitus.com/brave-origin-new-browser/,retained,local-present,production build,200,,2026-10-07T20:35:45.313Z,https://christitus.com/brave-origin-new-browser/,,src/content/posts/2026/brave-origin-new-browser.md
https://christitus.com/bspwm-on-KDE/,retained,local-present,production build,200,,2026-10-07T20:35:45.313Z,https://christitus.com/bspwm-on-KDE/,,src/content/posts/2021/bspwm-on-KDE.md
https://christitus.com/btrfs-guide/,retained,local-present,production build,200,,2026-10-07T20:35:45.313Z,https://christitus.com/btrfs-guide/,,src/content/posts/2020/btrfs-guide.md
https://christitus.com/buying-cheap-ebay-graphics-card/,retained,local-present,production build,200,,2026-10-07T20:35:45.313Z,https://christitus.com/buying-cheap-ebay-graphics-card/,,src/content/posts/2022/buying-cheap-ebay-graphics-card.md
https://christitus.com/bypass-paywalls/,retained,local-present,production build,200,,2026-10-07T20:35:45.313Z,https://christitus.com/bypass-paywalls/,,src/content/posts/2022/bypass-paywalls.md
https://christitus.com/change-cortana-search/,retained,local-present,production build,200,,2026-10-07T20:35:45.313Z,https://christitus.com/change-cortana-search/,,src/content/posts/2018/2018-10-17-change-cortana-search.md
https://christitus.com/change-wallpaper/,retained,local-present,production build,200,,2026-10-07T20:35:45.313Z,https://christitus.com/change-wallpaper/,,src/content/posts/2020/change-wallpaper.md
https://christitus.com/changes/,retained,local-present,production build,200,,2026-10-07T20:35:45.313Z,https://christitus.com/changes/,,src/content/posts/2023/changes.md
https://christitus.com/changing-file-permissions/,retained,local-present,production build,200,,2026-10-07T20:35:45.313Z,https://christitus.com/changing-file-permissions/,,src/content/posts/2018/2018-06-14-changing-file-permissions.md;src/content/posts/old/2014-01-13-take-ownership-windows.md
https://christitus.com/check-external-ip/,retained,local-present,production build,200,,2026-10-07T20:35:45.313Z,https://christitus.com/check-external-ip/,,src/content/posts/old/2015-09-14-check-external-ip.md
https://christitus.com/check-network-security/,retained,local-present,production build,200,,2026-10-07T20:35:45.313Z,https://christitus.com/check-network-security/,,src/content/posts/2026/check-network-security.md
https://christitus.com/chezmoi/,retained,local-present,production build,200,,2026-10-07T20:35:45.313Z,https://christitus.com/chezmoi/,,src/content/posts/2022/chezmoi.md
https://christitus.com/choose-linux-distro/,retained,local-present,production build,200,,2026-10-07T20:35:45.313Z,https://christitus.com/choose-linux-distro/,,src/content/posts/2022/choose-linux-distro.md
https://christitus.com/citrix-xencenter-error-ssl-secure-channel/,retained,local-present,production build,200,,2026-10-07T20:35:45.313Z,https://christitus.com/citrix-xencenter-error-ssl-secure-channel/,,src/content/posts/2016/2016-07-13-citrix-xencenter-error-ssl-secure-channel.md
https://christitus.com/clean-up-windows-10/,retained,local-present,production build,200,,2026-10-07T20:35:45.313Z,https://christitus.com/clean-up-windows-10/,,src/content/posts/2019/2019-10-14-clean-up-windows-10.md
https://christitus.com/cleaning-arch-linux/,retained,local-present,production build,200,,2026-10-07T20:35:45.313Z,https://christitus.com/cleaning-arch-linux/,,src/content/posts/2025/cleaning-arch-linux.md
https://christitus.com/cleanup-docker/,retained,local-present,production build,200,,2026-10-07T20:35:45.313Z,https://christitus.com/cleanup-docker/,,src/content/posts/2022/cleanup-docker.md
https://christitus.com/clickpaste/,retained,local-present,production build,200,,2026-10-07T20:35:45.313Z,https://christitus.com/clickpaste/,,src/content/posts/2022/clickpaste.md
https://christitus.com/cloud-migration/,retained,local-present,production build,200,,2026-10-07T20:35:45.313Z,https://christitus.com/cloud-migration/,,src/content/posts/2017/2017-02-27-cloud-migration.md
https://christitus.com/commiting-docker-images/,retained,local-present,production build,200,,2026-10-07T20:35:45.313Z,https://christitus.com/commiting-docker-images/,,src/content/posts/2018/2018-06-21-commiting-docker-images.md
https://christitus.com/common-computer-issues/,retained,local-present,production build,200,,2026-10-07T20:35:45.313Z,https://christitus.com/common-computer-issues/,,src/content/posts/2020/common-computer-issues.md
https://christitus.com/configuring-exchange-2019/,retained,local-present,production build,200,,2026-10-07T20:35:45.313Z,https://christitus.com/configuring-exchange-2019/,,src/content/posts/2018/2018-10-03-configuring-exchange-2019.md
https://christitus.com/configuring-sql-authentication/,retained,local-present,production build,200,,2026-10-07T20:35:45.313Z,https://christitus.com/configuring-sql-authentication/,,src/content/posts/old/2013-04-09-configuring-sql-authentication.md
https://christitus.com/configuring-windows-server-2016-core/,retained,local-present,production build,200,,2026-10-07T20:35:45.313Z,https://christitus.com/configuring-windows-server-2016-core/,,src/content/posts/2018/2018-09-28-configuring-windows-server-2016-core.md
https://christitus.com/create-iscsi-sr/,retained,local-present,production build,200,,2026-10-07T20:35:45.313Z,https://christitus.com/create-iscsi-sr/,,src/content/posts/2018/2018-10-09-create-iscsi-sr.md
https://christitus.com/create-swap-file/,retained,local-present,production build,200,,2026-10-07T20:35:45.313Z,https://christitus.com/create-swap-file/,,src/content/posts/2017/2017-02-14-create-swap-file.md
https://christitus.com/create-windows-service/,retained,local-present,production build,200,,2026-10-07T20:35:45.313Z,https://christitus.com/create-windows-service/,,src/content/posts/2020/create-windows-service.md
https://christitus.com/creating-a-secure-system/,retained,local-present,production build,200,,2026-10-07T20:35:45.313Z,https://christitus.com/creating-a-secure-system/,,src/content/posts/2023/creating-a-secure-system.md
https://christitus.com/crowdstrike-alternatives/,retained,local-present,production build,200,,2026-10-07T20:35:45.313Z,https://christitus.com/crowdstrike-alternatives/,,src/content/posts/2024/crowdstrike-alternatives.md;src/content/posts/2025/dangers-of-kernel-anticheat.md
https://christitus.com/cursor-editor/,retained,local-present,production build,200,,2026-10-07T20:35:45.313Z,https://christitus.com/cursor-editor/,,src/content/posts/2024/cursor-editor.md
https://christitus.com/custom-kernel/,retained,local-present,production build,200,,2026-10-07T20:35:45.313Z,https://christitus.com/custom-kernel/,,src/content/posts/2019/2019-09-28-custom-kernel.md
https://christitus.com/custom-vim/,retained,local-present,production build,200,,2026-10-07T20:35:45.313Z,https://christitus.com/custom-vim/,,src/content/posts/2020/custom-vim.md
https://christitus.com/customizing-steam-games-in-linux/,retained,local-present,production build,200,,2026-10-07T20:35:45.313Z,https://christitus.com/customizing-steam-games-in-linux/,,src/content/posts/2022/customizing-steam-games-in-linux.md
https://christitus.com/debloat-android/,retained,local-present,production build,200,,2026-10-07T20:35:45.313Z,https://christitus.com/debloat-android/,,src/content/posts/2020/debloat-android.md
https://christitus.com/debloat-windows-10-2020/,retained,local-present,production build,200,,2026-10-07T20:35:45.313Z,https://christitus.com/debloat-windows-10-2020/,,src/content/posts/2019/2019-10-14-clean-up-windows-10.md;src/content/posts/2020/debloat-windows10-2020.md
https://christitus.com/debloat-windows-10/,retained,local-present,production build,200,,2026-10-07T20:35:45.313Z,https://christitus.com/debloat-windows-10/,,src/content/posts/2018/2018-09-09-debloat-windows-10.md
https://christitus.com/degoogle-apps/,retained,local-present,production build,200,,2026-10-07T20:35:45.313Z,https://christitus.com/degoogle-apps/,,src/content/posts/2020/degoogle-apps.md
https://christitus.com/deploy-excel-macros/,retained,local-present,production build,200,,2026-10-07T20:35:45.313Z,https://christitus.com/deploy-excel-macros/,,src/content/posts/old/2014-07-01-deploy-excel-macros.md
https://christitus.com/disable-outlook-anywhere-in-group-policy-object-gpo/,retained,local-present,production build,200,,2026-10-07T20:35:45.313Z,https://christitus.com/disable-outlook-anywhere-in-group-policy-object-gpo/,,src/content/posts/old/2011-03-23-disable-outlook-anywhere-in-group-policy-object-gpo.md
https://christitus.com/disable-snaps/,retained,local-present,production build,200,,2026-10-07T20:35:45.313Z,https://christitus.com/disable-snaps/,,src/content/posts/2020/disable-snaps.md
https://christitus.com/disable-win-defender/,retained,local-present,production build,200,,2026-10-07T20:35:45.313Z,https://christitus.com/disable-win-defender/,,src/content/posts/2022/disable-win-defender.md
https://christitus.com/disable-windows-firewall-properly/,retained,local-present,production build,200,,2026-10-07T20:35:45.313Z,https://christitus.com/disable-windows-firewall-properly/,,src/content/posts/2018/2018-10-06-disable-windows-firewall-properly.md
https://christitus.com/dism-plus/,retained,local-present,production build,200,,2026-10-07T20:35:45.313Z,https://christitus.com/dism-plus/,,src/content/posts/2023/dism-plus.md
https://christitus.com/do-not-make-these-github-mistakes/,retained,local-present,production build,200,,2026-10-07T20:35:45.313Z,https://christitus.com/do-not-make-these-github-mistakes/,,src/content/posts/2023/do-not-makes-these-github-mistakes.md
https://christitus.com/docker-guide/,retained,local-present,production build,200,,2026-10-07T20:35:45.313Z,https://christitus.com/docker-guide/,,src/content/posts/2022/docker-guide.md
https://christitus.com/docker-macos/,retained,local-present,production build,200,,2026-10-07T20:35:45.313Z,https://christitus.com/docker-macos/,,src/content/posts/2022/docker-macos.md
https://christitus.com/doom-eternal-linux/,retained,local-present,production build,200,,2026-10-07T20:35:45.313Z,https://christitus.com/doom-eternal-linux/,,src/content/posts/2020/doom-eternal-linux.md
https://christitus.com/downloads,retained,local-present,production build,200,,2026-10-07T20:35:45.313Z,https://christitus.com/downloads/,,src/content/posts/2024/winutil-install.md
https://christitus.com/drivers-in-windows/,retained,local-present,production build,200,,2026-10-07T20:35:45.313Z,https://christitus.com/drivers-in-windows/,,src/content/posts/2024/drivers-in-windows.md
https://christitus.com/emoji/,retained,local-present,production build,200,,2026-10-07T20:35:45.313Z,https://christitus.com/emoji/,,src/content/posts/2020/emoji.md
https://christitus.com/enable-vrr-xorg/,retained,local-present,production build,200,,2026-10-07T20:35:45.313Z,https://christitus.com/enable-vrr-xorg/,,src/content/posts/2025/enable-vrr-xorg.md
https://christitus.com/encore-bandit-connection/,retained,local-present,production build,200,,2026-10-07T20:35:45.313Z,https://christitus.com/encore-bandit-connection/,,src/content/posts/2016/2016-03-17-encore-bandit-connection.md
https://christitus.com/enhanced-linux-in-windows/,retained,local-present,production build,200,,2026-10-07T20:35:45.313Z,https://christitus.com/enhanced-linux-in-windows/,,src/content/posts/2024/enhanced-linux-in-windows.md
https://christitus.com/error-0x800f0906/,retained,local-present,production build,200,,2026-10-07T20:35:45.313Z,https://christitus.com/error-0x800f0906/,,src/content/posts/old/2013-07-01-error-0x800f0906.md
https://christitus.com/everything-toolbar/,retained,local-present,production build,200,,2026-10-07T20:35:45.313Z,https://christitus.com/everything-toolbar/,,src/content/posts/2023/everything-toolbar.md
https://christitus.com/exchange-primary-domain-controller/,retained,local-present,production build,200,,2026-10-07T20:35:45.313Z,https://christitus.com/exchange-primary-domain-controller/,,src/content/posts/old/2012-07-26-exchange-primary-domain-controller.md
https://christitus.com/exclude-shared-mailboxes-exchange/,retained,local-present,production build,200,,2026-10-07T20:35:45.313Z,https://christitus.com/exclude-shared-mailboxes-exchange/,,src/content/posts/2016/2016-10-31-exclude-shared-mailboxes-exchange.md
https://christitus.com/ext4-in-windows/,retained,local-present,production build,200,,2026-10-07T20:35:45.313Z,https://christitus.com/ext4-in-windows/,,src/content/posts/2023/ext4-in-windows.md
https://christitus.com/files/stopedge.zip,retained,local-present,production build,200,,2026-10-07T20:35:45.313Z,https://christitus.com/files/stopedge.zip,,src/content/posts/2021/uninstall-edge.md
https://christitus.com/files/win11bypass.zip,retained,local-present,production build,200,,2026-10-07T20:35:45.313Z,https://christitus.com/files/win11bypass.zip,,src/content/posts/2021/update-any-pc-to-windows11.md
https://christitus.com/files/windefender_disable.reg,retained,local-present,production build,200,,2026-10-07T20:35:45.313Z,https://christitus.com/files/windefender_disable.reg,,src/content/posts/2022/disable-win-defender.md
https://christitus.com/find-command-linux-terminal/,retained,local-present,production build,200,,2026-10-07T20:35:45.313Z,https://christitus.com/find-command-linux-terminal/,,src/content/posts/old/2014-02-21-find-command-linux-terminal.md
https://christitus.com/fitness-transformation/,retained,local-present,production build,200,,2026-10-07T20:35:45.313Z,https://christitus.com/fitness-transformation/,,src/content/posts/2023/fitness-transformation.md
https://christitus.com/fix-corrupt-windows-install/,retained,local-present,production build,200,,2026-10-07T20:35:45.313Z,https://christitus.com/fix-corrupt-windows-install/,,src/content/posts/2022/fix-corrupt-windows-install.md
https://christitus.com/fix-libGL-errors/,retained,local-present,production build,200,,2026-10-07T20:35:45.313Z,https://christitus.com/fix-libGL-errors/,,src/content/posts/2022/fix-libGL0-error.md
https://christitus.com/fix-nfs-network-drives/,retained,local-present,production build,200,,2026-10-07T20:35:45.313Z,https://christitus.com/fix-nfs-network-drives/,,src/content/posts/2026/fix-nfs-network-drives.md
https://christitus.com/fix-screen-tearing-linux/,retained,local-present,production build,200,,2026-10-07T20:35:45.313Z,https://christitus.com/fix-screen-tearing-linux/,,src/content/posts/2023/fix-screen-tearing-linux.md
https://christitus.com/fix-ticwatch-lag/,retained,local-present,production build,200,,2026-10-07T20:35:45.313Z,https://christitus.com/fix-ticwatch-lag/,,src/content/posts/2020/fix-ticwatch-lag.md
https://christitus.com/flatseal-required-flatpak-addon/,retained,local-present,production build,200,,2026-10-07T20:35:45.313Z,https://christitus.com/flatseal-required-flatpak-addon/,,src/content/posts/2023/flatseal-required-flatpak-addon.md
https://christitus.com/force-active-directory-sync/,retained,local-present,production build,200,,2026-10-07T20:35:45.313Z,https://christitus.com/force-active-directory-sync/,,src/content/posts/2016/2016-10-07-force-active-directory-sync.md
https://christitus.com/freedesktop-bans-hyprland/,retained,local-present,production build,200,,2026-10-07T20:35:45.313Z,https://christitus.com/freedesktop-bans-hyprland/,,src/content/posts/2024/freedesktop-bans-hyprland.md
https://christitus.com/ftp-credentials-required/,retained,local-present,production build,200,,2026-10-07T20:35:45.313Z,https://christitus.com/ftp-credentials-required/,,src/content/posts/old/2015-12-03-ftp-credentials-required.md
https://christitus.com/full-screen-rdp/,retained,local-present,production build,200,,2026-10-07T20:35:45.313Z,https://christitus.com/full-screen-rdp/,,src/content/posts/old/2013-04-09-full-screen-rdp.md
https://christitus.com/future-internet/,retained,local-present,production build,200,,2026-10-07T20:35:45.313Z,https://christitus.com/future-internet/,,src/content/posts/2022/future-internet.md
https://christitus.com/garmin-express-linux/,retained,local-present,production build,200,,2026-10-07T20:35:45.313Z,https://christitus.com/garmin-express-linux/,,src/content/posts/2019/2019-02-15-garmin-express-linux.md
https://christitus.com/geforce-now-linux/,retained,local-present,production build,200,,2026-10-07T20:35:45.313Z,https://christitus.com/geforce-now-linux/,,src/content/posts/2020/geforce-now-linux.md
https://christitus.com/gfi-archiver-resource-usage/,retained,local-present,production build,200,,2026-10-07T20:35:45.313Z,https://christitus.com/gfi-archiver-resource-usage/,,src/content/posts/old/2015-03-06-gfi-archiver-resource-usage.md
https://christitus.com/github-copilot-on-linux/,retained,local-present,production build,200,,2026-10-07T20:35:45.313Z,https://christitus.com/github-copilot-on-linux/,,src/content/posts/2026/github-copilot-on-linux.md
https://christitus.com/glazewm-tiling-window-management/,retained,local-present,production build,200,,2026-10-07T20:35:45.313Z,https://christitus.com/glazewm-tiling-window-management/,,src/content/posts/2024/glazewm-tiling-window-management.md
https://christitus.com/google-chrome-update-69-address-bar-and-how-to-fix-it/,retained,local-present,production build,200,,2026-10-07T20:35:45.313Z,https://christitus.com/google-chrome-update-69-address-bar-and-how-to-fix-it/,,src/content/posts/2018/2018-09-12-google-chrome-update-69-address-bar-and-how-to-fix-it.md
https://christitus.com/grant-full-access-public-folders/,retained,local-present,production build,200,,2026-10-07T20:35:45.313Z,https://christitus.com/grant-full-access-public-folders/,,src/content/posts/2016/2016-07-04-grant-full-access-public-folders.md
https://christitus.com/grub-rescue/,retained,local-present,production build,200,,2026-10-07T20:35:45.313Z,https://christitus.com/grub-rescue/,,src/content/posts/2019/2019-04-01-grub-rescue.md
https://christitus.com/hackintosh-ryzen-install/,retained,local-present,production build,200,,2026-10-07T20:35:45.313Z,https://christitus.com/hackintosh-ryzen-install/,,src/content/posts/2019/2019-10-28-hackintosh-ryzen-install.md
https://christitus.com/hardest-game-to-play-on-steamdeck/,retained,local-present,production build,200,,2026-10-07T20:35:45.313Z,https://christitus.com/hardest-game-to-play-on-steamdeck/,,src/content/posts/2023/hardest-game-to-play-on-steamdeck.md
https://christitus.com/hastebin/,retained,local-present,production build,200,,2026-10-07T20:35:45.313Z,https://christitus.com/hastebin/,,src/content/posts/2024/hastebin.md
https://christitus.com/hate-linux-distributions/,retained,local-present,production build,200,,2026-10-07T20:35:45.313Z,https://christitus.com/hate-linux-distributions/,,src/content/posts/2022/hate-linux-distributions.md
https://christitus.com/hide-system-reserved-partition/,retained,local-present,production build,200,,2026-10-07T20:35:45.313Z,https://christitus.com/hide-system-reserved-partition/,,src/content/posts/old/2014-06-26-hide-system-reserved-partition.md
https://christitus.com/home-theater-pc/,retained,local-present,production build,200,,2026-10-07T20:35:45.313Z,https://christitus.com/home-theater-pc/,,src/content/posts/2024/home-theater-pc.md
https://christitus.com/how-i-setup-my-website/,retained,local-present,production build,200,,2026-10-07T20:35:45.313Z,https://christitus.com/how-i-setup-my-website/,,src/content/posts/2022/how-i-setup-my-website.md;src/content/posts/2026/i-rebuilt-my-website-in-astro-was-it-worth-it.md
https://christitus.com/how-i-use-linux/,retained,local-present,production build,200,,2026-10-07T20:35:45.313Z,https://christitus.com/how-i-use-linux/,,src/content/posts/2026/how-i-use-linux.md
https://christitus.com/how-to-benchmark-in-linux/,retained,local-present,production build,200,,2026-10-07T20:35:45.313Z,https://christitus.com/how-to-benchmark-in-linux/,,src/content/posts/2026/how-to-benchmark-in-linux.md
https://christitus.com/how-to-install-xen-orchestra/,retained,local-present,production build,200,,2026-10-07T20:35:45.313Z,https://christitus.com/how-to-install-xen-orchestra/,,src/content/posts/2018/2018-10-11-how-to-install-xen-orchestra.md
https://christitus.com/how-vulnerable-windows-users-are-by-update/,retained,local-present,production build,200,,2026-10-07T20:35:45.313Z,https://christitus.com/how-vulnerable-windows-users-are-by-update/,,src/content/posts/2025/how-vulnerable-windows-users-are-by-update.md
https://christitus.com/hugo-guide/,retained,local-present,production build,200,,2026-10-07T20:35:45.313Z,https://christitus.com/hugo-guide/,,src/content/posts/2020/hugo-guide.md;src/content/posts/2022/how-i-setup-my-website.md
https://christitus.com/hyprland-monitor-config/,retained,local-present,production build,200,,2026-10-07T20:35:45.313Z,https://christitus.com/hyprland-monitor-config/,,src/content/posts/2025/hyprland-monitor-config.md
https://christitus.com/i-rebuilt-my-website-in-astro-was-it-worth-it/,retained,local-present,production build,200,,2026-10-07T20:35:45.313Z,https://christitus.com/i-rebuilt-my-website-in-astro-was-it-worth-it/,,src/content/posts/2026/i-rebuilt-my-website-in-astro-was-it-worth-it.md
https://christitus.com/ideas/,retained,local-present,production build,200,,2026-10-07T20:35:45.313Z,https://christitus.com/ideas/,,src/content/posts/old/ideas.md
https://christitus.com/idrac-dell-server/,retained,local-present,production build,200,,2026-10-07T20:35:45.313Z,https://christitus.com/idrac-dell-server/,,src/content/posts/old/2015-03-24-idrac-dell-server.md
https://christitus.com/im-sorry-netlify/,retained,local-present,production build,200,,2026-10-07T20:35:45.313Z,https://christitus.com/im-sorry-netlify/,,src/content/posts/2023/im-sorry-netlify.md
https://christitus.com/images/2011/10/not-a-valid-short-file-name.webp,retained,local-present,production build,200,,2026-10-07T20:35:45.313Z,https://christitus.com/images/2011/10/not-a-valid-short-file-name.webp,,src/content/posts/old/2011-10-13-valid-short-file-name.md
https://christitus.com/images/2011/11/business-code-codes-207580.webp,retained,local-present,production build,200,,2026-10-07T20:35:45.313Z,https://christitus.com/images/2011/11/business-code-codes-207580.webp,,src/content/posts/2018/2018-10-18-install-linux-first-time.md
https://christitus.com/images/2012/01/kernal-panic-mac-osx.webp,retained,local-present,production build,200,,2026-10-07T20:35:45.313Z,https://christitus.com/images/2012/01/kernal-panic-mac-osx.webp,,src/content/posts/old/2012-01-24-kernel-panic-mac-osx.md
https://christitus.com/images/2012/07/hosted-exchange-logo1.webp,retained,local-present,production build,200,,2026-10-07T20:35:45.313Z,https://christitus.com/images/2012/07/hosted-exchange-logo1.webp,,src/content/posts/old/2012-07-26-exchange-primary-domain-controller.md
https://christitus.com/images/2012/09/refresh-pc.webp,retained,local-present,production build,200,,2026-10-07T20:35:45.313Z,https://christitus.com/images/2012/09/refresh-pc.webp,,src/content/posts/old/2012-09-26-windows-refresh-pc.md
https://christitus.com/images/2012/09/windows-reset-pc.webp,retained,local-present,production build,200,,2026-10-07T20:35:45.313Z,https://christitus.com/images/2012/09/windows-reset-pc.webp,,src/content/posts/old/2012-09-26-windows-refresh-pc.md
https://christitus.com/images/2012/10/windows-store.webp,retained,local-present,production build,200,,2026-10-07T20:35:45.313Z,https://christitus.com/images/2012/10/windows-store.webp,,src/content/posts/old/2012-10-12-windows-store-not-loading.md
https://christitus.com/images/2013/04/MAIS-Queue-Folder.webp,retained,local-present,production build,200,,2026-10-07T20:35:45.313Z,https://christitus.com/images/2013/04/MAIS-Queue-Folder.webp,,src/content/posts/old/2013-04-09-mais-queue-folder.md
https://christitus.com/images/2013/04/Moving-GFI-MailArchiver.webp,retained,local-present,production build,200,,2026-10-07T20:35:45.313Z,https://christitus.com/images/2013/04/Moving-GFI-MailArchiver.webp,,src/content/posts/old/2013-04-09-moving-gfi-mailarchiver.md
https://christitus.com/images/2013/04/error.webp,retained,local-present,production build,200,,2026-10-07T20:35:45.313Z,https://christitus.com/images/2013/04/error.webp,,src/content/posts/old/2013-04-04-update-is-pending.md
https://christitus.com/images/2013/04/gfi.webp,retained,local-present,production build,200,,2026-10-07T20:35:45.313Z,https://christitus.com/images/2013/04/gfi.webp,,src/content/posts/old/2013-04-09-moving-gfi-mailarchiver.md
https://christitus.com/images/2013/04/map-network-drive-windows.webp,retained,local-present,production build,200,,2026-10-07T20:35:45.313Z,https://christitus.com/images/2013/04/map-network-drive-windows.webp,,src/content/posts/old/2013-04-15-rename-folders-mapped-drive.md
https://christitus.com/images/2013/04/rdp.webp,retained,local-present,production build,200,,2026-10-07T20:35:45.313Z,https://christitus.com/images/2013/04/rdp.webp,,src/content/posts/old/2013-04-09-full-screen-rdp.md
https://christitus.com/images/2013/04/sql-authentication.webp,retained,local-present,production build,200,,2026-10-07T20:35:45.313Z,https://christitus.com/images/2013/04/sql-authentication.webp,,src/content/posts/old/2013-04-09-configuring-sql-authentication.md
https://christitus.com/images/2013/07/net_top.webp,retained,local-present,production build,200,,2026-10-07T20:35:45.313Z,https://christitus.com/images/2013/07/net_top.webp,,src/content/posts/old/2013-07-01-error-0x800f0906.md
https://christitus.com/images/2013/08/33937_Vx510hero-e1375896480531.webp,retained,local-present,production build,200,,2026-10-07T20:35:45.313Z,https://christitus.com/images/2013/08/33937_Vx510hero-e1375896480531.webp,,src/content/posts/old/2013-08-07-verifone-vx510-add-9.md
https://christitus.com/images/2013/12/microsoft_exchange_header_contentfullwidth.webp,retained,local-present,production build,200,,2026-10-07T20:35:45.313Z,https://christitus.com/images/2013/12/microsoft_exchange_header_contentfullwidth.webp,,src/content/posts/2016/2016-07-04-grant-full-access-public-folders.md;src/content/posts/old/2013-12-09-outlook-security-certificate.md
https://christitus.com/images/2014/01/logo-Exchange-Color.webp,retained,local-present,production build,200,,2026-10-07T20:35:45.313Z,https://christitus.com/images/2014/01/logo-Exchange-Color.webp,,src/content/posts/2016/2016-10-31-exclude-shared-mailboxes-exchange.md
https://christitus.com/images/2014/01/ownership.webp,retained,local-present,production build,200,,2026-10-07T20:35:45.313Z,https://christitus.com/images/2014/01/ownership.webp,,src/content/posts/old/2014-01-13-take-ownership-windows.md
https://christitus.com/images/2014/02/putty-terminals.webp,retained,local-present,production build,200,,2026-10-07T20:35:45.313Z,https://christitus.com/images/2014/02/putty-terminals.webp,,src/content/posts/old/2014-02-21-find-command-linux-terminal.md
https://christitus.com/images/2014/06/hard-disk-partition.webp,retained,local-present,production build,200,,2026-10-07T20:35:45.313Z,https://christitus.com/images/2014/06/hard-disk-partition.webp,,src/content/posts/old/2014-06-26-hide-system-reserved-partition.md
https://christitus.com/images/2014/07/Excel-icon.webp,retained,local-present,production build,200,,2026-10-07T20:35:45.313Z,https://christitus.com/images/2014/07/Excel-icon.webp,,src/content/posts/old/2014-07-01-deploy-excel-macros.md
https://christitus.com/images/2014/12/RAID1.webp,retained,local-present,production build,200,,2026-10-07T20:35:45.313Z,https://christitus.com/images/2014/12/RAID1.webp,,src/content/posts/old/2014-12-28-windows-software-raid.md
https://christitus.com/images/2014/12/resyncing.webp,retained,local-present,production build,200,,2026-10-07T20:35:45.313Z,https://christitus.com/images/2014/12/resyncing.webp,,src/content/posts/old/2014-12-28-windows-software-raid.md
https://christitus.com/images/2015/03/Dell-iDRAC.webp,retained,local-present,production build,200,,2026-10-07T20:35:45.313Z,https://christitus.com/images/2015/03/Dell-iDRAC.webp,,src/content/posts/old/2015-03-24-idrac-dell-server.md
https://christitus.com/images/2015/03/MAR-new_logo.webp,retained,local-present,production build,200,,2026-10-07T20:35:45.313Z,https://christitus.com/images/2015/03/MAR-new_logo.webp,,src/content/posts/old/2015-03-06-gfi-archiver-resource-usage.md
https://christitus.com/images/2015/03/idrac.webp,retained,local-present,production build,200,,2026-10-07T20:35:45.313Z,https://christitus.com/images/2015/03/idrac.webp,,src/content/posts/old/2015-03-24-idrac-dell-server.md
https://christitus.com/images/2015/07/SFC-scannow-error.webp,retained,local-present,production build,200,,2026-10-07T20:35:45.313Z,https://christitus.com/images/2015/07/SFC-scannow-error.webp,,src/content/posts/old/2015-07-25-sfc-scannow-error.md
https://christitus.com/images/2015/07/win10slim.webp,retained,local-present,production build,200,,2026-10-07T20:35:45.313Z,https://christitus.com/images/2015/07/win10slim.webp,,src/content/posts/old/2015-07-25-sfc-scannow-error.md
https://christitus.com/images/2015/09/ipaddress.webp,retained,local-present,production build,200,,2026-10-07T20:35:45.313Z,https://christitus.com/images/2015/09/ipaddress.webp,,src/content/posts/old/2015-09-14-check-external-ip.md
https://christitus.com/images/2015/12/ftp-creds.webp,retained,local-present,production build,200,,2026-10-07T20:35:45.313Z,https://christitus.com/images/2015/12/ftp-creds.webp,,src/content/posts/old/2015-12-03-ftp-credentials-required.md
https://christitus.com/images/2015/12/move-wordpress-site.webp,retained,local-present,production build,200,,2026-10-07T20:35:45.313Z,https://christitus.com/images/2015/12/move-wordpress-site.webp,,src/content/posts/old/2015-12-25-move-website-linux-iis.md
https://christitus.com/images/2016/03/bandit3.webp,retained,local-present,production build,200,,2026-10-07T20:35:45.313Z,https://christitus.com/images/2016/03/bandit3.webp,,src/content/posts/2016/2016-03-17-encore-bandit-connection.md
https://christitus.com/images/2016/07/autodiscover-redirect-prompt.webp,retained,local-present,production build,200,,2026-10-07T20:35:45.313Z,https://christitus.com/images/2016/07/autodiscover-redirect-prompt.webp,,src/content/posts/2016/2016-07-04-prevent-autodiscover-exchange-server.md
https://christitus.com/images/2016/07/dcreplication.webp,retained,local-present,production build,200,,2026-10-07T20:35:45.313Z,https://christitus.com/images/2016/07/dcreplication.webp,,src/content/posts/2016/2016-07-21-target-account-name-domain-controller-error.md
https://christitus.com/images/2016/07/xenserver.webp,retained,local-present,production build,200,,2026-10-07T20:35:45.313Z,https://christitus.com/images/2016/07/xenserver.webp,,src/content/posts/2016/2016-07-13-citrix-xencenter-error-ssl-secure-channel.md;src/content/posts/2016/2016-08-03-reattach-lvm-xenserver.md;src/content/posts/2016/2016-08-03-xenserver-tapdisk-error.md;src/content/posts/2018/2018-10-01-xenserver-cannot-connect.md
https://christitus.com/images/2016/08/cleanup-space-on-server.webp,retained,local-present,production build,200,,2026-10-07T20:35:45.313Z,https://christitus.com/images/2016/08/cleanup-space-on-server.webp,,src/content/posts/2016/2016-08-03-winsxs-free-space-server.md
https://christitus.com/images/2016/09/iis_rewrite.webp,retained,local-present,production build,200,,2026-10-07T20:35:45.313Z,https://christitus.com/images/2016/09/iis_rewrite.webp,,src/content/posts/2016/2016-09-18-windows-10-iis-rewrite-error.md
https://christitus.com/images/2016/10/ActiveDirecotry2.webp,retained,local-present,production build,200,,2026-10-07T20:35:45.313Z,https://christitus.com/images/2016/10/ActiveDirecotry2.webp,,src/content/posts/2016/2016-10-07-force-active-directory-sync.md
https://christitus.com/images/2016/10/exclude-shared-mailboxes.webp,retained,local-present,production build,200,,2026-10-07T20:35:45.313Z,https://christitus.com/images/2016/10/exclude-shared-mailboxes.webp,,src/content/posts/2016/2016-10-31-exclude-shared-mailboxes-exchange.md
https://christitus.com/images/2016/11/citrix-netscaler.webp,retained,local-present,production build,200,,2026-10-07T20:35:45.313Z,https://christitus.com/images/2016/11/citrix-netscaler.webp,,src/content/posts/2016/2016-11-12-update-netscaler-vpx.md
https://christitus.com/images/2016/11/netscaler1.webp,retained,local-present,production build,200,,2026-10-07T20:35:45.313Z,https://christitus.com/images/2016/11/netscaler1.webp,,src/content/posts/2016/2016-11-12-update-netscaler-vpx.md
https://christitus.com/images/2016/11/netscaler2.webp,retained,local-present,production build,200,,2026-10-07T20:35:45.313Z,https://christitus.com/images/2016/11/netscaler2.webp,,src/content/posts/2016/2016-11-12-update-netscaler-vpx.md
https://christitus.com/images/2017/02/datacenter.webp,retained,local-present,production build,200,,2026-10-07T20:35:45.313Z,https://christitus.com/images/2017/02/datacenter.webp,,src/content/posts/2017/2017-02-27-cloud-migration.md
https://christitus.com/images/2017/02/pc-solution.webp,retained,local-present,production build,200,,2026-10-07T20:35:45.313Z,https://christitus.com/images/2017/02/pc-solution.webp,,src/content/posts/2017/2017-02-27-cloud-migration.md
https://christitus.com/images/2017/02/swapfile.webp,retained,local-present,production build,200,,2026-10-07T20:35:45.313Z,https://christitus.com/images/2017/02/swapfile.webp,,src/content/posts/2017/2017-02-14-create-swap-file.md
https://christitus.com/images/2017/02/tangled.webp,retained,local-present,production build,200,,2026-10-07T20:35:45.313Z,https://christitus.com/images/2017/02/tangled.webp,,src/content/posts/2017/2017-02-27-cloud-migration.md
https://christitus.com/images/2017/03/Secure-DNS.webp,retained,local-present,production build,200,,2026-10-07T20:35:45.313Z,https://christitus.com/images/2017/03/Secure-DNS.webp,,src/content/posts/2017/2017-03-09-benchmark-dns-server.md
https://christitus.com/images/2017/03/dnsresults.webp,retained,local-present,production build,200,,2026-10-07T20:35:45.313Z,https://christitus.com/images/2017/03/dnsresults.webp,,src/content/posts/2017/2017-03-09-benchmark-dns-server.md
https://christitus.com/images/2017/03/runasadmin.webp,retained,local-present,production build,200,,2026-10-07T20:35:45.313Z,https://christitus.com/images/2017/03/runasadmin.webp,,src/content/posts/2017/2017-03-26-run-as-administrator.md
https://christitus.com/images/2017/05/Spooler-subsystem-app.webp,retained,local-present,production build,200,,2026-10-07T20:35:45.313Z,https://christitus.com/images/2017/05/Spooler-subsystem-app.webp,,src/content/posts/2017/2017-05-02-spooler-subsystem-app-cpu-usage.md
https://christitus.com/images/2017/06/Nagios-Logo.webp,retained,local-present,production build,200,,2026-10-07T20:35:45.313Z,https://christitus.com/images/2017/06/Nagios-Logo.webp,,src/content/posts/2017/2017-06-23-nvidia-smi-nagios.md
https://christitus.com/images/2017/06/script.webp,retained,local-present,production build,200,,2026-10-07T20:35:45.313Z,https://christitus.com/images/2017/06/script.webp,,src/content/posts/2017/2017-06-23-nvidia-smi-nagios.md
https://christitus.com/images/2017/06/troubleshooting-nagios.webp,retained,local-present,production build,200,,2026-10-07T20:35:45.313Z,https://christitus.com/images/2017/06/troubleshooting-nagios.webp,,src/content/posts/2017/2017-06-21-troubleshooting-nagios.md
https://christitus.com/images/2017/07/ADP-Enable.webp,retained,local-present,production build,200,,2026-10-07T20:35:45.313Z,https://christitus.com/images/2017/07/ADP-Enable.webp,,src/content/posts/2017/2017-07-10-amazon-fire-launcher.md
https://christitus.com/images/2017/07/HijackLauncher.webp,retained,local-present,production build,200,,2026-10-07T20:35:45.313Z,https://christitus.com/images/2017/07/HijackLauncher.webp,,src/content/posts/2017/2017-07-10-amazon-fire-launcher.md
https://christitus.com/images/2017/07/Search-Play.webp,retained,local-present,production build,200,,2026-10-07T20:35:45.313Z,https://christitus.com/images/2017/07/Search-Play.webp,,src/content/posts/2017/2017-07-10-amazon-fire-launcher.md
https://christitus.com/images/2017/07/Unknown-Sources.webp,retained,local-present,production build,200,,2026-10-07T20:35:45.313Z,https://christitus.com/images/2017/07/Unknown-Sources.webp,,src/content/posts/2017/2017-07-10-amazon-fire-launcher.md
https://christitus.com/images/2017/08/microsoft-Msyql-server.webp,retained,local-present,production build,200,,2026-10-07T20:35:45.313Z,https://christitus.com/images/2017/08/microsoft-Msyql-server.webp,,src/content/posts/2017/2017-08-31-taking-databases-offline-sql-query.md
https://christitus.com/images/2017/11/jsonapi.webp,retained,local-present,production build,200,,2026-10-07T20:35:45.313Z,https://christitus.com/images/2017/11/jsonapi.webp,,src/content/posts/2017/2017-11-28-api-json-call.md
https://christitus.com/images/2018/06/changing-file-permissions.webp,retained,local-present,production build,200,,2026-10-07T20:35:45.313Z,https://christitus.com/images/2018/06/changing-file-permissions.webp,,src/content/posts/2018/2018-06-14-changing-file-permissions.md
https://christitus.com/images/2018/06/docker-logo.webp,retained,local-present,production build,200,,2026-10-07T20:35:45.313Z,https://christitus.com/images/2018/06/docker-logo.webp,,src/content/posts/2018/2018-06-21-commiting-docker-images.md
https://christitus.com/images/2018/06/docker.webp,retained,local-present,production build,200,,2026-10-07T20:35:45.313Z,https://christitus.com/images/2018/06/docker.webp,,src/content/posts/2018/2018-06-21-commiting-docker-images.md
https://christitus.com/images/2018/06/reset-unifi.webp,retained,local-present,production build,200,,2026-10-07T20:35:45.313Z,https://christitus.com/images/2018/06/reset-unifi.webp,,src/content/posts/2018/2018-06-21-moving-unifi-access-point.md
https://christitus.com/images/2018/06/unifi-ap.webp,retained,local-present,production build,200,,2026-10-07T20:35:45.313Z,https://christitus.com/images/2018/06/unifi-ap.webp,,src/content/posts/2018/2018-06-21-moving-unifi-access-point.md
https://christitus.com/images/2018/06/unifi-set-inform.webp,retained,local-present,production build,200,,2026-10-07T20:35:45.313Z,https://christitus.com/images/2018/06/unifi-set-inform.webp,,src/content/posts/2018/2018-06-21-moving-unifi-access-point.md
https://christitus.com/images/2018/06/windows-server-2016.webp,retained,local-present,production build,200,,2026-10-07T20:35:45.313Z,https://christitus.com/images/2018/06/windows-server-2016.webp,,src/content/posts/2018/2018-06-20-windows-server-2016-core-remote.md
https://christitus.com/images/2018/07/reboot-select-proper-boot-device-rcm992x0-min-300x190.webp,retained,local-present,production build,200,,2026-10-07T20:35:45.313Z,https://christitus.com/images/2018/07/reboot-select-proper-boot-device-rcm992x0-min-300x190.webp,,src/content/posts/2018/2018-07-02-repair-windows-boot-partition.md
https://christitus.com/images/2018/08/Asterisk_003.webp,retained,local-present,production build,200,,2026-10-07T20:35:45.313Z,https://christitus.com/images/2018/08/Asterisk_003.webp,,src/content/posts/2018/2018-08-17-remove-asterisk.md
https://christitus.com/images/2018/09/Letsencrypt.webp,retained,local-present,production build,200,,2026-10-07T20:35:45.313Z,https://christitus.com/images/2018/09/Letsencrypt.webp,,src/content/posts/2018/2018-09-13-issuing-ssl-certs.md
https://christitus.com/images/2018/09/VPN.webp,retained,local-present,production build,200,,2026-10-07T20:35:45.313Z,https://christitus.com/images/2018/09/VPN.webp,,src/content/posts/2018/2018-09-10-setup-always-on-vpn.md
https://christitus.com/images/2018/09/XCP-ng.webp,retained,local-present,production build,200,,2026-10-07T20:35:45.313Z,https://christitus.com/images/2018/09/XCP-ng.webp,,src/content/posts/2018/2018-09-09-xenserver-xcp-ng-first-vm-install.md
https://christitus.com/images/2018/09/apache.webp,retained,local-present,production build,200,,2026-10-07T20:35:45.313Z,https://christitus.com/images/2018/09/apache.webp,,src/content/posts/2018/2018-09-26-apache-mpm-prefork.md
https://christitus.com/images/2018/09/apache2.webp,retained,local-present,production build,200,,2026-10-07T20:35:45.313Z,https://christitus.com/images/2018/09/apache2.webp,,src/content/posts/2018/2018-09-26-apache-mpm-prefork.md
https://christitus.com/images/2018/09/chrome.webp,retained,local-present,production build,200,,2026-10-07T20:35:45.313Z,https://christitus.com/images/2018/09/chrome.webp,,src/content/posts/2018/2018-09-12-google-chrome-update-69-address-bar-and-how-to-fix-it.md
https://christitus.com/images/2018/09/debloatwin10cmd.webp,retained,local-present,production build,200,,2026-10-07T20:35:45.313Z,https://christitus.com/images/2018/09/debloatwin10cmd.webp,,src/content/posts/2018/2018-09-09-debloat-windows-10.md
https://christitus.com/images/2018/09/googlecloudplatform.webp,retained,local-present,production build,200,,2026-10-07T20:35:45.313Z,https://christitus.com/images/2018/09/googlecloudplatform.webp,,src/content/posts/2018/2018-09-11-intro-google-cloud-platform.md
https://christitus.com/images/2018/09/htaccess.webp,retained,local-present,production build,200,,2026-10-07T20:35:45.313Z,https://christitus.com/images/2018/09/htaccess.webp,,src/content/posts/2018/2018-09-23-perfect-htaccess.md
https://christitus.com/images/2018/09/iometer-2.webp,retained,local-present,production build,200,,2026-10-07T20:35:45.313Z,https://christitus.com/images/2018/09/iometer-2.webp,,src/content/posts/2018/2018-09-14-using-iometer.md
https://christitus.com/images/2018/09/iometer4.webp,retained,local-present,production build,200,,2026-10-07T20:35:45.313Z,https://christitus.com/images/2018/09/iometer4.webp,,src/content/posts/2018/2018-09-14-using-iometer.md
https://christitus.com/images/2018/09/isometer1.webp,retained,local-present,production build,200,,2026-10-07T20:35:45.313Z,https://christitus.com/images/2018/09/isometer1.webp,,src/content/posts/2018/2018-09-14-using-iometer.md
https://christitus.com/images/2018/09/isometer2.webp,retained,local-present,production build,200,,2026-10-07T20:35:45.313Z,https://christitus.com/images/2018/09/isometer2.webp,,src/content/posts/2018/2018-09-14-using-iometer.md
https://christitus.com/images/2018/09/isometer3.webp,retained,local-present,production build,200,,2026-10-07T20:35:45.313Z,https://christitus.com/images/2018/09/isometer3.webp,,src/content/posts/2018/2018-09-14-using-iometer.md
https://christitus.com/images/2018/09/remove-win10-bloatware.webp,retained,local-present,production build,200,,2026-10-07T20:35:45.313Z,https://christitus.com/images/2018/09/remove-win10-bloatware.webp,,src/content/posts/2018/2018-09-09-debloat-windows-10.md
https://christitus.com/images/2018/09/screen-sketch.webp,retained,local-present,production build,200,,2026-10-07T20:35:45.313Z,https://christitus.com/images/2018/09/screen-sketch.webp,,src/content/posts/2018/2018-09-18-snipping-tool-removed.md
https://christitus.com/images/2018/09/snipping-tool-keyboard-shortcuts-in-Windows-10_thumb.webp,retained,local-present,production build,200,,2026-10-07T20:35:45.313Z,https://christitus.com/images/2018/09/snipping-tool-keyboard-shortcuts-in-Windows-10_thumb.webp,,src/content/posts/2018/2018-09-18-snipping-tool-removed.md
https://christitus.com/images/2018/09/virtualization.webp,retained,local-present,production build,200,,2026-10-07T20:35:45.313Z,https://christitus.com/images/2018/09/virtualization.webp,,src/content/posts/2018/2018-09-07-virtualization-introduction.md
https://christitus.com/images/2018/09/windows-server-2016-guide.webp,retained,local-present,production build,200,,2026-10-07T20:35:45.313Z,https://christitus.com/images/2018/09/windows-server-2016-guide.webp,,src/content/posts/2018/2018-09-28-configuring-windows-server-2016-core.md
https://christitus.com/images/2018/09/windows-server-2016.webp,retained,local-present,production build,200,,2026-10-07T20:35:45.313Z,https://christitus.com/images/2018/09/windows-server-2016.webp,,src/content/posts/2018/2018-09-28-configuring-windows-server-2016-core.md
https://christitus.com/images/2018/09/winubuntu.webp,retained,local-present,production build,200,,2026-10-07T20:35:45.313Z,https://christitus.com/images/2018/09/winubuntu.webp,,src/content/posts/2018/2018-09-11-installing-linux-subsystem.md
https://christitus.com/images/2018/10/Exchange-Server-2019.webp,retained,local-present,production build,200,,2026-10-07T20:35:45.313Z,https://christitus.com/images/2018/10/Exchange-Server-2019.webp,,src/content/posts/2018/2018-10-03-configuring-exchange-2019.md
https://christitus.com/images/2018/10/change-cortana-search.webp,retained,local-present,production build,200,,2026-10-07T20:35:45.313Z,https://christitus.com/images/2018/10/change-cortana-search.webp,,src/content/posts/2018/2018-10-17-change-cortana-search.md
https://christitus.com/images/2018/10/citrixready-xologo.webp,retained,local-present,production build,200,,2026-10-07T20:35:45.313Z,https://christitus.com/images/2018/10/citrixready-xologo.webp,,src/content/posts/2018/2018-10-11-how-to-install-xen-orchestra.md
https://christitus.com/images/2018/10/disable-firewall.webp,retained,local-present,production build,200,,2026-10-07T20:35:45.313Z,https://christitus.com/images/2018/10/disable-firewall.webp,,src/content/posts/2018/2018-10-06-disable-windows-firewall-properly.md
https://christitus.com/images/2018/10/how-to-setup-freenas.webp,retained,local-present,production build,200,,2026-10-07T20:35:45.313Z,https://christitus.com/images/2018/10/how-to-setup-freenas.webp,,src/content/posts/2018/2018-10-12-setup-freenas-11.md
https://christitus.com/images/2018/10/shadow-copies.webp,retained,local-present,production build,200,,2026-10-07T20:35:45.313Z,https://christitus.com/images/2018/10/shadow-copies.webp,,src/content/posts/2018/2018-10-25-orphaned-shadow-copies.md
https://christitus.com/images/2018/10/shadow-copy-banner.webp,retained,local-present,production build,200,,2026-10-07T20:35:45.313Z,https://christitus.com/images/2018/10/shadow-copy-banner.webp,,src/content/posts/2018/2018-10-25-orphaned-shadow-copies.md
https://christitus.com/images/2018/10/ssdvsnvme.webp,retained,local-present,production build,200,,2026-10-07T20:35:45.313Z,https://christitus.com/images/2018/10/ssdvsnvme.webp,,src/content/posts/2018/2018-10-05-sata-vs-sas-vs-nvme.md
https://christitus.com/images/2018/10/thumbnail-1.webp,retained,local-present,production build,200,,2026-10-07T20:35:45.313Z,https://christitus.com/images/2018/10/thumbnail-1.webp,,src/content/posts/2018/2018-10-23-install-plex-plugin-freenas.md
https://christitus.com/images/2018/10/thumbnail.webp,retained,local-present,production build,200,,2026-10-07T20:35:45.313Z,https://christitus.com/images/2018/10/thumbnail.webp,,src/content/posts/2018/2018-10-18-install-linux-first-time.md
https://christitus.com/images/2018/10/why-should-I-switch-to-linux.webp,retained,local-present,production build,200,,2026-10-07T20:35:45.313Z,https://christitus.com/images/2018/10/why-should-I-switch-to-linux.webp,,src/content/posts/2018/2018-10-16-linux-switch-video.md
https://christitus.com/images/2018/10/windows-firewall.webp,retained,local-present,production build,200,,2026-10-07T20:35:45.313Z,https://christitus.com/images/2018/10/windows-firewall.webp,,src/content/posts/2018/2018-10-06-disable-windows-firewall-properly.md
https://christitus.com/images/2018/10/xcp-ng-iscsi.webp,retained,local-present,production build,200,,2026-10-07T20:35:45.313Z,https://christitus.com/images/2018/10/xcp-ng-iscsi.webp,,src/content/posts/2018/2018-10-09-create-iscsi-sr.md
https://christitus.com/images/2018/10/xen-iscsi-sr.webp,retained,local-present,production build,200,,2026-10-07T20:35:45.313Z,https://christitus.com/images/2018/10/xen-iscsi-sr.webp,,src/content/posts/2018/2018-10-09-create-iscsi-sr.md
https://christitus.com/images/2018/10/xenserver-cannot-connect.webp,retained,local-present,production build,200,,2026-10-07T20:35:45.313Z,https://christitus.com/images/2018/10/xenserver-cannot-connect.webp,,src/content/posts/2018/2018-10-01-xenserver-cannot-connect.md
https://christitus.com/images/2018/11/Selection_002.webp,retained,local-present,production build,200,,2026-10-07T20:35:45.313Z,https://christitus.com/images/2018/11/Selection_002.webp,,src/content/posts/2018/2018-11-09-logitech-c920-linux-driver.md
https://christitus.com/images/2018/11/Selection_003.webp,retained,local-present,production build,200,,2026-10-07T20:35:45.313Z,https://christitus.com/images/2018/11/Selection_003.webp,,src/content/posts/2018/2018-11-09-logitech-c920-linux-driver.md
https://christitus.com/images/2018/11/Selection_008.webp,retained,local-present,production build,200,,2026-10-07T20:35:45.313Z,https://christitus.com/images/2018/11/Selection_008.webp,,src/content/posts/2018/2018-11-17-resize-lvm-partition-fedora-29-step-by-step-guide.md
https://christitus.com/images/2018/11/Selection_009.webp,retained,local-present,production build,200,,2026-10-07T20:35:45.313Z,https://christitus.com/images/2018/11/Selection_009.webp,,src/content/posts/2018/2018-11-17-resize-lvm-partition-fedora-29-step-by-step-guide.md
https://christitus.com/images/2018/11/Selection_010.webp,retained,local-present,production build,200,,2026-10-07T20:35:45.313Z,https://christitus.com/images/2018/11/Selection_010.webp,,src/content/posts/2018/2018-11-17-resize-lvm-partition-fedora-29-step-by-step-guide.md
https://christitus.com/images/2018/11/Selection_011.webp,retained,local-present,production build,200,,2026-10-07T20:35:45.313Z,https://christitus.com/images/2018/11/Selection_011.webp,,src/content/posts/2018/2018-11-17-resize-lvm-partition-fedora-29-step-by-step-guide.md
https://christitus.com/images/2018/11/c920-pro-hd-webcam-refresh.webp,retained,local-present,production build,200,,2026-10-07T20:35:45.313Z,https://christitus.com/images/2018/11/c920-pro-hd-webcam-refresh.webp,,src/content/posts/2018/2018-11-09-logitech-c920-linux-driver.md
https://christitus.com/images/2019/01/manjaro-cover.webp,retained,local-present,production build,200,,2026-10-07T20:35:45.313Z,https://christitus.com/images/2019/01/manjaro-cover.webp,,src/content/posts/2019/2019-01-21-manjaro-architect-installation-guide.md
https://christitus.com/images/2019/01/manjaro.webp,retained,local-present,production build,200,,2026-10-07T20:35:45.313Z,https://christitus.com/images/2019/01/manjaro.webp,,src/content/posts/2019/2019-01-21-manjaro-architect-installation-guide.md
https://christitus.com/images/2019/02/Selection_012.webp,retained,local-present,production build,200,,2026-10-07T20:35:45.313Z,https://christitus.com/images/2019/02/Selection_012.webp,,src/content/posts/2019/2019-02-15-garmin-express-linux.md
https://christitus.com/images/2019/02/garmin-express-icon-1.webp,retained,local-present,production build,200,,2026-10-07T20:35:45.313Z,https://christitus.com/images/2019/02/garmin-express-icon-1.webp,,src/content/posts/2019/2019-02-15-garmin-express-linux.md
https://christitus.com/images/2019/03/Internet_Line-20-512.webp,retained,local-present,production build,200,,2026-10-07T20:35:45.313Z,https://christitus.com/images/2019/03/Internet_Line-20-512.webp,,src/content/posts/2019/2019-03-14-wordpress-google-cloud-platform.md
https://christitus.com/images/2019/03/WordPress-Logo-Download-PNG.webp,retained,local-present,production build,200,,2026-10-07T20:35:45.313Z,https://christitus.com/images/2019/03/WordPress-Logo-Download-PNG.webp,,src/content/posts/2019/2019-03-14-wordpress-google-cloud-platform.md
https://christitus.com/images/2019/03/apache2.webp,retained,local-present,production build,200,,2026-10-07T20:35:45.313Z,https://christitus.com/images/2019/03/apache2.webp,,src/content/posts/2019/2019-03-14-wordpress-google-cloud-platform.md
https://christitus.com/images/2019/03/aptitude.webp,retained,local-present,production build,200,,2026-10-07T20:35:45.313Z,https://christitus.com/images/2019/03/aptitude.webp,,src/content/posts/2019/2019-03-12-aptitude-explained.md
https://christitus.com/images/2019/03/google-cloud-platform.webp,retained,local-present,production build,200,,2026-10-07T20:35:45.313Z,https://christitus.com/images/2019/03/google-cloud-platform.webp,,src/content/posts/2019/2019-03-14-wordpress-google-cloud-platform.md
https://christitus.com/images/2019/03/nas_theapplication_3216.webp,retained,local-present,production build,200,,2026-10-07T20:35:45.313Z,https://christitus.com/images/2019/03/nas_theapplication_3216.webp,,src/content/posts/2019/2019-03-14-wordpress-google-cloud-platform.md
https://christitus.com/images/2019/03/san.webp,retained,local-present,production build,200,,2026-10-07T20:35:45.313Z,https://christitus.com/images/2019/03/san.webp,,src/content/posts/2019/2019-03-14-wordpress-google-cloud-platform.md
https://christitus.com/images/2019/04/grub-rescue.webp,retained,local-present,production build,200,,2026-10-07T20:35:45.313Z,https://christitus.com/images/2019/04/grub-rescue.webp,,src/content/posts/2019/2019-04-01-grub-rescue.md
https://christitus.com/images/2019/04/grub.webp,retained,local-present,production build,200,,2026-10-07T20:35:45.313Z,https://christitus.com/images/2019/04/grub.webp,,src/content/posts/2019/2019-04-01-grub-rescue.md
https://christitus.com/images/2019/09/GIMP.webp,retained,local-present,production build,200,,2026-10-07T20:35:45.313Z,https://christitus.com/images/2019/09/GIMP.webp,,src/content/posts/2019/2019-09-15-latest-version-of-gimp.md
https://christitus.com/images/2019/09/arch.webp,retained,local-present,production build,200,,2026-10-07T20:35:45.313Z,https://christitus.com/images/2019/09/arch.webp,,src/content/posts/2019/2019-09-28-custom-kernel.md
https://christitus.com/images/2019/09/clientovpn-winscp.webp?fit=1024%2C451&ssl=1,retained,local-present,production build,200,,2026-10-07T20:35:45.313Z,https://christitus.com/images/2019/09/clientovpn-winscp.webp,,src/content/posts/2019/2019-09-20-openvpn-server.md
https://christitus.com/images/2019/09/customkernels-300x169.webp,retained,local-present,production build,200,,2026-10-07T20:35:45.313Z,https://christitus.com/images/2019/09/customkernels-300x169.webp,,src/content/posts/2019/2019-09-28-custom-kernel.md
https://christitus.com/images/2019/09/debian.svg,retained,local-present,production build,200,,2026-10-07T20:35:45.313Z,https://christitus.com/images/2019/09/debian.svg,,src/content/posts/2019/2019-09-28-custom-kernel.md
https://christitus.com/images/2019/09/import-vpn.webp,retained,local-present,production build,200,,2026-10-07T20:35:45.313Z,https://christitus.com/images/2019/09/import-vpn.webp,,src/content/posts/2019/2019-09-20-openvpn-server.md
https://christitus.com/images/2019/09/linux-file-system-300x169.webp,retained,local-present,production build,200,,2026-10-07T20:35:45.313Z,https://christitus.com/images/2019/09/linux-file-system-300x169.webp,,src/content/posts/2019/2019-09-23-linux-file-system.md
https://christitus.com/images/2019/09/openvpn.webp,retained,local-present,production build,200,,2026-10-07T20:35:45.313Z,https://christitus.com/images/2019/09/openvpn.webp,,src/content/posts/2019/2019-09-20-openvpn-server.md
https://christitus.com/images/2019/09/openvpnconnect.webp,retained,local-present,production build,200,,2026-10-07T20:35:45.313Z,https://christitus.com/images/2019/09/openvpnconnect.webp,,src/content/posts/2019/2019-09-20-openvpn-server.md
https://christitus.com/images/2019/09/ssh-300x187.webp,retained,local-present,production build,200,,2026-10-07T20:35:45.313Z,https://christitus.com/images/2019/09/ssh-300x187.webp,,src/content/posts/2019/2019-09-18-ssh-guide.md
https://christitus.com/images/2019/09/ssh.webp,retained,local-present,production build,200,,2026-10-07T20:35:45.313Z,https://christitus.com/images/2019/09/ssh.webp,,src/content/posts/2019/2019-10-10-secure-web-server.md
https://christitus.com/images/2019/09/tls-issue.webp,retained,local-present,production build,200,,2026-10-07T20:35:45.313Z,https://christitus.com/images/2019/09/tls-issue.webp,,src/content/posts/2019/2019-09-20-openvpn-server.md
https://christitus.com/images/2019/09/tun-isnot-available.webp,retained,local-present,production build,200,,2026-10-07T20:35:45.313Z,https://christitus.com/images/2019/09/tun-isnot-available.webp,,src/content/posts/2019/2019-09-20-openvpn-server.md
https://christitus.com/images/2019/10/MacOSX.webp,retained,local-present,production build,200,,2026-10-07T20:35:45.313Z,https://christitus.com/images/2019/10/MacOSX.webp,,src/content/posts/2019/2019-10-28-hackintosh-ryzen-install.md
https://christitus.com/images/2019/10/Screenshot_20191014_144201.webp,retained,local-present,production build,200,,2026-10-07T20:35:45.313Z,https://christitus.com/images/2019/10/Screenshot_20191014_144201.webp,,src/content/posts/2019/2019-10-14-clean-up-windows-10.md
https://christitus.com/images/2019/10/Screenwriting-Websites.webp,retained,local-present,production build,200,,2026-10-07T20:35:45.313Z,https://christitus.com/images/2019/10/Screenwriting-Websites.webp,,src/content/posts/2019/2019-10-09-learn-linux.md
https://christitus.com/images/2019/10/bios-1.webp,retained,local-present,production build,200,,2026-10-07T20:35:45.313Z,https://christitus.com/images/2019/10/bios-1.webp,,src/content/posts/2019/2019-10-28-hackintosh-ryzen-install.md
https://christitus.com/images/2019/10/cleanup-win10-300x169.webp,retained,local-present,production build,200,,2026-10-07T20:35:45.313Z,https://christitus.com/images/2019/10/cleanup-win10-300x169.webp,,src/content/posts/2019/2019-10-14-clean-up-windows-10.md
https://christitus.com/images/2019/10/clover.webp,retained,local-present,production build,200,,2026-10-07T20:35:45.313Z,https://christitus.com/images/2019/10/clover.webp,,src/content/posts/2019/2019-10-28-hackintosh-ryzen-install.md
https://christitus.com/images/2019/10/diskutility.webp,retained,local-present,production build,200,,2026-10-07T20:35:45.313Z,https://christitus.com/images/2019/10/diskutility.webp,,src/content/posts/2019/2019-10-28-hackintosh-ryzen-install.md
https://christitus.com/images/2019/10/firewall-png-577x359.webp,retained,local-present,production build,200,,2026-10-07T20:35:45.313Z,https://christitus.com/images/2019/10/firewall-png-577x359.webp,,src/content/posts/2019/2019-10-10-secure-web-server.md
https://christitus.com/images/2019/10/hackintosh-Install-300x169.webp,retained,local-present,production build,200,,2026-10-07T20:35:45.313Z,https://christitus.com/images/2019/10/hackintosh-Install-300x169.webp,,src/content/posts/2019/2019-10-28-hackintosh-ryzen-install.md
https://christitus.com/images/2019/10/help.webp,retained,local-present,production build,200,,2026-10-07T20:35:45.313Z,https://christitus.com/images/2019/10/help.webp,,src/content/posts/2019/2019-10-09-learn-linux.md
https://christitus.com/images/2019/10/learn-linux-300x169.webp,retained,local-present,production build,200,,2026-10-07T20:35:45.313Z,https://christitus.com/images/2019/10/learn-linux-300x169.webp,,src/content/posts/2019/2019-10-09-learn-linux.md
https://christitus.com/images/2019/10/oo-shutup10.webp,retained,local-present,production build,200,,2026-10-07T20:35:45.313Z,https://christitus.com/images/2019/10/oo-shutup10.webp,,src/content/posts/2019/2019-10-14-clean-up-windows-10.md
https://christitus.com/images/2019/10/playbutton.webp,retained,local-present,production build,200,,2026-10-07T20:35:45.313Z,https://christitus.com/images/2019/10/playbutton.webp,,src/content/posts/2019/2019-10-09-learn-linux.md
https://christitus.com/images/2019/10/runcmd.webp,retained,local-present,production build,200,,2026-10-07T20:35:45.313Z,https://christitus.com/images/2019/10/runcmd.webp,,src/content/posts/2019/2019-10-14-clean-up-windows-10.md
https://christitus.com/images/2019/10/secure-website-300x169.webp,retained,local-present,production build,200,,2026-10-07T20:35:45.313Z,https://christitus.com/images/2019/10/secure-website-300x169.webp,,src/content/posts/2019/2019-10-10-secure-web-server.md
https://christitus.com/images/2019/10/settings.webp,retained,local-present,production build,200,,2026-10-07T20:35:45.313Z,https://christitus.com/images/2019/10/settings.webp,,src/content/posts/2019/2019-10-10-secure-web-server.md
https://christitus.com/images/2019/10/startup10.webp,retained,local-present,production build,200,,2026-10-07T20:35:45.313Z,https://christitus.com/images/2019/10/startup10.webp,,src/content/posts/2019/2019-10-14-clean-up-windows-10.md
https://christitus.com/images/2019/10/taskmanager.webp,retained,local-present,production build,200,,2026-10-07T20:35:45.313Z,https://christitus.com/images/2019/10/taskmanager.webp,,src/content/posts/2019/2019-10-14-clean-up-windows-10.md
https://christitus.com/images/2019/10/usb-drive.webp,retained,local-present,production build,200,,2026-10-07T20:35:45.313Z,https://christitus.com/images/2019/10/usb-drive.webp,,src/content/posts/2019/2019-10-28-hackintosh-ryzen-install.md
https://christitus.com/images/2019/10/wiki.webp,retained,local-present,production build,200,,2026-10-07T20:35:45.313Z,https://christitus.com/images/2019/10/wiki.webp,,src/content/posts/2019/2019-10-09-learn-linux.md
https://christitus.com/images/2019/10/xlnc.webp,retained,local-present,production build,200,,2026-10-07T20:35:45.313Z,https://christitus.com/images/2019/10/xlnc.webp,,src/content/posts/2019/2019-10-28-hackintosh-ryzen-install.md
https://christitus.com/images/2019/11/LVM-300x169.webp,retained,local-present,production build,200,,2026-10-07T20:35:45.313Z,https://christitus.com/images/2019/11/LVM-300x169.webp,,src/content/posts/2019/2019-11-08-lvm-guide.md
https://christitus.com/images/2019/11/LVM.webp,retained,local-present,production build,200,,2026-10-07T20:35:45.313Z,https://christitus.com/images/2019/11/LVM.webp,,src/content/posts/2019/2019-11-08-lvm-guide.md
https://christitus.com/images/2019/12/instal.webp,retained,local-present,production build,200,,2026-10-07T20:35:45.313Z,https://christitus.com/images/2019/12/instal.webp,,src/content/posts/2019/2019-12-01-vpn-kill-switch.md
https://christitus.com/images/2019/12/sysctl.webp,retained,local-present,production build,200,,2026-10-07T20:35:45.313Z,https://christitus.com/images/2019/12/sysctl.webp,,src/content/posts/2019/2019-12-01-vpn-kill-switch.md
https://christitus.com/images/2019/12/sysinstall.webp,retained,local-present,production build,200,,2026-10-07T20:35:45.313Z,https://christitus.com/images/2019/12/sysinstall.webp,,src/content/posts/2019/2019-12-01-vpn-kill-switch.md
https://christitus.com/images/2019/12/transmission.webp,retained,local-present,production build,200,,2026-10-07T20:35:45.313Z,https://christitus.com/images/2019/12/transmission.webp,,src/content/posts/2019/2019-12-01-vpn-kill-switch.md
https://christitus.com/images/2019/12/vpn-kill-switch-300x169.webp,retained,local-present,production build,200,,2026-10-07T20:35:45.313Z,https://christitus.com/images/2019/12/vpn-kill-switch-300x169.webp,,src/content/posts/2019/2019-12-01-vpn-kill-switch.md
https://christitus.com/images/2019/12/vpnsetup.webp,retained,local-present,production build,200,,2026-10-07T20:35:45.313Z,https://christitus.com/images/2019/12/vpnsetup.webp,,src/content/posts/2019/2019-12-01-vpn-kill-switch.md
https://christitus.com/images/2020-thumbs/2020-buyers-guide.webp,retained,local-present,production build,200,,2026-10-07T20:35:45.313Z,https://christitus.com/images/2020-thumbs/2020-buyers-guide.webp,,src/content/posts/2020/2020-buyers-guide.md
https://christitus.com/images/2020-thumbs/amazon-fire-debloat.webp,retained,local-present,production build,200,,2026-10-07T20:35:45.313Z,https://christitus.com/images/2020-thumbs/amazon-fire-debloat.webp,,src/content/posts/2020/amazon-fire-debloat.md
https://christitus.com/images/2020-thumbs/btrfs-guide.webp,retained,local-present,production build,200,,2026-10-07T20:35:45.313Z,https://christitus.com/images/2020-thumbs/btrfs-guide.webp,,src/content/posts/2020/btrfs-guide.md
https://christitus.com/images/2020-thumbs/change-wallpaper.webp,retained,local-present,production build,200,,2026-10-07T20:35:45.313Z,https://christitus.com/images/2020-thumbs/change-wallpaper.webp,,src/content/posts/2020/change-wallpaper.md
https://christitus.com/images/2020-thumbs/common-computer-issues.webp,retained,local-present,production build,200,,2026-10-07T20:35:45.313Z,https://christitus.com/images/2020-thumbs/common-computer-issues.webp,,src/content/posts/2020/common-computer-issues.md
https://christitus.com/images/2020-thumbs/create-windows-service.webp,retained,local-present,production build,200,,2026-10-07T20:35:45.313Z,https://christitus.com/images/2020-thumbs/create-windows-service.webp,,src/content/posts/2020/create-windows-service.md
https://christitus.com/images/2020-thumbs/custom-vim.webp,retained,local-present,production build,200,,2026-10-07T20:35:45.313Z,https://christitus.com/images/2020-thumbs/custom-vim.webp,,src/content/posts/2020/custom-vim.md
https://christitus.com/images/2020-thumbs/debloat-android.webp,retained,local-present,production build,200,,2026-10-07T20:35:45.313Z,https://christitus.com/images/2020-thumbs/debloat-android.webp,,src/content/posts/2020/debloat-android.md
https://christitus.com/images/2020-thumbs/degoogle-apps.webp,retained,local-present,production build,200,,2026-10-07T20:35:45.313Z,https://christitus.com/images/2020-thumbs/degoogle-apps.webp,,src/content/posts/2020/degoogle-apps.md;src/content/posts/2020/degoogle.md
https://christitus.com/images/2020-thumbs/degoogle.webp,removed-or-replaced,missing,HTTP GET,404,,2026-10-07T19:55:33.102649+00:00,https://christitus.com/images/2020-thumbs/degoogle.webp,,src/content/posts/2020/degoogle.md
https://christitus.com/images/2020-thumbs/disable-snaps.webp,retained,local-present,production build,200,,2026-10-07T20:35:45.313Z,https://christitus.com/images/2020-thumbs/disable-snaps.webp,,src/content/posts/2020/disable-snaps.md
https://christitus.com/images/2020-thumbs/doom-eternal-linux.webp,retained,local-present,production build,200,,2026-10-07T20:35:45.313Z,https://christitus.com/images/2020-thumbs/doom-eternal-linux.webp,,src/content/posts/2020/doom-eternal-linux.md
https://christitus.com/images/2020-thumbs/emoji.webp,retained,local-present,production build,200,,2026-10-07T20:35:45.313Z,https://christitus.com/images/2020-thumbs/emoji.webp,,src/content/posts/2020/emoji.md
https://christitus.com/images/2020-thumbs/fix-ticwatch-lag.webp,retained,local-present,production build,200,,2026-10-07T20:35:45.313Z,https://christitus.com/images/2020-thumbs/fix-ticwatch-lag.webp,,src/content/posts/2020/fix-ticwatch-lag.md
https://christitus.com/images/2020-thumbs/flatpak-acceleration.webp,removed-or-replaced,missing,HTTP GET,404,,2026-10-07T19:55:36.398446+00:00,https://christitus.com/images/2020-thumbs/flatpak-acceleration.webp,,src/content/posts/2020/flatpak-acceleration.md
https://christitus.com/images/2020-thumbs/geforce-now-linux.webp,retained,local-present,production build,200,,2026-10-07T20:35:45.313Z,https://christitus.com/images/2020-thumbs/geforce-now-linux.webp,,src/content/posts/2020/geforce-now-linux.md
https://christitus.com/images/2020-thumbs/hugo-guide.webp,retained,local-present,production build,200,,2026-10-07T20:35:45.313Z,https://christitus.com/images/2020-thumbs/hugo-guide.webp,,src/content/posts/2020/hugo-guide.md
https://christitus.com/images/2020-thumbs/install-wine-libfaudio0-error.webp,retained,local-present,production build,200,,2026-10-07T20:35:45.313Z,https://christitus.com/images/2020-thumbs/install-wine-libfaudio0-error.webp,,src/content/posts/2020/install-wine-libfaudio0-error.md
https://christitus.com/images/2020-thumbs/lcars-screensaver.webp,retained,local-present,production build,200,,2026-10-07T20:35:45.313Z,https://christitus.com/images/2020-thumbs/lcars-screensaver.webp,,src/content/posts/2020/lcars-screensaver.md
https://christitus.com/images/2020-thumbs/lightdm-configuration.webp,retained,local-present,production build,200,,2026-10-07T20:35:45.313Z,https://christitus.com/images/2020-thumbs/lightdm-configuration.webp,,src/content/posts/2020/lightdm-configuration.md
https://christitus.com/images/2020-thumbs/linux-cheatsheet.webp,removed-or-replaced,missing,HTTP GET,404,,2026-10-07T19:55:39.448848+00:00,https://christitus.com/images/2020-thumbs/linux-cheatsheet.webp,,src/content/posts/2020/linux-cheatsheet.md
https://christitus.com/images/2020-thumbs/linux-macos.webp,retained,local-present,production build,200,,2026-10-07T20:35:45.313Z,https://christitus.com/images/2020-thumbs/linux-macos.webp,,src/content/posts/2020/linux-macos.md
https://christitus.com/images/2020-thumbs/macos-sysadmin-tips.webp,retained,local-present,production build,200,,2026-10-07T20:35:45.313Z,https://christitus.com/images/2020-thumbs/macos-sysadmin-tips.webp,,src/content/posts/2020/macos-sysadmin-tips.md
https://christitus.com/images/2020-thumbs/opencore-mac.webp,retained,local-present,production build,200,,2026-10-07T20:35:45.313Z,https://christitus.com/images/2020-thumbs/opencore-mac.webp,,src/content/posts/2020/opencore-mac.md
https://christitus.com/images/2020-thumbs/raspberry-pi-laptop.webp,retained,local-present,production build,200,,2026-10-07T20:35:45.313Z,https://christitus.com/images/2020-thumbs/raspberry-pi-laptop.webp,,src/content/posts/2020/raspberry-pi-laptop.md
https://christitus.com/images/2020-thumbs/secure-linux.webp,retained,local-present,production build,200,,2026-10-07T20:35:45.313Z,https://christitus.com/images/2020-thumbs/secure-linux.webp,,src/content/posts/2020/secure-linux.md
https://christitus.com/images/2020-thumbs/ultimate-windows-setup-guide.webp,retained,local-present,production build,200,,2026-10-07T20:35:45.313Z,https://christitus.com/images/2020-thumbs/ultimate-windows-setup-guide.webp,,src/content/posts/2020/ultimate-windows-setup-guide.md
https://christitus.com/images/2020-thumbs/windows-10-scripts.webp,retained,local-present,production build,200,,2026-10-07T20:35:45.313Z,https://christitus.com/images/2020-thumbs/windows-10-scripts.webp,,src/content/posts/2020/windows-10-scripts.md
https://christitus.com/images/2020-thumbs/windows-update-fix.webp,retained,local-present,production build,200,,2026-10-07T20:35:45.313Z,https://christitus.com/images/2020-thumbs/windows-update-fix.webp,,src/content/posts/2020/windows-update.md
https://christitus.com/images/2020-thumbs/wsl2.webp,retained,local-present,production build,200,,2026-10-07T20:35:45.313Z,https://christitus.com/images/2020-thumbs/wsl2.webp,,src/content/posts/2020/wsl2.md
https://christitus.com/images/2020-thumbs/zsh.webp,retained,local-present,production build,200,,2026-10-07T20:35:45.313Z,https://christitus.com/images/2020-thumbs/zsh.webp,,src/content/posts/2020/zsh.md
https://christitus.com/images/2020/btrfs/fishow.webp,retained,local-present,production build,200,,2026-10-07T20:35:45.313Z,https://christitus.com/images/2020/btrfs/fishow.webp,,src/content/posts/2020/btrfs-guide.md
https://christitus.com/images/2020/btrfs/subv-list.webp,retained,local-present,production build,200,,2026-10-07T20:35:45.313Z,https://christitus.com/images/2020/btrfs/subv-list.webp,,src/content/posts/2020/btrfs-guide.md
https://christitus.com/images/2020/buyers-guide/cellphones.webp,retained,local-present,production build,200,,2026-10-07T20:35:45.313Z,https://christitus.com/images/2020/buyers-guide/cellphones.webp,,src/content/posts/2020/2020-buyers-guide.md
https://christitus.com/images/2020/buyers-guide/debloat-fire.webp,retained,local-present,production build,200,,2026-10-07T20:35:45.313Z,https://christitus.com/images/2020/buyers-guide/debloat-fire.webp,,src/content/posts/2020/2020-buyers-guide.md
https://christitus.com/images/2020/buyers-guide/monitors.webp,retained,local-present,production build,200,,2026-10-07T20:35:45.313Z,https://christitus.com/images/2020/buyers-guide/monitors.webp,,src/content/posts/2020/2020-buyers-guide.md
https://christitus.com/images/2020/buyers-guide/outofstock.webp,retained,local-present,production build,200,,2026-10-07T20:35:45.313Z,https://christitus.com/images/2020/buyers-guide/outofstock.webp,,src/content/posts/2020/2020-buyers-guide.md
https://christitus.com/images/2020/buyers-guide/razer.webp,retained,local-present,production build,200,,2026-10-07T20:35:45.313Z,https://christitus.com/images/2020/buyers-guide/razer.webp,,src/content/posts/2020/2020-buyers-guide.md
https://christitus.com/images/2020/crowpi/crowpi2.webp,retained,local-present,production build,200,,2026-10-07T20:35:45.313Z,https://christitus.com/images/2020/crowpi/crowpi2.webp,,src/content/posts/2020/raspberry-pi-laptop.md
https://christitus.com/images/2020/crowpi/learning.webp,retained,local-present,production build,200,,2026-10-07T20:35:45.313Z,https://christitus.com/images/2020/crowpi/learning.webp,,src/content/posts/2020/raspberry-pi-laptop.md
https://christitus.com/images/2020/crowpi/retro.webp,retained,local-present,production build,200,,2026-10-07T20:35:45.313Z,https://christitus.com/images/2020/crowpi/retro.webp,,src/content/posts/2020/raspberry-pi-laptop.md
https://christitus.com/images/2020/debloat-amazon/dev-tools.webp,retained,local-present,production build,200,,2026-10-07T20:35:45.313Z,https://christitus.com/images/2020/debloat-amazon/dev-tools.webp,,src/content/posts/2020/amazon-fire-debloat.md
https://christitus.com/images/2020/debloat-amazon/toolbox.webp,retained,local-present,production build,200,,2026-10-07T20:35:45.313Z,https://christitus.com/images/2020/debloat-amazon/toolbox.webp,,src/content/posts/2020/amazon-fire-debloat.md
https://christitus.com/images/2020/debloat-amazon/toolbox2.webp,retained,local-present,production build,200,,2026-10-07T20:35:45.313Z,https://christitus.com/images/2020/debloat-amazon/toolbox2.webp,,src/content/posts/2020/amazon-fire-debloat.md
https://christitus.com/images/2020/drovorub/drovorub.webp,retained,local-present,production build,200,,2026-10-07T20:35:45.313Z,https://christitus.com/images/2020/drovorub/drovorub.webp,,src/content/posts/2020/secure-linux.md
https://christitus.com/images/2020/drovorub/secure-boot.webp,retained,local-present,production build,200,,2026-10-07T20:35:45.313Z,https://christitus.com/images/2020/drovorub/secure-boot.webp,,src/content/posts/2020/secure-linux.md
https://christitus.com/images/2020/gaming-guide/aco.webp,retained,local-present,production build,200,,2026-10-07T20:35:45.313Z,https://christitus.com/images/2020/gaming-guide/aco.webp,,src/content/posts/2020/ultimate-linux-gaming-guide.md
https://christitus.com/images/2020/gaming-guide/custom-kernel.svg,retained,local-present,production build,200,,2026-10-07T20:35:45.313Z,https://christitus.com/images/2020/gaming-guide/custom-kernel.svg,,src/content/posts/2020/ultimate-linux-gaming-guide.md
https://christitus.com/images/2020/gaming-guide/gamemode.webp,retained,local-present,production build,200,,2026-10-07T20:35:45.313Z,https://christitus.com/images/2020/gaming-guide/gamemode.webp,,src/content/posts/2020/ultimate-linux-gaming-guide.md
https://christitus.com/images/2020/gaming-guide/gaming.webp,retained,local-present,production build,200,,2026-10-07T20:35:45.313Z,https://christitus.com/images/2020/gaming-guide/gaming.webp,,src/content/posts/2020/ultimate-linux-gaming-guide.md
https://christitus.com/images/2020/gaming-guide/proton.webp,retained,local-present,production build,200,,2026-10-07T20:35:45.313Z,https://christitus.com/images/2020/gaming-guide/proton.webp,,src/content/posts/2020/ultimate-linux-gaming-guide.md
https://christitus.com/images/2020/geforcenow/agentid.webp,retained,local-present,production build,200,,2026-10-07T20:35:45.313Z,https://christitus.com/images/2020/geforcenow/agentid.webp,,src/content/posts/2020/geforce-now-linux.md
https://christitus.com/images/2020/geforcenow/options.webp,retained,local-present,production build,200,,2026-10-07T20:35:45.313Z,https://christitus.com/images/2020/geforcenow/options.webp,,src/content/posts/2020/geforce-now-linux.md
https://christitus.com/images/2020/github-ssh.webp,retained,local-present,production build,200,,2026-10-07T20:35:45.313Z,https://christitus.com/images/2020/github-ssh.webp,,src/content/posts/2020/ssh-github.md
https://christitus.com/images/2020/ticwatch.webp,retained,local-present,production build,200,,2026-10-07T20:35:45.313Z,https://christitus.com/images/2020/ticwatch.webp,,src/content/posts/2020/fix-ticwatch-lag.md
https://christitus.com/images/2020/wallpaper/macos-automator.webp,retained,local-present,production build,200,,2026-10-07T20:35:45.313Z,https://christitus.com/images/2020/wallpaper/macos-automator.webp,,src/content/posts/2020/change-wallpaper.md
https://christitus.com/images/2020/wallpaper/wall-settings-w10.webp,retained,local-present,production build,200,,2026-10-07T20:35:45.313Z,https://christitus.com/images/2020/wallpaper/wall-settings-w10.webp,,src/content/posts/2020/change-wallpaper.md
https://christitus.com/images/2020/winupdate/gpedit.webp,retained,local-present,production build,200,,2026-10-07T20:35:45.313Z,https://christitus.com/images/2020/winupdate/gpedit.webp,,src/content/posts/2020/windows-update.md
https://christitus.com/images/2020/winupdate/gpedit2.webp,retained,local-present,production build,200,,2026-10-07T20:35:45.313Z,https://christitus.com/images/2020/winupdate/gpedit2.webp,,src/content/posts/2020/windows-update.md
https://christitus.com/images/2020/winupdate/regedit.webp,retained,local-present,production build,200,,2026-10-07T20:35:45.313Z,https://christitus.com/images/2020/winupdate/regedit.webp,,src/content/posts/2020/windows-update.md
https://christitus.com/images/2020/wsl/wsl-kernel.webp,retained,local-present,production build,200,,2026-10-07T20:35:45.313Z,https://christitus.com/images/2020/wsl/wsl-kernel.webp,,src/content/posts/2020/wsl2.md
https://christitus.com/images/2020/wsl/wsl-prompt.webp,retained,local-present,production build,200,,2026-10-07T20:35:45.313Z,https://christitus.com/images/2020/wsl/wsl-prompt.webp,,src/content/posts/2020/wsl2.md
https://christitus.com/images/2020/wsl/wsl-store.webp,retained,local-present,production build,200,,2026-10-07T20:35:45.313Z,https://christitus.com/images/2020/wsl/wsl-store.webp,,src/content/posts/2020/wsl2.md
https://christitus.com/images/2020/wsl/wsl-store2.webp,retained,local-present,production build,200,,2026-10-07T20:35:45.313Z,https://christitus.com/images/2020/wsl/wsl-store2.webp,,src/content/posts/2020/wsl2.md
https://christitus.com/images/2020/wsl/wsl-troubleshoot.webp,retained,local-present,production build,200,,2026-10-07T20:35:45.313Z,https://christitus.com/images/2020/wsl/wsl-troubleshoot.webp,,src/content/posts/2020/wsl2.md
https://christitus.com/images/2020/zsh-passwd.webp,retained,local-present,production build,200,,2026-10-07T20:35:45.313Z,https://christitus.com/images/2020/zsh-passwd.webp,,src/content/posts/2020/zsh.md
https://christitus.com/images/2021-thumbs/Ultimate-Windows-10-Install-ISO.webp,retained,local-present,production build,200,,2026-10-07T20:35:45.313Z,https://christitus.com/images/2021-thumbs/Ultimate-Windows-10-Install-ISO.webp,,src/content/posts/2021/Ultimate-Windows-10-Install.md
https://christitus.com/images/2021-thumbs/Windows-10-Optimization-Guide.webp,retained,local-present,production build,200,,2026-10-07T20:35:45.313Z,https://christitus.com/images/2021-thumbs/Windows-10-Optimization-Guide.webp,,src/content/posts/2021/Windows-10-Optimization-Guide.md
https://christitus.com/images/2021-thumbs/bootloader-themes.webp,retained,local-present,production build,200,,2026-10-07T20:35:45.313Z,https://christitus.com/images/2021-thumbs/bootloader-themes.webp,,src/content/posts/2021/bootloader-themes.md
https://christitus.com/images/2021-thumbs/bspwm-on-KDE.webp,retained,local-present,production build,200,,2026-10-07T20:35:45.313Z,https://christitus.com/images/2021-thumbs/bspwm-on-KDE.webp,,src/content/posts/2021/bspwm-on-KDE.md
https://christitus.com/images/2021-thumbs/pi-website.webp,retained,local-present,production build,200,,2026-10-07T20:35:45.313Z,https://christitus.com/images/2021-thumbs/pi-website.webp,,src/content/posts/2021/pi-website.md
https://christitus.com/images/2021-thumbs/rocky-linux.webp,retained,local-present,production build,200,,2026-10-07T20:35:45.313Z,https://christitus.com/images/2021-thumbs/rocky-linux.webp,,src/content/posts/2021/rocky-linux.md
https://christitus.com/images/2021-thumbs/uninstall-edge.webp,retained,local-present,production build,200,,2026-10-07T20:35:45.313Z,https://christitus.com/images/2021-thumbs/uninstall-edge.webp,,src/content/posts/2021/uninstall-edge.md
https://christitus.com/images/2021-thumbs/update-any-pc-to-windows11.webp,retained,local-present,production build,200,,2026-10-07T20:35:45.313Z,https://christitus.com/images/2021-thumbs/update-any-pc-to-windows11.webp,,src/content/posts/2021/update-any-pc-to-windows11.md
https://christitus.com/images/2021/01-win10/ame.webp,retained,local-present,production build,200,,2026-10-07T20:35:45.313Z,https://christitus.com/images/2021/01-win10/ame.webp,,src/content/posts/2021/Windows-10-Optimization-Guide.md
https://christitus.com/images/2021/01-win10iso/autounattend.webp,retained,local-present,production build,200,,2026-10-07T20:35:45.313Z,https://christitus.com/images/2021/01-win10iso/autounattend.webp,,src/content/posts/2021/Ultimate-Windows-10-Install.md
https://christitus.com/images/2021/01-win10iso/mount.webp,retained,local-present,production build,200,,2026-10-07T20:35:45.313Z,https://christitus.com/images/2021/01-win10iso/mount.webp,,src/content/posts/2021/Ultimate-Windows-10-Install.md
https://christitus.com/images/2021/01-win10iso/msmg.webp,retained,local-present,production build,200,,2026-10-07T20:35:45.313Z,https://christitus.com/images/2021/01-win10iso/msmg.webp,,src/content/posts/2021/Ultimate-Windows-10-Install.md
https://christitus.com/images/2021/02-bootloader/cyberpunk.webp,retained,local-present,production build,200,,2026-10-07T20:35:45.313Z,https://christitus.com/images/2021/02-bootloader/cyberpunk.webp,,src/content/posts/2021/bootloader-themes.md
https://christitus.com/images/2021/02-bootloader/cyberre.webp,retained,local-present,production build,200,,2026-10-07T20:35:45.313Z,https://christitus.com/images/2021/02-bootloader/cyberre.webp,,src/content/posts/2021/bootloader-themes.md
https://christitus.com/images/2021/02-bootloader/fallout.webp,retained,local-present,production build,200,,2026-10-07T20:35:45.313Z,https://christitus.com/images/2021/02-bootloader/fallout.webp,,src/content/posts/2021/bootloader-themes.md
https://christitus.com/images/2021/02-bootloader/shodan.webp,retained,local-present,production build,200,,2026-10-07T20:35:45.313Z,https://christitus.com/images/2021/02-bootloader/shodan.webp,,src/content/posts/2021/bootloader-themes.md
https://christitus.com/images/2021/02-bootloader/vimix.webp,retained,local-present,production build,200,,2026-10-07T20:35:45.313Z,https://christitus.com/images/2021/02-bootloader/vimix.webp,,src/content/posts/2021/bootloader-themes.md
https://christitus.com/images/2021/06-win11upgrade/regedit.webp,retained,local-present,production build,200,,2026-10-07T20:35:45.313Z,https://christitus.com/images/2021/06-win11upgrade/regedit.webp,,src/content/posts/2021/update-any-pc-to-windows11.md
https://christitus.com/images/2021/06-win11upgrade/winver.webp,retained,local-present,production build,200,,2026-10-07T20:35:45.313Z,https://christitus.com/images/2021/06-win11upgrade/winver.webp,,src/content/posts/2021/update-any-pc-to-windows11.md
https://christitus.com/images/2022-thumbs/2022-recap.webp,retained,local-present,production build,200,,2026-10-07T20:35:45.313Z,https://christitus.com/images/2022-thumbs/2022-recap.webp,,src/content/posts/2022/2022-recap.md
https://christitus.com/images/2022-thumbs/30days-chromeos.webp,retained,local-present,production build,200,,2026-10-07T20:35:45.313Z,https://christitus.com/images/2022-thumbs/30days-chromeos.webp,,src/content/posts/2022/30days-chromeos.md
https://christitus.com/images/2022-thumbs/5-terminal-commands.webp,retained,local-present,production build,200,,2026-10-07T20:35:45.313Z,https://christitus.com/images/2022-thumbs/5-terminal-commands.webp,,src/content/posts/2022/5-terminal-commands.md
https://christitus.com/images/2022-thumbs/Windows-22H2-problems.webp,retained,local-present,production build,200,,2026-10-07T20:35:45.313Z,https://christitus.com/images/2022-thumbs/Windows-22H2-problems.webp,,src/content/posts/2022/Windows-22H2-problems.md
https://christitus.com/images/2022-thumbs/acronis-true-image.webp,retained,local-present,production build,200,,2026-10-07T20:35:45.313Z,https://christitus.com/images/2022-thumbs/acronis-true-image.webp,,src/content/posts/2022/acronis-true-image.md
https://christitus.com/images/2022-thumbs/antivirus-worthless.webp,retained,local-present,production build,200,,2026-10-07T20:35:45.313Z,https://christitus.com/images/2022-thumbs/antivirus-worthless.webp,,src/content/posts/2022/antivirus-worthless.md
https://christitus.com/images/2022-thumbs/auto-mount-systemd.webp,retained,local-present,production build,200,,2026-10-07T20:35:45.313Z,https://christitus.com/images/2022-thumbs/auto-mount-systemd.webp,,src/content/posts/2022/auto-mount-systemd.md
https://christitus.com/images/2022-thumbs/bad-windows-defender.webp,retained,local-present,production build,200,,2026-10-07T20:35:45.313Z,https://christitus.com/images/2022-thumbs/bad-windows-defender.webp,,src/content/posts/2022/bad-windows-defender.md
https://christitus.com/images/2022-thumbs/be-a-better-programmer.webp,retained,local-present,production build,200,,2026-10-07T20:35:45.313Z,https://christitus.com/images/2022-thumbs/be-a-better-programmer.webp,,src/content/posts/2022/be-a-better-programmer.md
https://christitus.com/images/2022-thumbs/beautiful-bash.webp,retained,local-present,production build,200,,2026-10-07T20:35:45.313Z,https://christitus.com/images/2022-thumbs/beautiful-bash.webp,,src/content/posts/2022/beautiful-bash.md
https://christitus.com/images/2022-thumbs/best-browser-extensions.webp,retained,local-present,production build,200,,2026-10-07T20:35:45.313Z,https://christitus.com/images/2022-thumbs/best-browser-extensions.webp,,src/content/posts/2022/best-browser-extensions.md
https://christitus.com/images/2022-thumbs/best-package-manager.webp,retained,local-present,production build,200,,2026-10-07T20:35:45.313Z,https://christitus.com/images/2022-thumbs/best-package-manager.webp,,src/content/posts/2022/best-package-manager.md
https://christitus.com/images/2022-thumbs/block-razer-bloatware.webp,retained,local-present,production build,200,,2026-10-07T20:35:45.313Z,https://christitus.com/images/2022-thumbs/block-razer-bloatware.webp,,src/content/posts/2022/block-razer-bloatware.md
https://christitus.com/images/2022-thumbs/buying-cheap-ebay-graphics-card.webp,retained,local-present,production build,200,,2026-10-07T20:35:45.313Z,https://christitus.com/images/2022-thumbs/buying-cheap-ebay-graphics-card.webp,,src/content/posts/2022/buying-cheap-ebay-graphics-card.md
https://christitus.com/images/2022-thumbs/bypass-paywalls.webp,retained,local-present,production build,200,,2026-10-07T20:35:45.313Z,https://christitus.com/images/2022-thumbs/bypass-paywalls.webp,,src/content/posts/2022/bypass-paywalls.md
https://christitus.com/images/2022-thumbs/chezmoi.webp,retained,local-present,production build,200,,2026-10-07T20:35:45.313Z,https://christitus.com/images/2022-thumbs/chezmoi.webp,,src/content/posts/2022/chezmoi.md
https://christitus.com/images/2022-thumbs/choose-linux-distro.webp,retained,local-present,production build,200,,2026-10-07T20:35:45.313Z,https://christitus.com/images/2022-thumbs/choose-linux-distro.webp,,src/content/posts/2022/choose-linux-distro.md
https://christitus.com/images/2022-thumbs/cleanup-docker.webp,removed-or-replaced,missing,HTTP GET,404,,2026-10-07T19:56:04.234618+00:00,https://christitus.com/images/2022-thumbs/cleanup-docker.webp,,src/content/posts/2022/cleanup-docker.md
https://christitus.com/images/2022-thumbs/cleanup-windows-2022.webp,retained,local-present,production build,200,,2026-10-07T20:35:45.313Z,https://christitus.com/images/2022-thumbs/cleanup-windows-2022.webp,,src/content/posts/2020/debloat-windows10-2020.md
https://christitus.com/images/2022-thumbs/clickpaste.webp,retained,local-present,production build,200,,2026-10-07T20:35:45.313Z,https://christitus.com/images/2022-thumbs/clickpaste.webp,,src/content/posts/2022/clickpaste.md
https://christitus.com/images/2022-thumbs/customizing-steam-games-in-linux.webp,retained,local-present,production build,200,,2026-10-07T20:35:45.313Z,https://christitus.com/images/2022-thumbs/customizing-steam-games-in-linux.webp,,src/content/posts/2022/customizing-steam-games-in-linux.md
https://christitus.com/images/2022-thumbs/disable-win-defender.webp,retained,local-present,production build,200,,2026-10-07T20:35:45.313Z,https://christitus.com/images/2022-thumbs/disable-win-defender.webp,,src/content/posts/2022/disable-win-defender.md
https://christitus.com/images/2022-thumbs/docker-guide.webp,retained,local-present,production build,200,,2026-10-07T20:35:45.313Z,https://christitus.com/images/2022-thumbs/docker-guide.webp,,src/content/posts/2022/docker-guide.md
https://christitus.com/images/2022-thumbs/docker-macos.webp,retained,local-present,production build,200,,2026-10-07T20:35:45.313Z,https://christitus.com/images/2022-thumbs/docker-macos.webp,,src/content/posts/2022/docker-macos.md
https://christitus.com/images/2022-thumbs/fix-corrupt-windows-install.webp,retained,local-present,production build,200,,2026-10-07T20:35:45.313Z,https://christitus.com/images/2022-thumbs/fix-corrupt-windows-install.webp,,src/content/posts/2022/fix-corrupt-windows-install.md
https://christitus.com/images/2022-thumbs/fix-libGL-error.webp,retained,local-present,production build,200,,2026-10-07T20:35:45.313Z,https://christitus.com/images/2022-thumbs/fix-libGL-error.webp,,src/content/posts/2022/fix-libGL0-error.md
https://christitus.com/images/2022-thumbs/future-internet.webp,retained,local-present,production build,200,,2026-10-07T20:35:45.313Z,https://christitus.com/images/2022-thumbs/future-internet.webp,,src/content/posts/2022/future-internet.md
https://christitus.com/images/2022-thumbs/hate-linux-distributions.webp,retained,local-present,production build,200,,2026-10-07T20:35:45.313Z,https://christitus.com/images/2022-thumbs/hate-linux-distributions.webp,,src/content/posts/2022/hate-linux-distributions.md
https://christitus.com/images/2022-thumbs/how-i-setup-my-website.webp,retained,local-present,production build,200,,2026-10-07T20:35:45.313Z,https://christitus.com/images/2022-thumbs/how-i-setup-my-website.webp,,src/content/posts/2022/how-i-setup-my-website.md
https://christitus.com/images/2022-thumbs/ideas.webp,removed-or-replaced,missing,HTTP GET,404,,2026-10-07T19:58:13.472981+00:00,https://christitus.com/images/2022-thumbs/ideas.webp,,src/content/posts/old/ideas.md
https://christitus.com/images/2022-thumbs/install-windows-update-powershell.webp,retained,local-present,production build,200,,2026-10-07T20:35:45.313Z,https://christitus.com/images/2022-thumbs/install-windows-update-powershell.webp,,src/content/posts/2022/install-windows-update-powershell.md
https://christitus.com/images/2022-thumbs/installing-appx-without-msstore.webp,retained,local-present,production build,200,,2026-10-07T20:35:45.313Z,https://christitus.com/images/2022-thumbs/installing-appx-without-msstore.webp,,src/content/posts/2022/installing-appx-without-msstore.md
https://christitus.com/images/2022-thumbs/is-windows-bad.webp,retained,local-present,production build,200,,2026-10-07T20:35:45.313Z,https://christitus.com/images/2022-thumbs/is-windows-bad.webp,,src/content/posts/2022/is-windows-bad.md
https://christitus.com/images/2022-thumbs/laptop-power-management.webp,retained,local-present,production build,200,,2026-10-07T20:35:45.313Z,https://christitus.com/images/2022-thumbs/laptop-power-management.webp,,src/content/posts/2022/laptop-power-management.md
https://christitus.com/images/2022-thumbs/linux-for-beginners.webp,retained,local-present,production build,200,,2026-10-07T20:35:45.313Z,https://christitus.com/images/2022-thumbs/linux-for-beginners.webp,,src/content/posts/2022/linux-for-beginners.md
https://christitus.com/images/2022-thumbs/linux-security-mistakes.webp,retained,local-present,production build,200,,2026-10-07T20:35:45.313Z,https://christitus.com/images/2022-thumbs/linux-security-mistakes.webp,,src/content/posts/2022/linux-security-mistakes.md
https://christitus.com/images/2022-thumbs/macos-on-linux.webp,retained,local-present,production build,200,,2026-10-07T20:35:45.313Z,https://christitus.com/images/2022-thumbs/macos-on-linux.webp,,src/content/posts/2022/macos-on-linux.md
https://christitus.com/images/2022-thumbs/making-the-perfect-phone.webp,retained,local-present,production build,200,,2026-10-07T20:35:45.313Z,https://christitus.com/images/2022-thumbs/making-the-perfect-phone.webp,,src/content/posts/2022/making-the-perfect-phone.md
https://christitus.com/images/2022-thumbs/neovim-is-better.webp,retained,local-present,production build,200,,2026-10-07T20:35:45.313Z,https://christitus.com/images/2022-thumbs/neovim-is-better.webp,,src/content/posts/2022/neovim-is-better.md
https://christitus.com/images/2022-thumbs/nix-package-manager.webp,retained,local-present,production build,200,,2026-10-07T20:35:45.313Z,https://christitus.com/images/2022-thumbs/nix-package-manager.webp,,src/content/posts/2022/nix-package-manager.md
https://christitus.com/images/2022-thumbs/not-safe-windows.webp,retained,local-present,production build,200,,2026-10-07T20:35:45.313Z,https://christitus.com/images/2022-thumbs/not-safe-windows.webp,,src/content/posts/2022/not-safe-windows.md
https://christitus.com/images/2022-thumbs/ntlite-guide.webp,retained,local-present,production build,200,,2026-10-07T20:35:45.313Z,https://christitus.com/images/2022-thumbs/ntlite-guide.webp,,src/content/posts/2022/ntlite-guide.md
https://christitus.com/images/2022-thumbs/obsidian.webp,retained,local-present,production build,200,,2026-10-07T20:35:45.313Z,https://christitus.com/images/2022-thumbs/obsidian.webp,,src/content/posts/2022/obsidian.md
https://christitus.com/images/2022-thumbs/one-tool-for-everything.webp,retained,local-present,production build,200,,2026-10-07T20:35:45.313Z,https://christitus.com/images/2022-thumbs/one-tool-for-everything.webp,,src/content/posts/2022/one-tool-for-everything.md
https://christitus.com/images/2022-thumbs/pretty-powershell.webp,retained,local-present,production build,200,,2026-10-07T20:35:45.313Z,https://christitus.com/images/2022-thumbs/pretty-powershell.webp,,src/content/posts/2022/pretty-powershell.md
https://christitus.com/images/2022-thumbs/pros-use-bleachbit.webp,retained,local-present,production build,200,,2026-10-07T20:35:45.313Z,https://christitus.com/images/2022-thumbs/pros-use-bleachbit.webp,,src/content/posts/2022/pros-use-bleachbit.md
https://christitus.com/images/2022-thumbs/qemu.webp,retained,local-present,production build,200,,2026-10-07T20:35:45.313Z,https://christitus.com/images/2022-thumbs/qemu.webp,,src/content/posts/2022/vm-setup-in-linux.md
https://christitus.com/images/2022-thumbs/quickemu.webp,retained,local-present,production build,200,,2026-10-07T20:35:45.313Z,https://christitus.com/images/2022-thumbs/quickemu.webp,,src/content/posts/2022/quickemu.md
https://christitus.com/images/2022-thumbs/reagentc-windows-recovery-partition.webp,retained,local-present,production build,200,,2026-10-07T20:35:45.313Z,https://christitus.com/images/2022-thumbs/reagentc-windows-recovery-partition.webp,,src/content/posts/2022/reagentc-windows-recovery-partition.md
https://christitus.com/images/2022-thumbs/regex.webp,retained,local-present,production build,200,,2026-10-07T20:35:45.313Z,https://christitus.com/images/2022-thumbs/regex.webp,,src/content/posts/2022/regex.md
https://christitus.com/images/2022-thumbs/robocopy.webp,retained,local-present,production build,200,,2026-10-07T20:35:45.313Z,https://christitus.com/images/2022-thumbs/robocopy.webp,,src/content/posts/2022/robocopy.md
https://christitus.com/images/2022-thumbs/screensavers.webp,retained,local-present,production build,200,,2026-10-07T20:35:45.313Z,https://christitus.com/images/2022-thumbs/screensavers.webp,,src/content/posts/2022/starfield-screensaver.md
https://christitus.com/images/2022-thumbs/setting-up-the-ultimate-windows-11.webp,retained,local-present,production build,200,,2026-10-07T20:35:45.313Z,https://christitus.com/images/2022-thumbs/setting-up-the-ultimate-windows-11.webp,,src/content/posts/2022/setting-up-the-ultimate-windows-11.md
https://christitus.com/images/2022-thumbs/shell-the-essential-app.webp,retained,local-present,production build,200,,2026-10-07T20:35:45.313Z,https://christitus.com/images/2022-thumbs/shell-the-essential-app.webp,,src/content/posts/2022/shell-the-essential-app.md
https://christitus.com/images/2022-thumbs/shrink-vmware-vmdk.webp,retained,local-present,production build,200,,2026-10-07T20:35:45.313Z,https://christitus.com/images/2022-thumbs/shrink-vmware-vmdk.webp,,src/content/posts/2022/shrink-vmware-vmdk.md
https://christitus.com/images/2022-thumbs/speedup-linux.webp,retained,local-present,production build,200,,2026-10-07T20:35:45.313Z,https://christitus.com/images/2022-thumbs/speedup-linux.webp,,src/content/posts/2022/speedup-linux.md
https://christitus.com/images/2022-thumbs/star-trek-os.webp,retained,local-present,production build,200,,2026-10-07T20:35:45.313Z,https://christitus.com/images/2022-thumbs/star-trek-os.webp,,src/content/posts/2022/star-trek-os.md
https://christitus.com/images/2022-thumbs/stop-using-apt.webp,retained,local-present,production build,200,,2026-10-07T20:35:45.313Z,https://christitus.com/images/2022-thumbs/stop-using-apt.webp,,src/content/posts/2022/stop-using-apt.md
https://christitus.com/images/2022-thumbs/switching-to-dumbphone.webp,retained,local-present,production build,200,,2026-10-07T20:35:45.313Z,https://christitus.com/images/2022-thumbs/switching-to-dumbphone.webp,,src/content/posts/2022/switching-to-dumbphone.md
https://christitus.com/images/2022-thumbs/switching-to-ubuntu.webp,retained,local-present,production build,200,,2026-10-07T20:35:45.313Z,https://christitus.com/images/2022-thumbs/switching-to-ubuntu.webp,,src/content/posts/2022/switching-to-ubuntu.md
https://christitus.com/images/2022-thumbs/twitter-archive.webp,retained,local-present,production build,200,,2026-10-07T20:35:45.313Z,https://christitus.com/images/2022-thumbs/twitter-archive.webp,,src/content/posts/2022/twitter-archive.md
https://christitus.com/images/2022-thumbs/ubuntu-decline.webp,retained,local-present,production build,200,,2026-10-07T20:35:45.313Z,https://christitus.com/images/2022-thumbs/ubuntu-decline.webp,,src/content/posts/2022/ubuntu-decline.md
https://christitus.com/images/2022-thumbs/ubuntus-arm-is-good.webp,retained,local-present,production build,200,,2026-10-07T20:35:45.313Z,https://christitus.com/images/2022-thumbs/ubuntus-arm-is-good.webp,,src/content/posts/2022/ubuntus-arm-is-good.md
https://christitus.com/images/2022-thumbs/unlock-steam-deck.webp,retained,local-present,production build,200,,2026-10-07T20:35:45.313Z,https://christitus.com/images/2022-thumbs/unlock-steam-deck.webp,,src/content/posts/2022/unlock-steam-deck.md
https://christitus.com/images/2022-thumbs/urbackup.webp,retained,local-present,production build,200,,2026-10-07T20:35:45.313Z,https://christitus.com/images/2022-thumbs/urbackup.webp,,src/content/posts/2022/urbackup.md
https://christitus.com/images/2022-thumbs/using-github-correctly.webp,retained,local-present,production build,200,,2026-10-07T20:35:45.313Z,https://christitus.com/images/2022-thumbs/using-github-correctly.webp,,src/content/posts/2022/using-github-correctly.md
https://christitus.com/images/2022-thumbs/vim-the-ultimate-editor.webp,retained,local-present,production build,200,,2026-10-07T20:35:45.313Z,https://christitus.com/images/2022-thumbs/vim-the-ultimate-editor.webp,,src/content/posts/2022/vim-the-ultimate-editor.md
https://christitus.com/images/2022-thumbs/virtual-machine-formats.webp,retained,local-present,production build,200,,2026-10-07T20:35:45.313Z,https://christitus.com/images/2022-thumbs/virtual-machine-formats.webp,,src/content/posts/2022/virtual-machine-formats.md
https://christitus.com/images/2022-thumbs/why-the-cli-is-op.webp,retained,local-present,production build,200,,2026-10-07T20:35:45.313Z,https://christitus.com/images/2022-thumbs/why-the-cli-is-op.webp,,src/content/posts/2022/why-the-cli-is-op.md
https://christitus.com/images/2022-thumbs/why-we-dont-browse-the-internet-anymore.webp,retained,local-present,production build,200,,2026-10-07T20:35:45.313Z,https://christitus.com/images/2022-thumbs/why-we-dont-browse-the-internet-anymore.webp,,src/content/posts/2022/why-we-dont-browse-the-internet-anymore.md
https://christitus.com/images/2022-thumbs/win10-to-win11.webp,retained,local-present,production build,200,,2026-10-07T20:35:45.313Z,https://christitus.com/images/2022-thumbs/win10-to-win11.webp,,src/content/posts/2022/win10-to-win11.md
https://christitus.com/images/2022-thumbs/windows-explorer-stealing-cpu.webp,retained,local-present,production build,200,,2026-10-07T20:35:45.313Z,https://christitus.com/images/2022-thumbs/windows-explorer-stealing-cpu.webp,,src/content/posts/2022/windows-explorer-stealing-cpu.md
https://christitus.com/images/2022-thumbs/windows-inside-linux.webp,retained,local-present,production build,200,,2026-10-07T20:35:45.313Z,https://christitus.com/images/2022-thumbs/windows-inside-linux.webp,,src/content/posts/2022/windows-inside-linux.md
https://christitus.com/images/2022-thumbs/windows-tool.webp,retained,local-present,production build,200,,2026-10-07T20:35:45.313Z,https://christitus.com/images/2022-thumbs/windows-tool.webp,,src/content/posts/2022/windows-tool.md
https://christitus.com/images/2022-thumbs/worst-tech-of-2022.webp,retained,local-present,production build,200,,2026-10-07T20:35:45.313Z,https://christitus.com/images/2022-thumbs/worst-tech-of-2022.webp,,src/content/posts/2022/worst-tech-of-2022.md
https://christitus.com/images/2022/01-robocopy/start-menu.webp,retained,local-present,production build,200,,2026-10-07T20:35:45.313Z,https://christitus.com/images/2022/01-robocopy/start-menu.webp,,src/content/posts/2022/robocopy.md
https://christitus.com/images/2022/04-chromeos/Terminal.webp,retained,local-present,production build,200,,2026-10-07T20:35:45.313Z,https://christitus.com/images/2022/04-chromeos/Terminal.webp,,src/content/posts/2022/30days-chromeos.md
https://christitus.com/images/2022/04-chromeos/chromeos-linux.webp,retained,local-present,production build,200,,2026-10-07T20:35:45.313Z,https://christitus.com/images/2022/04-chromeos/chromeos-linux.webp,,src/content/posts/2022/30days-chromeos.md
https://christitus.com/images/2022/04-obsidian/homepage.webp,retained,local-present,production build,200,,2026-10-07T20:35:45.313Z,https://christitus.com/images/2022/04-obsidian/homepage.webp,,src/content/posts/2022/obsidian.md
https://christitus.com/images/2022/04-obsidian/kanban-settings.webp,retained,local-present,production build,200,,2026-10-07T20:35:45.313Z,https://christitus.com/images/2022/04-obsidian/kanban-settings.webp,,src/content/posts/2022/obsidian.md
https://christitus.com/images/2022/04-obsidian/kanban-settings2.webp,retained,local-present,production build,200,,2026-10-07T20:35:45.313Z,https://christitus.com/images/2022/04-obsidian/kanban-settings2.webp,,src/content/posts/2022/obsidian.md
https://christitus.com/images/2022/04-obsidian/plugins.webp,retained,local-present,production build,200,,2026-10-07T20:35:45.313Z,https://christitus.com/images/2022/04-obsidian/plugins.webp,,src/content/posts/2022/obsidian.md
https://christitus.com/images/2022/5-terminal-commands/autojump.webp,retained,local-present,production build,200,,2026-10-07T20:35:45.313Z,https://christitus.com/images/2022/5-terminal-commands/autojump.webp,,src/content/posts/2022/5-terminal-commands.md
https://christitus.com/images/2022/5-terminal-commands/cmatrix.webp,retained,local-present,production build,200,,2026-10-07T20:35:45.313Z,https://christitus.com/images/2022/5-terminal-commands/cmatrix.webp,,src/content/posts/2022/5-terminal-commands.md
https://christitus.com/images/2022/5-terminal-commands/tldr.webp,retained,local-present,production build,200,,2026-10-07T20:35:45.313Z,https://christitus.com/images/2022/5-terminal-commands/tldr.webp,,src/content/posts/2022/5-terminal-commands.md
https://christitus.com/images/2022/5-terminal-commands/trash-cli.webp,retained,local-present,production build,200,,2026-10-07T20:35:45.313Z,https://christitus.com/images/2022/5-terminal-commands/trash-cli.webp,,src/content/posts/2022/5-terminal-commands.md
https://christitus.com/images/2022/Windows-22H2-problems/issue-update.webp,retained,local-present,production build,200,,2026-10-07T20:35:45.313Z,https://christitus.com/images/2022/Windows-22H2-problems/issue-update.webp,,src/content/posts/2022/Windows-22H2-problems.md
https://christitus.com/images/2022/Windows-22H2-problems/ms-known-issues.webp,retained,local-present,production build,200,,2026-10-07T20:35:45.313Z,https://christitus.com/images/2022/Windows-22H2-problems/ms-known-issues.webp,,src/content/posts/2022/Windows-22H2-problems.md
https://christitus.com/images/2022/acronis-true-image/av.webp,retained,local-present,production build,200,,2026-10-07T20:35:45.313Z,https://christitus.com/images/2022/acronis-true-image/av.webp,,src/content/posts/2022/acronis-true-image.md
https://christitus.com/images/2022/acronis-true-image/backup.webp,retained,local-present,production build,200,,2026-10-07T20:35:45.313Z,https://christitus.com/images/2022/acronis-true-image/backup.webp,,src/content/posts/2022/acronis-true-image.md
https://christitus.com/images/2022/acronis-true-image/cost.webp,retained,local-present,production build,200,,2026-10-07T20:35:45.313Z,https://christitus.com/images/2022/acronis-true-image/cost.webp,,src/content/posts/2022/acronis-true-image.md
https://christitus.com/images/2022/acronis-true-image/sync.webp,retained,local-present,production build,200,,2026-10-07T20:35:45.313Z,https://christitus.com/images/2022/acronis-true-image/sync.webp,,src/content/posts/2022/acronis-true-image.md
https://christitus.com/images/2022/android/final.webp,retained,local-present,production build,200,,2026-10-07T20:35:45.313Z,https://christitus.com/images/2022/android/final.webp,,src/content/posts/2022/making-the-perfect-phone.md
https://christitus.com/images/2022/android/home.webp,retained,local-present,production build,200,,2026-10-07T20:35:45.313Z,https://christitus.com/images/2022/android/home.webp,,src/content/posts/2022/making-the-perfect-phone.md
https://christitus.com/images/2022/android/select.webp,retained,local-present,production build,200,,2026-10-07T20:35:45.313Z,https://christitus.com/images/2022/android/select.webp,,src/content/posts/2022/making-the-perfect-phone.md
https://christitus.com/images/2022/android/uad.webp,retained,local-present,production build,200,,2026-10-07T20:35:45.313Z,https://christitus.com/images/2022/android/uad.webp,,src/content/posts/2022/making-the-perfect-phone.md
https://christitus.com/images/2022/antivirus-worthless/encrypted-file.webp,retained,local-present,production build,200,,2026-10-07T20:35:45.313Z,https://christitus.com/images/2022/antivirus-worthless/encrypted-file.webp,,src/content/posts/2022/antivirus-worthless.md
https://christitus.com/images/2022/antivirus-worthless/script-virus.webp,retained,local-present,production build,200,,2026-10-07T20:35:45.313Z,https://christitus.com/images/2022/antivirus-worthless/script-virus.webp,,src/content/posts/2022/antivirus-worthless.md
https://christitus.com/images/2022/antivirus-worthless/signed-file.webp,retained,local-present,production build,200,,2026-10-07T20:35:45.313Z,https://christitus.com/images/2022/antivirus-worthless/signed-file.webp,,src/content/posts/2022/antivirus-worthless.md
https://christitus.com/images/2022/antivirus-worthless/virus-ps1-exe.webp,retained,local-present,production build,200,,2026-10-07T20:35:45.313Z,https://christitus.com/images/2022/antivirus-worthless/virus-ps1-exe.webp,,src/content/posts/2022/antivirus-worthless.md
https://christitus.com/images/2022/beautiful-bash/alias.webp,retained,local-present,production build,200,,2026-10-07T20:35:45.313Z,https://christitus.com/images/2022/beautiful-bash/alias.webp,,src/content/posts/2022/beautiful-bash.md
https://christitus.com/images/2022/beautiful-bash/prompt.webp,retained,local-present,production build,200,,2026-10-07T20:35:45.313Z,https://christitus.com/images/2022/beautiful-bash/prompt.webp,,src/content/posts/2022/beautiful-bash.md
https://christitus.com/images/2022/best-browser-extensions/auth.webp,retained,local-present,production build,200,,2026-10-07T20:35:45.313Z,https://christitus.com/images/2022/best-browser-extensions/auth.webp,,src/content/posts/2022/best-browser-extensions.md
https://christitus.com/images/2022/best-browser-extensions/checker-plus.webp,retained,local-present,production build,200,,2026-10-07T20:35:45.313Z,https://christitus.com/images/2022/best-browser-extensions/checker-plus.webp,,src/content/posts/2022/best-browser-extensions.md
https://christitus.com/images/2022/best-browser-extensions/clickandclean.webp,retained,local-present,production build,200,,2026-10-07T20:35:45.313Z,https://christitus.com/images/2022/best-browser-extensions/clickandclean.webp,,src/content/posts/2022/best-browser-extensions.md
https://christitus.com/images/2022/best-browser-extensions/fullscreen.webp,retained,local-present,production build,200,,2026-10-07T20:35:45.313Z,https://christitus.com/images/2022/best-browser-extensions/fullscreen.webp,,src/content/posts/2022/best-browser-extensions.md
https://christitus.com/images/2022/best-browser-extensions/github-notifications.webp,retained,local-present,production build,200,,2026-10-07T20:35:45.313Z,https://christitus.com/images/2022/best-browser-extensions/github-notifications.webp,,src/content/posts/2022/best-browser-extensions.md
https://christitus.com/images/2022/best-browser-extensions/highlights.webp,retained,local-present,production build,200,,2026-10-07T20:35:45.313Z,https://christitus.com/images/2022/best-browser-extensions/highlights.webp,,src/content/posts/2022/best-browser-extensions.md
https://christitus.com/images/2022/best-browser-extensions/midnight-lizard.webp,retained,local-present,production build,200,,2026-10-07T20:35:45.313Z,https://christitus.com/images/2022/best-browser-extensions/midnight-lizard.webp,,src/content/posts/2022/best-browser-extensions.md
https://christitus.com/images/2022/best-browser-extensions/momentum.webp,retained,local-present,production build,200,,2026-10-07T20:35:45.313Z,https://christitus.com/images/2022/best-browser-extensions/momentum.webp,,src/content/posts/2022/best-browser-extensions.md
https://christitus.com/images/2022/best-browser-extensions/roboform.webp,retained,local-present,production build,200,,2026-10-07T20:35:45.313Z,https://christitus.com/images/2022/best-browser-extensions/roboform.webp,,src/content/posts/2022/best-browser-extensions.md
https://christitus.com/images/2022/best-browser-extensions/rss-feeds.webp,retained,local-present,production build,200,,2026-10-07T20:35:45.313Z,https://christitus.com/images/2022/best-browser-extensions/rss-feeds.webp,,src/content/posts/2022/best-browser-extensions.md
https://christitus.com/images/2022/bleachbit.webp,retained,local-present,production build,200,,2026-10-07T20:35:45.313Z,https://christitus.com/images/2022/bleachbit.webp,,src/content/posts/2022/pros-use-bleachbit.md
https://christitus.com/images/2022/block-razer-bloatware/bloatware.webp,retained,local-present,production build,200,,2026-10-07T20:35:45.313Z,https://christitus.com/images/2022/block-razer-bloatware/bloatware.webp,,src/content/posts/2022/block-razer-bloatware.md
https://christitus.com/images/2022/but-why.gif,retained,local-present,production build,200,,2026-10-07T20:35:45.313Z,https://christitus.com/images/2022/but-why.gif,,src/content/posts/2022/installing-appx-without-msstore.md
https://christitus.com/images/2022/buying-cheap-ebay-graphics-card/backplate-5700x.webp,retained,local-present,production build,200,,2026-10-07T20:35:45.313Z,https://christitus.com/images/2022/buying-cheap-ebay-graphics-card/backplate-5700x.webp,,src/content/posts/2022/buying-cheap-ebay-graphics-card.md
https://christitus.com/images/2022/buying-cheap-ebay-graphics-card/ebay-itemview.webp,retained,local-present,production build,200,,2026-10-07T20:35:45.313Z,https://christitus.com/images/2022/buying-cheap-ebay-graphics-card/ebay-itemview.webp,,src/content/posts/2022/buying-cheap-ebay-graphics-card.md
https://christitus.com/images/2022/buying-cheap-ebay-graphics-card/ebay.webp,retained,local-present,production build,200,,2026-10-07T20:35:45.313Z,https://christitus.com/images/2022/buying-cheap-ebay-graphics-card/ebay.webp,,src/content/posts/2022/buying-cheap-ebay-graphics-card.md
https://christitus.com/images/2022/buying-cheap-ebay-graphics-card/retail.webp,retained,local-present,production build,200,,2026-10-07T20:35:45.313Z,https://christitus.com/images/2022/buying-cheap-ebay-graphics-card/retail.webp,,src/content/posts/2022/buying-cheap-ebay-graphics-card.md
https://christitus.com/images/2022/bypass-paywalls/bypass-paywalls.webp,retained,local-present,production build,200,,2026-10-07T20:35:45.313Z,https://christitus.com/images/2022/bypass-paywalls/bypass-paywalls.webp,,src/content/posts/2022/bypass-paywalls.md
https://christitus.com/images/2022/bypass-paywalls/clickbait-remover.webp,retained,local-present,production build,200,,2026-10-07T20:35:45.313Z,https://christitus.com/images/2022/bypass-paywalls/clickbait-remover.webp,,src/content/posts/2022/bypass-paywalls.md
https://christitus.com/images/2022/bypass-paywalls/cookie-remover.webp,retained,local-present,production build,200,,2026-10-07T20:35:45.313Z,https://christitus.com/images/2022/bypass-paywalls/cookie-remover.webp,,src/content/posts/2022/bypass-paywalls.md
https://christitus.com/images/2022/bypass-paywalls/dev-mode-load.webp,retained,local-present,production build,200,,2026-10-07T20:35:45.313Z,https://christitus.com/images/2022/bypass-paywalls/dev-mode-load.webp,,src/content/posts/2022/bypass-paywalls.md
https://christitus.com/images/2022/bypass-paywalls/youtube-enhancer.webp,retained,local-present,production build,200,,2026-10-07T20:35:45.313Z,https://christitus.com/images/2022/bypass-paywalls/youtube-enhancer.webp,,src/content/posts/2022/bypass-paywalls.md
https://christitus.com/images/2022/chezmoi/diagram.webp,retained,local-present,production build,200,,2026-10-07T20:35:45.313Z,https://christitus.com/images/2022/chezmoi/diagram.webp,,src/content/posts/2022/chezmoi.md
https://christitus.com/images/2022/chezmoi/git-desktop.webp,retained,local-present,production build,200,,2026-10-07T20:35:45.313Z,https://christitus.com/images/2022/chezmoi/git-desktop.webp,,src/content/posts/2022/chezmoi.md
https://christitus.com/images/2022/chezmoi/new-repo.webp,retained,local-present,production build,200,,2026-10-07T20:35:45.313Z,https://christitus.com/images/2022/chezmoi/new-repo.webp,,src/content/posts/2022/chezmoi.md
https://christitus.com/images/2022/choose-linux-distribution/arch.webp,retained,local-present,production build,200,,2026-10-07T20:35:45.313Z,https://christitus.com/images/2022/choose-linux-distribution/arch.webp,,src/content/posts/2022/choose-linux-distro.md
https://christitus.com/images/2022/choose-linux-distribution/debian.webp,retained,local-present,production build,200,,2026-10-07T20:35:45.313Z,https://christitus.com/images/2022/choose-linux-distribution/debian.webp,,src/content/posts/2022/choose-linux-distro.md
https://christitus.com/images/2022/choose-linux-distribution/distros.webp,retained,local-present,production build,200,,2026-10-07T20:35:45.313Z,https://christitus.com/images/2022/choose-linux-distribution/distros.webp,,src/content/posts/2022/choose-linux-distro.md
https://christitus.com/images/2022/choose-linux-distribution/fedora.webp,retained,local-present,production build,200,,2026-10-07T20:35:45.313Z,https://christitus.com/images/2022/choose-linux-distribution/fedora.webp,,src/content/posts/2022/choose-linux-distro.md
https://christitus.com/images/2022/customizing-steam-games-in-linux/corefont-install.webp,retained,local-present,production build,200,,2026-10-07T20:35:45.313Z,https://christitus.com/images/2022/customizing-steam-games-in-linux/corefont-install.webp,,src/content/posts/2022/customizing-steam-games-in-linux.md
https://christitus.com/images/2022/customizing-steam-games-in-linux/list-proton.webp,retained,local-present,production build,200,,2026-10-07T20:35:45.313Z,https://christitus.com/images/2022/customizing-steam-games-in-linux/list-proton.webp,,src/content/posts/2022/customizing-steam-games-in-linux.md
https://christitus.com/images/2022/customizing-steam-games-in-linux/plugin-launch.webp,retained,local-present,production build,200,,2026-10-07T20:35:45.313Z,https://christitus.com/images/2022/customizing-steam-games-in-linux/plugin-launch.webp,,src/content/posts/2022/customizing-steam-games-in-linux.md
https://christitus.com/images/2022/debian.webp,retained,local-present,production build,200,,2026-10-07T20:35:45.313Z,https://christitus.com/images/2022/debian.webp,,src/content/posts/2022/hate-linux-distributions.md
https://christitus.com/images/2022/docker-macos/container.webp,retained,local-present,production build,200,,2026-10-07T20:35:45.313Z,https://christitus.com/images/2022/docker-macos/container.webp,,src/content/posts/2022/docker-macos.md
https://christitus.com/images/2022/docker-macos/disk-util.webp,retained,local-present,production build,200,,2026-10-07T20:35:45.313Z,https://christitus.com/images/2022/docker-macos/disk-util.webp,,src/content/posts/2022/docker-macos.md
https://christitus.com/images/2022/docker-macos/macos-final.webp,retained,local-present,production build,200,,2026-10-07T20:35:45.313Z,https://christitus.com/images/2022/docker-macos/macos-final.webp,,src/content/posts/2022/docker-macos.md
https://christitus.com/images/2022/docker-macos/portainer.webp,retained,local-present,production build,200,,2026-10-07T20:35:45.313Z,https://christitus.com/images/2022/docker-macos/portainer.webp,,src/content/posts/2022/docker-macos.md
https://christitus.com/images/2022/dumbphone/web-message.webp,retained,local-present,production build,200,,2026-10-07T20:35:45.313Z,https://christitus.com/images/2022/dumbphone/web-message.webp,,src/content/posts/2022/switching-to-dumbphone.md
https://christitus.com/images/2022/fix-corrupt-windows-install/dism-normal.webp,retained,local-present,production build,200,,2026-10-07T20:35:45.313Z,https://christitus.com/images/2022/fix-corrupt-windows-install/dism-normal.webp,,src/content/posts/2022/fix-corrupt-windows-install.md
https://christitus.com/images/2022/fix-libGL-error.webp,retained,local-present,production build,200,,2026-10-07T20:35:45.313Z,https://christitus.com/images/2022/fix-libGL-error.webp,,src/content/posts/2022/fix-libGL0-error.md
https://christitus.com/images/2022/future-internet/domains.webp,retained,local-present,production build,200,,2026-10-07T20:35:45.313Z,https://christitus.com/images/2022/future-internet/domains.webp,,src/content/posts/2022/future-internet.md
https://christitus.com/images/2022/future-internet/ipfs-settings.webp,retained,local-present,production build,200,,2026-10-07T20:35:45.313Z,https://christitus.com/images/2022/future-internet/ipfs-settings.webp,,src/content/posts/2022/future-internet.md
https://christitus.com/images/2022/github/git-commits.webp,retained,local-present,production build,200,,2026-10-07T20:35:45.313Z,https://christitus.com/images/2022/github/git-commits.webp,,src/content/posts/2022/using-github-correctly.md
https://christitus.com/images/2022/hardentools.webp,retained,local-present,production build,200,,2026-10-07T20:35:45.313Z,https://christitus.com/images/2022/hardentools.webp,,src/content/posts/2022/not-safe-windows.md
https://christitus.com/images/2022/hate-linux-distributions/doom.webp,retained,local-present,production build,200,,2026-10-07T20:35:45.313Z,https://christitus.com/images/2022/hate-linux-distributions/doom.webp,,src/content/posts/2022/hate-linux-distributions.md
https://christitus.com/images/2022/hate.gif,retained,local-present,production build,200,,2026-10-07T20:35:45.313Z,https://christitus.com/images/2022/hate.gif,,src/content/posts/2022/hate-linux-distributions.md
https://christitus.com/images/2022/holo.webp,retained,local-present,production build,200,,2026-10-07T20:35:45.313Z,https://christitus.com/images/2022/holo.webp,,src/content/posts/2022/unlock-steam-deck.md
https://christitus.com/images/2022/installing-appx-without-msstore/app-store.webp,retained,local-present,production build,200,,2026-10-07T20:35:45.313Z,https://christitus.com/images/2022/installing-appx-without-msstore/app-store.webp,,src/content/posts/2022/installing-appx-without-msstore.md
https://christitus.com/images/2022/installing-appx-without-msstore/rg-adguard.webp,retained,local-present,production build,200,,2026-10-07T20:35:45.313Z,https://christitus.com/images/2022/installing-appx-without-msstore/rg-adguard.webp,,src/content/posts/2022/installing-appx-without-msstore.md
https://christitus.com/images/2022/laptop-power/thermal.webp,retained,local-present,production build,200,,2026-10-07T20:35:45.313Z,https://christitus.com/images/2022/laptop-power/thermal.webp,,src/content/posts/2022/laptop-power-management.md
https://christitus.com/images/2022/laptop-power/win-power.webp,retained,local-present,production build,200,,2026-10-07T20:35:45.313Z,https://christitus.com/images/2022/laptop-power/win-power.webp,,src/content/posts/2022/laptop-power-management.md
https://christitus.com/images/2022/linux-security-mistakes/basic-layers.webp,retained,local-present,production build,200,,2026-10-07T20:35:45.313Z,https://christitus.com/images/2022/linux-security-mistakes/basic-layers.webp,,src/content/posts/2022/linux-security-mistakes.md
https://christitus.com/images/2022/nala/mirror.webp,retained,local-present,production build,200,,2026-10-07T20:35:45.313Z,https://christitus.com/images/2022/nala/mirror.webp,,src/content/posts/2022/stop-using-apt.md
https://christitus.com/images/2022/nala/nala.webp,retained,local-present,production build,200,,2026-10-07T20:35:45.313Z,https://christitus.com/images/2022/nala/nala.webp,,src/content/posts/2022/stop-using-apt.md
https://christitus.com/images/2022/neovim-is-better/checkhealth.webp,retained,local-present,production build,200,,2026-10-07T20:35:45.313Z,https://christitus.com/images/2022/neovim-is-better/checkhealth.webp,,src/content/posts/2022/neovim-is-better.md
https://christitus.com/images/2022/neovim-is-better/mason.webp,retained,local-present,production build,200,,2026-10-07T20:35:45.313Z,https://christitus.com/images/2022/neovim-is-better/mason.webp,,src/content/posts/2022/neovim-is-better.md
https://christitus.com/images/2022/ntlite/apply-settings.webp,retained,local-present,production build,200,,2026-10-07T20:35:45.313Z,https://christitus.com/images/2022/ntlite/apply-settings.webp,,src/content/posts/2022/ntlite-guide.md
https://christitus.com/images/2022/ntlite/create-iso.webp,retained,local-present,production build,200,,2026-10-07T20:35:45.313Z,https://christitus.com/images/2022/ntlite/create-iso.webp,,src/content/posts/2022/ntlite-guide.md
https://christitus.com/images/2022/ntlite/download-iso.webp,retained,local-present,production build,200,,2026-10-07T20:35:45.313Z,https://christitus.com/images/2022/ntlite/download-iso.webp,,src/content/posts/2022/ntlite-guide.md
https://christitus.com/images/2022/ntlite/import-image.webp,retained,local-present,production build,200,,2026-10-07T20:35:45.313Z,https://christitus.com/images/2022/ntlite/import-image.webp,,src/content/posts/2022/ntlite-guide.md
https://christitus.com/images/2022/ntlite/ntlite.webp,retained,local-present,production build,200,,2026-10-07T20:35:45.313Z,https://christitus.com/images/2022/ntlite/ntlite.webp,,src/content/posts/2022/ntlite-guide.md
https://christitus.com/images/2022/one-tool-for-everything/tweaks.webp,retained,local-present,production build,200,,2026-10-07T20:35:45.313Z,https://christitus.com/images/2022/one-tool-for-everything/tweaks.webp,,src/content/posts/2022/one-tool-for-everything.md
https://christitus.com/images/2022/pretty-powershell/end-result.webp,retained,local-present,production build,200,,2026-10-07T20:35:45.313Z,https://christitus.com/images/2022/pretty-powershell/end-result.webp,,src/content/posts/2022/pretty-powershell.md
https://christitus.com/images/2022/pretty-powershell/win10.webp,retained,local-present,production build,200,,2026-10-07T20:35:45.313Z,https://christitus.com/images/2022/pretty-powershell/win10.webp,,src/content/posts/2022/pretty-powershell.md
https://christitus.com/images/2022/pretty-powershell/win11.webp,retained,local-present,production build,200,,2026-10-07T20:35:45.313Z,https://christitus.com/images/2022/pretty-powershell/win11.webp,,src/content/posts/2022/pretty-powershell.md
https://christitus.com/images/2022/qemu/guest-agent.webp,retained,local-present,production build,200,,2026-10-07T20:35:45.313Z,https://christitus.com/images/2022/qemu/guest-agent.webp,,src/content/posts/2022/windows-inside-linux.md
https://christitus.com/images/2022/qemu/hdd.webp,retained,local-present,production build,200,,2026-10-07T20:35:45.313Z,https://christitus.com/images/2022/qemu/hdd.webp,,src/content/posts/2022/macos-on-linux.md;src/content/posts/2022/windows-inside-linux.md
https://christitus.com/images/2022/quickemu/kubuntu-download.webp,retained,local-present,production build,200,,2026-10-07T20:35:45.313Z,https://christitus.com/images/2022/quickemu/kubuntu-download.webp,,src/content/posts/2022/quickemu.md
https://christitus.com/images/2022/quickemu/quickgui.webp,retained,local-present,production build,200,,2026-10-07T20:35:45.313Z,https://christitus.com/images/2022/quickemu/quickgui.webp,,src/content/posts/2022/quickemu.md
https://christitus.com/images/2022/reagentc-windows-recovery-partition/recovery.webp,retained,local-present,production build,200,,2026-10-07T20:35:45.313Z,https://christitus.com/images/2022/reagentc-windows-recovery-partition/recovery.webp,,src/content/posts/2022/reagentc-windows-recovery-partition.md
https://christitus.com/images/2022/reagentc-windows-recovery-partition/regedit.webp,retained,local-present,production build,200,,2026-10-07T20:35:45.313Z,https://christitus.com/images/2022/reagentc-windows-recovery-partition/regedit.webp,,src/content/posts/2022/reagentc-windows-recovery-partition.md
https://christitus.com/images/2022/reagentc-windows-recovery-partition/sfc.webp,retained,local-present,production build,200,,2026-10-07T20:35:45.313Z,https://christitus.com/images/2022/reagentc-windows-recovery-partition/sfc.webp,,src/content/posts/2022/reagentc-windows-recovery-partition.md
https://christitus.com/images/2022/reagentc-windows-recovery-partition/updates.webp,retained,local-present,production build,200,,2026-10-07T20:35:45.313Z,https://christitus.com/images/2022/reagentc-windows-recovery-partition/updates.webp,,src/content/posts/2022/reagentc-windows-recovery-partition.md
https://christitus.com/images/2022/regex/text-example.webp,retained,local-present,production build,200,,2026-10-07T20:35:45.313Z,https://christitus.com/images/2022/regex/text-example.webp,,src/content/posts/2022/regex.md
https://christitus.com/images/2022/remove-win-defender/real-monitoring.webp,retained,local-present,production build,200,,2026-10-07T20:35:45.313Z,https://christitus.com/images/2022/remove-win-defender/real-monitoring.webp,,src/content/posts/2022/disable-win-defender.md
https://christitus.com/images/2022/shell-the-essential-app/menu.webp,retained,local-present,production build,200,,2026-10-07T20:35:45.313Z,https://christitus.com/images/2022/shell-the-essential-app/menu.webp,,src/content/posts/2022/shell-the-essential-app.md
https://christitus.com/images/2022/shell-the-essential-app/shell.webp,retained,local-present,production build,200,,2026-10-07T20:35:45.313Z,https://christitus.com/images/2022/shell-the-essential-app/shell.webp,,src/content/posts/2022/shell-the-essential-app.md
https://christitus.com/images/2022/shell-the-essential-app/shl.webp,retained,local-present,production build,200,,2026-10-07T20:35:45.313Z,https://christitus.com/images/2022/shell-the-essential-app/shl.webp,,src/content/posts/2022/shell-the-essential-app.md
https://christitus.com/images/2022/social-eng.webp,retained,local-present,production build,200,,2026-10-07T20:35:45.313Z,https://christitus.com/images/2022/social-eng.webp,,src/content/posts/2022/is-windows-bad.md
https://christitus.com/images/2022/starfield-screensaver/bsod.webp,retained,local-present,production build,200,,2026-10-07T20:35:45.313Z,https://christitus.com/images/2022/starfield-screensaver/bsod.webp,,src/content/posts/2022/starfield-screensaver.md
https://christitus.com/images/2022/starfield-screensaver/crypto-prank.webp,retained,local-present,production build,200,,2026-10-07T20:35:45.313Z,https://christitus.com/images/2022/starfield-screensaver/crypto-prank.webp,,src/content/posts/2022/starfield-screensaver.md
https://christitus.com/images/2022/starfield-screensaver/gradient.webp,retained,local-present,production build,200,,2026-10-07T20:35:45.313Z,https://christitus.com/images/2022/starfield-screensaver/gradient.webp,,src/content/posts/2022/starfield-screensaver.md
https://christitus.com/images/2022/starfield-screensaver/hyperspace.webp,retained,local-present,production build,200,,2026-10-07T20:35:45.313Z,https://christitus.com/images/2022/starfield-screensaver/hyperspace.webp,,src/content/posts/2022/starfield-screensaver.md
https://christitus.com/images/2022/starfield-screensaver/starfield.webp,retained,local-present,production build,200,,2026-10-07T20:35:45.313Z,https://christitus.com/images/2022/starfield-screensaver/starfield.webp,,src/content/posts/2022/starfield-screensaver.md
https://christitus.com/images/2022/starfield-screensaver/system47.webp,retained,local-present,production build,200,,2026-10-07T20:35:45.313Z,https://christitus.com/images/2022/starfield-screensaver/system47.webp,,src/content/posts/2022/starfield-screensaver.md
https://christitus.com/images/2022/starfield-screensaver/xp.webp,retained,local-present,production build,200,,2026-10-07T20:35:45.313Z,https://christitus.com/images/2022/starfield-screensaver/xp.webp,,src/content/posts/2022/starfield-screensaver.md
https://christitus.com/images/2022/startup.webp,retained,local-present,production build,200,,2026-10-07T20:35:45.313Z,https://christitus.com/images/2022/startup.webp,,src/content/posts/2022/clickpaste.md
https://christitus.com/images/2022/switching-to-ubuntu/tasksel.webp,retained,local-present,production build,200,,2026-10-07T20:35:45.313Z,https://christitus.com/images/2022/switching-to-ubuntu/tasksel.webp,,src/content/posts/2022/switching-to-ubuntu.md
https://christitus.com/images/2022/switching-to-ubuntu/ubuntu-titus.webp,retained,local-present,production build,200,,2026-10-07T20:35:45.313Z,https://christitus.com/images/2022/switching-to-ubuntu/ubuntu-titus.webp,,src/content/posts/2022/switching-to-ubuntu.md
https://christitus.com/images/2022/tux-suit.webp,retained,local-present,production build,200,,2026-10-07T20:35:45.313Z,https://christitus.com/images/2022/tux-suit.webp,,src/content/posts/2022/hate-linux-distributions.md
https://christitus.com/images/2022/twitter-archive/offline-twitter.webp,retained,local-present,production build,200,,2026-10-07T20:35:45.313Z,https://christitus.com/images/2022/twitter-archive/offline-twitter.webp,,src/content/posts/2022/twitter-archive.md
https://christitus.com/images/2022/twitter-archive/twitter-archive.webp,retained,local-present,production build,200,,2026-10-07T20:35:45.313Z,https://christitus.com/images/2022/twitter-archive/twitter-archive.webp,,src/content/posts/2022/twitter-archive.md
https://christitus.com/images/2022/ubuntu-decline/snaps.webp,retained,local-present,production build,200,,2026-10-07T20:35:45.313Z,https://christitus.com/images/2022/ubuntu-decline/snaps.webp,,src/content/posts/2022/ubuntu-decline.md
https://christitus.com/images/2022/ubuntu-decline/ubuntu.webp,retained,local-present,production build,200,,2026-10-07T20:35:45.313Z,https://christitus.com/images/2022/ubuntu-decline/ubuntu.webp,,src/content/posts/2022/ubuntu-decline.md
https://christitus.com/images/2022/urbackup/dash.webp,retained,local-present,production build,200,,2026-10-07T20:35:45.313Z,https://christitus.com/images/2022/urbackup/dash.webp,,src/content/posts/2022/urbackup.md
https://christitus.com/images/2022/urbackup/enable-web.webp,retained,local-present,production build,200,,2026-10-07T20:35:45.313Z,https://christitus.com/images/2022/urbackup/enable-web.webp,,src/content/posts/2022/urbackup.md
https://christitus.com/images/2022/urbackup/linux-file.webp,retained,local-present,production build,200,,2026-10-07T20:35:45.313Z,https://christitus.com/images/2022/urbackup/linux-file.webp,,src/content/posts/2022/urbackup.md
https://christitus.com/images/2022/urbackup/linux-term.webp,retained,local-present,production build,200,,2026-10-07T20:35:45.313Z,https://christitus.com/images/2022/urbackup/linux-term.webp,,src/content/posts/2022/urbackup.md
https://christitus.com/images/2022/urbackup/linux-uninstall.webp,retained,local-present,production build,200,,2026-10-07T20:35:45.313Z,https://christitus.com/images/2022/urbackup/linux-uninstall.webp,,src/content/posts/2022/urbackup.md
https://christitus.com/images/2022/vmware-ovf.webp,retained,local-present,production build,200,,2026-10-07T20:35:45.313Z,https://christitus.com/images/2022/vmware-ovf.webp,,src/content/posts/2022/shrink-vmware-vmdk.md
https://christitus.com/images/2022/vmware-vdisk.webp,retained,local-present,production build,200,,2026-10-07T20:35:45.313Z,https://christitus.com/images/2022/vmware-vdisk.webp,,src/content/posts/2022/shrink-vmware-vmdk.md
https://christitus.com/images/2022/wakatime.webp,retained,local-present,production build,200,,2026-10-07T20:35:45.313Z,https://christitus.com/images/2022/wakatime.webp,,src/content/posts/2022/be-a-better-programmer.md
https://christitus.com/images/2022/why-we-dont-browse-the-internet-anymore/altavista.webp,retained,local-present,production build,200,,2026-10-07T20:35:45.313Z,https://christitus.com/images/2022/why-we-dont-browse-the-internet-anymore/altavista.webp,,src/content/posts/2022/why-we-dont-browse-the-internet-anymore.md
https://christitus.com/images/2022/why-we-dont-browse-the-internet-anymore/google.webp,retained,local-present,production build,200,,2026-10-07T20:35:45.313Z,https://christitus.com/images/2022/why-we-dont-browse-the-internet-anymore/google.webp,,src/content/posts/2022/why-we-dont-browse-the-internet-anymore.md
https://christitus.com/images/2023-thumbs/ame-wizard-the-future-of-debloat.webp,retained,local-present,production build,200,,2026-10-07T20:35:45.313Z,https://christitus.com/images/2023-thumbs/ame-wizard-the-future-of-debloat.webp,,src/content/posts/2023/ame-wizard-the-future-of-debloat.md
https://christitus.com/images/2023-thumbs/atlasos-review.webp,retained,local-present,production build,200,,2026-10-07T20:35:45.313Z,https://christitus.com/images/2023-thumbs/atlasos-review.webp,,src/content/posts/2023/atlasos-review.md
https://christitus.com/images/2023-thumbs/changes.webp,retained,local-present,production build,200,,2026-10-07T20:35:45.313Z,https://christitus.com/images/2023-thumbs/changes.webp,,src/content/posts/2023/changes.md
https://christitus.com/images/2023-thumbs/creating-a-secure-system.webp,retained,local-present,production build,200,,2026-10-07T20:35:45.313Z,https://christitus.com/images/2023-thumbs/creating-a-secure-system.webp,,src/content/posts/2023/creating-a-secure-system.md
https://christitus.com/images/2023-thumbs/dism-plus.webp,retained,local-present,production build,200,,2026-10-07T20:35:45.313Z,https://christitus.com/images/2023-thumbs/dism-plus.webp,,src/content/posts/2023/dism-plus.md
https://christitus.com/images/2023-thumbs/do-not-make-these-github-mistakes.webp,retained,local-present,production build,200,,2026-10-07T20:35:45.313Z,https://christitus.com/images/2023-thumbs/do-not-make-these-github-mistakes.webp,,src/content/posts/2023/do-not-makes-these-github-mistakes.md
https://christitus.com/images/2023-thumbs/everything-toolbar.webp,retained,local-present,production build,200,,2026-10-07T20:35:45.313Z,https://christitus.com/images/2023-thumbs/everything-toolbar.webp,,src/content/posts/2023/everything-toolbar.md
https://christitus.com/images/2023-thumbs/ext4-in-windows.webp,retained,local-present,production build,200,,2026-10-07T20:35:45.313Z,https://christitus.com/images/2023-thumbs/ext4-in-windows.webp,,src/content/posts/2023/ext4-in-windows.md
https://christitus.com/images/2023-thumbs/fitness-transformation.webp,retained,local-present,production build,200,,2026-10-07T20:35:45.313Z,https://christitus.com/images/2023-thumbs/fitness-transformation.webp,,src/content/posts/2023/fitness-transformation.md
https://christitus.com/images/2023-thumbs/fix-screen-tearing-linux.webp,retained,local-present,production build,200,,2026-10-07T20:35:45.313Z,https://christitus.com/images/2023-thumbs/fix-screen-tearing-linux.webp,,src/content/posts/2023/fix-screen-tearing-linux.md
https://christitus.com/images/2023-thumbs/flatseal-required-flatpak-addon.webp,retained,local-present,production build,200,,2026-10-07T20:35:45.313Z,https://christitus.com/images/2023-thumbs/flatseal-required-flatpak-addon.webp,,src/content/posts/2023/flatseal-required-flatpak-addon.md
https://christitus.com/images/2023-thumbs/hardest-game-to-play-on-steamdeck.webp,retained,local-present,production build,200,,2026-10-07T20:35:45.313Z,https://christitus.com/images/2023-thumbs/hardest-game-to-play-on-steamdeck.webp,,src/content/posts/2023/hardest-game-to-play-on-steamdeck.md
https://christitus.com/images/2023-thumbs/im-sorry-netlify.webp,retained,local-present,production build,200,,2026-10-07T20:35:45.313Z,https://christitus.com/images/2023-thumbs/im-sorry-netlify.webp,,src/content/posts/2023/im-sorry-netlify.md
https://christitus.com/images/2023-thumbs/install-windows-the-arch-linux-way.webp,retained,local-present,production build,200,,2026-10-07T20:35:45.313Z,https://christitus.com/images/2023-thumbs/install-windows-the-arch-linux-way.webp,,src/content/posts/2023/install-windows-the-arch-linux-way.md
https://christitus.com/images/2023-thumbs/installing-arch-in-2-minutes.webp,retained,local-present,production build,200,,2026-10-07T20:35:45.313Z,https://christitus.com/images/2023-thumbs/installing-arch-in-2-minutes.webp,,src/content/posts/2023/installing-arch-in-2-minutes.md
https://christitus.com/images/2023-thumbs/ltt-bad.webp,retained,local-present,production build,200,,2026-10-07T20:35:45.313Z,https://christitus.com/images/2023-thumbs/ltt-bad.webp,,src/content/posts/2023/ltt-bad.md
https://christitus.com/images/2023-thumbs/microsoft-is-driving-users-away.webp,retained,local-present,production build,200,,2026-10-07T20:35:45.313Z,https://christitus.com/images/2023-thumbs/microsoft-is-driving-users-away.webp,,src/content/posts/2023/microsoft-is-driving-users-away.md
https://christitus.com/images/2023-thumbs/my-new-desktop-hyprland.webp,retained,local-present,production build,200,,2026-10-07T20:35:45.313Z,https://christitus.com/images/2023-thumbs/my-new-desktop-hyprland.webp,,src/content/posts/2023/my-new-desktop-hyprland.md
https://christitus.com/images/2023-thumbs/my-new-editor.webp,retained,local-present,production build,200,,2026-10-07T20:35:45.313Z,https://christitus.com/images/2023-thumbs/my-new-editor.webp,,src/content/posts/2023/my-new-editor.md
https://christitus.com/images/2023-thumbs/nixos-explained.webp,retained,local-present,production build,200,,2026-10-07T20:35:45.313Z,https://christitus.com/images/2023-thumbs/nixos-explained.webp,,src/content/posts/2023/nixos-explained.md
https://christitus.com/images/2023-thumbs/recovering-deleted-windows-boot-partition.webp,retained,local-present,production build,200,,2026-10-07T20:35:45.313Z,https://christitus.com/images/2023-thumbs/recovering-deleted-windows-boot-partition.webp,,src/content/posts/2023/recovering-deleted-windows-boot-partition.md
https://christitus.com/images/2023-thumbs/registry-cleaner.webp,retained,local-present,production build,200,,2026-10-07T20:35:45.313Z,https://christitus.com/images/2023-thumbs/registry-cleaner.webp,,src/content/posts/2023/registry-cleaner.md
https://christitus.com/images/2023-thumbs/replace-google-fonts-with-bunny-fonts.webp,retained,local-present,production build,200,,2026-10-07T20:35:45.313Z,https://christitus.com/images/2023-thumbs/replace-google-fonts-with-bunny-fonts.webp,,src/content/posts/2023/replace-google-fonts-with-bunny-fonts.md
https://christitus.com/images/2023-thumbs/saving-a-business-5000-a-year-in-telecom.webp,retained,local-present,production build,200,,2026-10-07T20:35:45.313Z,https://christitus.com/images/2023-thumbs/saving-a-business-5000-a-year-in-telecom.webp,,src/content/posts/2023/saving-a-business-5000-a-year-in-telecom.md
https://christitus.com/images/2023-thumbs/script-for-optimizing-images.webp,retained,local-present,production build,200,,2026-10-07T20:35:45.313Z,https://christitus.com/images/2023-thumbs/script-for-optimizing-images.webp,,src/content/posts/2023/script-for-optimizing-images.md
https://christitus.com/images/2023-thumbs/steamdeck-as-a-desktop.webp,retained,local-present,production build,200,,2026-10-07T20:35:45.313Z,https://christitus.com/images/2023-thumbs/steamdeck-as-a-desktop.webp,,src/content/posts/2023/steamdeck-as-a-desktop.md
https://christitus.com/images/2023-thumbs/sync-local-files.webp,retained,local-present,production build,200,,2026-10-07T20:35:45.313Z,https://christitus.com/images/2023-thumbs/sync-local-files.webp,,src/content/posts/2023/sync-local-files.md
https://christitus.com/images/2023-thumbs/the-perfect-system.webp,retained,local-present,production build,200,,2026-10-07T20:35:45.313Z,https://christitus.com/images/2023-thumbs/the-perfect-system.webp,,src/content/posts/2023/the-perfect-system.md
https://christitus.com/images/2023-thumbs/the-teamviewer-scam.webp,retained,local-present,production build,200,,2026-10-07T20:35:45.313Z,https://christitus.com/images/2023-thumbs/the-teamviewer-scam.webp,,src/content/posts/2023/the-teamviewer-scam.md
https://christitus.com/images/2023-thumbs/theming-windows-with-rainmeter.webp,retained,local-present,production build,200,,2026-10-07T20:35:45.313Z,https://christitus.com/images/2023-thumbs/theming-windows-with-rainmeter.webp,,src/content/posts/2023/theming-windows-with-rainmeter.md
https://christitus.com/images/2023-thumbs/thumbnails-in-windows.webp,retained,local-present,production build,200,,2026-10-07T20:35:45.313Z,https://christitus.com/images/2023-thumbs/thumbnails-in-windows.webp,,src/content/posts/2023/thumbnails-in-windows.md
https://christitus.com/images/2023-thumbs/tiny11-has-problems.webp,retained,local-present,production build,200,,2026-10-07T20:35:45.313Z,https://christitus.com/images/2023-thumbs/tiny11-has-problems.webp,,src/content/posts/2023/tiny11-has-problems.md
https://christitus.com/images/2023-thumbs/tituspi-2023.webp,retained,local-present,production build,200,,2026-10-07T20:35:45.313Z,https://christitus.com/images/2023-thumbs/tituspi-2023.webp,,src/content/posts/2023/tituspi-2023.md
https://christitus.com/images/2023-thumbs/why-open-source.webp,retained,local-present,production build,200,,2026-10-07T20:35:45.313Z,https://christitus.com/images/2023-thumbs/why-open-source.webp,,src/content/posts/2023/why-open-source.md
https://christitus.com/images/2023-thumbs/windows-11-perfect-install.webp,retained,local-present,production build,200,,2026-10-07T20:35:45.313Z,https://christitus.com/images/2023-thumbs/windows-11-perfect-install.webp,,src/content/posts/2023/windows-11-perfect-install.md
https://christitus.com/images/2023-thumbs/windows-network-and-sharing.webp,retained,local-present,production build,200,,2026-10-07T20:35:45.313Z,https://christitus.com/images/2023-thumbs/windows-network-and-sharing.webp,,src/content/posts/2023/windows-network-and-sharing.md
https://christitus.com/images/2023-thumbs/winutil-may-23-update.webp,retained,local-present,production build,200,,2026-10-07T20:35:45.313Z,https://christitus.com/images/2023-thumbs/winutil-may-23-update.webp,,src/content/posts/2023/winutil-may-23-update.md
https://christitus.com/images/2023-thumbs/you-will-watch-ads.webp,retained,local-present,production build,200,,2026-10-07T20:35:45.313Z,https://christitus.com/images/2023-thumbs/you-will-watch-ads.webp,,src/content/posts/2023/you-will-watch-ads.md
https://christitus.com/images/2023-thumbs/youtube-telegram-scams.webp,retained,local-present,production build,200,,2026-10-07T20:35:45.313Z,https://christitus.com/images/2023-thumbs/youtube-telegram-scams.webp,,src/content/posts/2023/youtube-telegram-scams.md
https://christitus.com/images/2023/ame/verified.webp,retained,local-present,production build,200,,2026-10-07T20:35:45.313Z,https://christitus.com/images/2023/ame/verified.webp,,src/content/posts/2023/ame-wizard-the-future-of-debloat.md
https://christitus.com/images/2023/dism-plus/appx.webp,retained,local-present,production build,200,,2026-10-07T20:35:45.313Z,https://christitus.com/images/2023/dism-plus/appx.webp,,src/content/posts/2023/dism-plus.md
https://christitus.com/images/2023/dism-plus/cleanup.webp,retained,local-present,production build,200,,2026-10-07T20:35:45.313Z,https://christitus.com/images/2023/dism-plus/cleanup.webp,,src/content/posts/2023/dism-plus.md
https://christitus.com/images/2023/dism-plus/startup.webp,retained,local-present,production build,200,,2026-10-07T20:35:45.313Z,https://christitus.com/images/2023/dism-plus/startup.webp,,src/content/posts/2023/dism-plus.md
https://christitus.com/images/2023/dism-plus/updates.webp,retained,local-present,production build,200,,2026-10-07T20:35:45.313Z,https://christitus.com/images/2023/dism-plus/updates.webp,,src/content/posts/2023/dism-plus.md
https://christitus.com/images/2023/do-not-make-these-github-mistakes/issues.webp,retained,local-present,production build,200,,2026-10-07T20:35:45.313Z,https://christitus.com/images/2023/do-not-make-these-github-mistakes/issues.webp,,src/content/posts/2023/do-not-makes-these-github-mistakes.md
https://christitus.com/images/2023/do-not-make-these-github-mistakes/pullrequest.webp,retained,local-present,production build,200,,2026-10-07T20:35:45.313Z,https://christitus.com/images/2023/do-not-make-these-github-mistakes/pullrequest.webp,,src/content/posts/2023/do-not-makes-these-github-mistakes.md
https://christitus.com/images/2023/do-not-make-these-github-mistakes/revert.webp,retained,local-present,production build,200,,2026-10-07T20:35:45.313Z,https://christitus.com/images/2023/do-not-make-these-github-mistakes/revert.webp,,src/content/posts/2023/do-not-makes-these-github-mistakes.md
https://christitus.com/images/2023/everything-toolbar/run.webp,retained,local-present,production build,200,,2026-10-07T20:35:45.313Z,https://christitus.com/images/2023/everything-toolbar/run.webp,,src/content/posts/2023/everything-toolbar.md
https://christitus.com/images/2023/everything-toolbar/service.webp,retained,local-present,production build,200,,2026-10-07T20:35:45.313Z,https://christitus.com/images/2023/everything-toolbar/service.webp,,src/content/posts/2023/everything-toolbar.md
https://christitus.com/images/2023/fix-screen-tearing-linux/kwin.webp,retained,local-present,production build,200,,2026-10-07T20:35:45.313Z,https://christitus.com/images/2023/fix-screen-tearing-linux/kwin.webp,,src/content/posts/2023/fix-screen-tearing-linux.md
https://christitus.com/images/2023/fix-screen-tearing-linux/nvidia-settings.webp,retained,local-present,production build,200,,2026-10-07T20:35:45.313Z,https://christitus.com/images/2023/fix-screen-tearing-linux/nvidia-settings.webp,,src/content/posts/2023/fix-screen-tearing-linux.md
https://christitus.com/images/2023/flatseal-required-flatpak-addon/filesystem.webp,retained,local-present,production build,200,,2026-10-07T20:35:45.313Z,https://christitus.com/images/2023/flatseal-required-flatpak-addon/filesystem.webp,,src/content/posts/2023/flatseal-required-flatpak-addon.md
https://christitus.com/images/2023/flatseal-required-flatpak-addon/perms.webp,retained,local-present,production build,200,,2026-10-07T20:35:45.313Z,https://christitus.com/images/2023/flatseal-required-flatpak-addon/perms.webp,,src/content/posts/2023/flatseal-required-flatpak-addon.md
https://christitus.com/images/2023/flatseal-required-flatpak-addon/user-perms.webp,retained,local-present,production build,200,,2026-10-07T20:35:45.313Z,https://christitus.com/images/2023/flatseal-required-flatpak-addon/user-perms.webp,,src/content/posts/2023/flatseal-required-flatpak-addon.md
https://christitus.com/images/2023/hardest-game-to-play-on-steamdeck/bottle-bug.webp,retained,local-present,production build,200,,2026-10-07T20:35:45.313Z,https://christitus.com/images/2023/hardest-game-to-play-on-steamdeck/bottle-bug.webp,,src/content/posts/2023/hardest-game-to-play-on-steamdeck.md
https://christitus.com/images/2023/hardest-game-to-play-on-steamdeck/gaming-bottle.webp,retained,local-present,production build,200,,2026-10-07T20:35:45.313Z,https://christitus.com/images/2023/hardest-game-to-play-on-steamdeck/gaming-bottle.webp,,src/content/posts/2023/hardest-game-to-play-on-steamdeck.md
https://christitus.com/images/2023/hardest-game-to-play-on-steamdeck/launch-options.webp,retained,local-present,production build,200,,2026-10-07T20:35:45.313Z,https://christitus.com/images/2023/hardest-game-to-play-on-steamdeck/launch-options.webp,,src/content/posts/2023/hardest-game-to-play-on-steamdeck.md
https://christitus.com/images/2023/im-sorry-netlify/cloudflare.webp,retained,local-present,production build,200,,2026-10-07T20:35:45.313Z,https://christitus.com/images/2023/im-sorry-netlify/cloudflare.webp,,src/content/posts/2023/im-sorry-netlify.md
https://christitus.com/images/2023/im-sorry-netlify/graph.webp,retained,local-present,production build,200,,2026-10-07T20:35:45.313Z,https://christitus.com/images/2023/im-sorry-netlify/graph.webp,,src/content/posts/2023/im-sorry-netlify.md
https://christitus.com/images/2023/im-sorry-netlify/hugo-variable.webp,retained,local-present,production build,200,,2026-10-07T20:35:45.313Z,https://christitus.com/images/2023/im-sorry-netlify/hugo-variable.webp,,src/content/posts/2023/im-sorry-netlify.md
https://christitus.com/images/2023/im-sorry-netlify/intro.webp,retained,local-present,production build,200,,2026-10-07T20:35:45.313Z,https://christitus.com/images/2023/im-sorry-netlify/intro.webp,,src/content/posts/2023/im-sorry-netlify.md
https://christitus.com/images/2023/im-sorry-netlify/rules.webp,retained,local-present,production build,200,,2026-10-07T20:35:45.313Z,https://christitus.com/images/2023/im-sorry-netlify/rules.webp,,src/content/posts/2023/im-sorry-netlify.md
https://christitus.com/images/2023/ltt-bad/linus.webp,retained,local-present,production build,200,,2026-10-07T20:35:45.313Z,https://christitus.com/images/2023/ltt-bad/linus.webp,,src/content/posts/2023/ltt-bad.md
https://christitus.com/images/2023/recover-deleted-partition/bootflag.webp,retained,local-present,production build,200,,2026-10-07T20:35:45.313Z,https://christitus.com/images/2023/recover-deleted-partition/bootflag.webp,,src/content/posts/2023/recovering-deleted-windows-boot-partition.md
https://christitus.com/images/2023/registry-cleaner/wise-regcleaner.webp,retained,local-present,production build,200,,2026-10-07T20:35:45.313Z,https://christitus.com/images/2023/registry-cleaner/wise-regcleaner.webp,,src/content/posts/2023/registry-cleaner.md
https://christitus.com/images/2023/saving-a-business-5000-a-year-in-telecom/call-forwarding.webp,retained,local-present,production build,200,,2026-10-07T20:35:45.313Z,https://christitus.com/images/2023/saving-a-business-5000-a-year-in-telecom/call-forwarding.webp,,src/content/posts/2023/saving-a-business-5000-a-year-in-telecom.md
https://christitus.com/images/2023/saving-a-business-5000-a-year-in-telecom/call-forwarding2.webp,retained,local-present,production build,200,,2026-10-07T20:35:45.313Z,https://christitus.com/images/2023/saving-a-business-5000-a-year-in-telecom/call-forwarding2.webp,,src/content/posts/2023/saving-a-business-5000-a-year-in-telecom.md
https://christitus.com/images/2023/saving-a-business-5000-a-year-in-telecom/chat.webp,retained,local-present,production build,200,,2026-10-07T20:35:45.313Z,https://christitus.com/images/2023/saving-a-business-5000-a-year-in-telecom/chat.webp,,src/content/posts/2023/saving-a-business-5000-a-year-in-telecom.md
https://christitus.com/images/2023/saving-a-business-5000-a-year-in-telecom/holidays.webp,retained,local-present,production build,200,,2026-10-07T20:35:45.313Z,https://christitus.com/images/2023/saving-a-business-5000-a-year-in-telecom/holidays.webp,,src/content/posts/2023/saving-a-business-5000-a-year-in-telecom.md
https://christitus.com/images/2023/saving-a-business-5000-a-year-in-telecom/office-hours.webp,retained,local-present,production build,200,,2026-10-07T20:35:45.313Z,https://christitus.com/images/2023/saving-a-business-5000-a-year-in-telecom/office-hours.webp,,src/content/posts/2023/saving-a-business-5000-a-year-in-telecom.md
https://christitus.com/images/2023/saving-a-business-5000-a-year-in-telecom/pricing.webp,retained,local-present,production build,200,,2026-10-07T20:35:45.313Z,https://christitus.com/images/2023/saving-a-business-5000-a-year-in-telecom/pricing.webp,,src/content/posts/2023/saving-a-business-5000-a-year-in-telecom.md
https://christitus.com/images/2023/saving-a-business-5000-a-year-in-telecom/recent.webp,retained,local-present,production build,200,,2026-10-07T20:35:45.313Z,https://christitus.com/images/2023/saving-a-business-5000-a-year-in-telecom/recent.webp,,src/content/posts/2023/saving-a-business-5000-a-year-in-telecom.md
https://christitus.com/images/2023/saving-a-business-5000-a-year-in-telecom/voicemail.webp,retained,local-present,production build,200,,2026-10-07T20:35:45.313Z,https://christitus.com/images/2023/saving-a-business-5000-a-year-in-telecom/voicemail.webp,,src/content/posts/2023/saving-a-business-5000-a-year-in-telecom.md
https://christitus.com/images/2023/sync-local-files/backup.webp,retained,local-present,production build,200,,2026-10-07T20:35:45.313Z,https://christitus.com/images/2023/sync-local-files/backup.webp,,src/content/posts/2023/sync-local-files.md
https://christitus.com/images/2023/sync-local-files/client.webp,retained,local-present,production build,200,,2026-10-07T20:35:45.313Z,https://christitus.com/images/2023/sync-local-files/client.webp,,src/content/posts/2023/sync-local-files.md
https://christitus.com/images/2023/sync-local-files/config.webp,retained,local-present,production build,200,,2026-10-07T20:35:45.313Z,https://christitus.com/images/2023/sync-local-files/config.webp,,src/content/posts/2023/sync-local-files.md
https://christitus.com/images/2023/sync-local-files/final-sync.webp,retained,local-present,production build,200,,2026-10-07T20:35:45.313Z,https://christitus.com/images/2023/sync-local-files/final-sync.webp,,src/content/posts/2023/sync-local-files.md
https://christitus.com/images/2023/sync-local-files/server.webp,retained,local-present,production build,200,,2026-10-07T20:35:45.313Z,https://christitus.com/images/2023/sync-local-files/server.webp,,src/content/posts/2023/sync-local-files.md
https://christitus.com/images/2023/sync-local-files/settings.webp,retained,local-present,production build,200,,2026-10-07T20:35:45.313Z,https://christitus.com/images/2023/sync-local-files/settings.webp,,src/content/posts/2023/sync-local-files.md
https://christitus.com/images/2023/sync-local-files/share.webp,retained,local-present,production build,200,,2026-10-07T20:35:45.313Z,https://christitus.com/images/2023/sync-local-files/share.webp,,src/content/posts/2023/sync-local-files.md
https://christitus.com/images/2023/the-perfect-system/awesomewm-bling-rofi.webp,retained,local-present,production build,200,,2026-10-07T20:35:45.313Z,https://christitus.com/images/2023/the-perfect-system/awesomewm-bling-rofi.webp,,src/content/posts/2023/the-perfect-system.md
https://christitus.com/images/2023/the-perfect-system/dwm.webp,retained,local-present,production build,200,,2026-10-07T20:35:45.313Z,https://christitus.com/images/2023/the-perfect-system/dwm.webp,,src/content/posts/2023/the-perfect-system.md
https://christitus.com/images/2023/the-perfect-system/fedora-hyprland-eww.webp,retained,local-present,production build,200,,2026-10-07T20:35:45.313Z,https://christitus.com/images/2023/the-perfect-system/fedora-hyprland-eww.webp,,src/content/posts/2023/the-perfect-system.md
https://christitus.com/images/2023/the-perfect-system/fedora-mydesktop.webp,retained,local-present,production build,200,,2026-10-07T20:35:45.313Z,https://christitus.com/images/2023/the-perfect-system/fedora-mydesktop.webp,,src/content/posts/2023/the-perfect-system.md
https://christitus.com/images/2023/the-teamviewer-scam/28days.webp,retained,local-present,production build,200,,2026-10-07T20:35:45.313Z,https://christitus.com/images/2023/the-teamviewer-scam/28days.webp,,src/content/posts/2023/the-teamviewer-scam.md
https://christitus.com/images/2023/the-teamviewer-scam/cancel-ticket.webp,retained,local-present,production build,200,,2026-10-07T20:35:45.313Z,https://christitus.com/images/2023/the-teamviewer-scam/cancel-ticket.webp,,src/content/posts/2023/the-teamviewer-scam.md
https://christitus.com/images/2023/thumbnails-in-windows/file-options.webp,retained,local-present,production build,200,,2026-10-07T20:35:45.313Z,https://christitus.com/images/2023/thumbnails-in-windows/file-options.webp,,src/content/posts/2023/thumbnails-in-windows.md
https://christitus.com/images/2023/thumbnails-in-windows/gpedit.webp,retained,local-present,production build,200,,2026-10-07T20:35:45.313Z,https://christitus.com/images/2023/thumbnails-in-windows/gpedit.webp,,src/content/posts/2023/thumbnails-in-windows.md
https://christitus.com/images/2023/thumbnails-in-windows/regedit.webp,retained,local-present,production build,200,,2026-10-07T20:35:45.313Z,https://christitus.com/images/2023/thumbnails-in-windows/regedit.webp,,src/content/posts/2023/thumbnails-in-windows.md
https://christitus.com/images/2023/thumbnails-in-windows/system-options.webp,retained,local-present,production build,200,,2026-10-07T20:35:45.313Z,https://christitus.com/images/2023/thumbnails-in-windows/system-options.webp,,src/content/posts/2023/thumbnails-in-windows.md
https://christitus.com/images/2023/tituspi/desktop.webp,retained,local-present,production build,200,,2026-10-07T20:35:45.313Z,https://christitus.com/images/2023/tituspi/desktop.webp,,src/content/posts/2023/tituspi-2023.md
https://christitus.com/images/2023/tituspi/konsave.webp,retained,local-present,production build,200,,2026-10-07T20:35:45.313Z,https://christitus.com/images/2023/tituspi/konsave.webp,,src/content/posts/2023/tituspi-2023.md
https://christitus.com/images/2023/tituspi/terminal.webp,retained,local-present,production build,200,,2026-10-07T20:35:45.313Z,https://christitus.com/images/2023/tituspi/terminal.webp,,src/content/posts/2023/tituspi-2023.md
https://christitus.com/images/2023/windows-11-perfect-install/region.webp,retained,local-present,production build,200,,2026-10-07T20:35:45.313Z,https://christitus.com/images/2023/windows-11-perfect-install/region.webp,,src/content/posts/2023/windows-11-perfect-install.md
https://christitus.com/images/2023/windows-11-perfect-install/winutil.webp,retained,local-present,production build,200,,2026-10-07T20:35:45.313Z,https://christitus.com/images/2023/windows-11-perfect-install/winutil.webp,,src/content/posts/2023/windows-11-perfect-install.md
https://christitus.com/images/2023/you-will-watch-ads/yt-ads.webp,retained,local-present,production build,200,,2026-10-07T20:35:45.313Z,https://christitus.com/images/2023/you-will-watch-ads/yt-ads.webp,,src/content/posts/2023/you-will-watch-ads.md
https://christitus.com/images/2023/youtube-telegram-scams/bogus-invoice.webp,retained,local-present,production build,200,,2026-10-07T20:35:45.313Z,https://christitus.com/images/2023/youtube-telegram-scams/bogus-invoice.webp,,src/content/posts/2023/youtube-telegram-scams.md
https://christitus.com/images/2023/youtube-telegram-scams/scam1.webp,retained,local-present,production build,200,,2026-10-07T20:35:45.313Z,https://christitus.com/images/2023/youtube-telegram-scams/scam1.webp,,src/content/posts/2023/youtube-telegram-scams.md
https://christitus.com/images/2023/youtube-telegram-scams/victim1.webp,retained,local-present,production build,200,,2026-10-07T20:35:45.313Z,https://christitus.com/images/2023/youtube-telegram-scams/victim1.webp,,src/content/posts/2023/youtube-telegram-scams.md
https://christitus.com/images/2023/youtube-telegram-scams/victim2.webp,retained,local-present,production build,200,,2026-10-07T20:35:45.313Z,https://christitus.com/images/2023/youtube-telegram-scams/victim2.webp,,src/content/posts/2023/youtube-telegram-scams.md
https://christitus.com/images/2024-thumbs/3cx-version-20-update.webp,retained,local-present,production build,200,,2026-10-07T20:35:45.313Z,https://christitus.com/images/2024-thumbs/3cx-version-20-update.webp,,src/content/posts/2024/3cx-version-20-update.md
https://christitus.com/images/2024-thumbs/bazzite-linux.webp,retained,local-present,production build,200,,2026-10-07T20:35:45.313Z,https://christitus.com/images/2024-thumbs/bazzite-linux.webp,,src/content/posts/2024/bazzite-linux.md
https://christitus.com/images/2024-thumbs/crowdstrike-alternatives.webp,retained,local-present,production build,200,,2026-10-07T20:35:45.313Z,https://christitus.com/images/2024-thumbs/crowdstrike-alternatives.webp,,src/content/posts/2024/crowdstrike-alternatives.md
https://christitus.com/images/2024-thumbs/cursor-editor.webp,retained,local-present,production build,200,,2026-10-07T20:35:45.313Z,https://christitus.com/images/2024-thumbs/cursor-editor.webp,,src/content/posts/2024/cursor-editor.md
https://christitus.com/images/2024-thumbs/drivers-in-windows.webp,retained,local-present,production build,200,,2026-10-07T20:35:45.313Z,https://christitus.com/images/2024-thumbs/drivers-in-windows.webp,,src/content/posts/2024/drivers-in-windows.md
https://christitus.com/images/2024-thumbs/enhanced-linux-in-windows.webp,retained,local-present,production build,200,,2026-10-07T20:35:45.313Z,https://christitus.com/images/2024-thumbs/enhanced-linux-in-windows.webp,,src/content/posts/2024/enhanced-linux-in-windows.md
https://christitus.com/images/2024-thumbs/freedesktop-bans-hyprland.webp,retained,local-present,production build,200,,2026-10-07T20:35:45.313Z,https://christitus.com/images/2024-thumbs/freedesktop-bans-hyprland.webp,,src/content/posts/2024/freedesktop-bans-hyprland.md
https://christitus.com/images/2024-thumbs/glazewm-tiling-window-management.webp,retained,local-present,production build,200,,2026-10-07T20:35:45.313Z,https://christitus.com/images/2024-thumbs/glazewm-tiling-window-management.webp,,src/content/posts/2024/glazewm-tiling-window-management.md
https://christitus.com/images/2024-thumbs/hastebin.webp,retained,local-present,production build,200,,2026-10-07T20:35:45.313Z,https://christitus.com/images/2024-thumbs/hastebin.webp,,src/content/posts/2024/hastebin.md
https://christitus.com/images/2024-thumbs/home-theater-pc.webp,retained,local-present,production build,200,,2026-10-07T20:35:45.313Z,https://christitus.com/images/2024-thumbs/home-theater-pc.webp,,src/content/posts/2024/home-theater-pc.md
https://christitus.com/images/2024-thumbs/improve-youtube.webp,retained,local-present,production build,200,,2026-10-07T20:35:45.313Z,https://christitus.com/images/2024-thumbs/improve-youtube.webp,,src/content/posts/2024/improve-youtube.md
https://christitus.com/images/2024-thumbs/linux-alternatives.webp,removed-or-replaced,missing,HTTP GET,404,,2026-10-07T19:57:15.307625+00:00,https://christitus.com/images/2024-thumbs/linux-alternatives.webp,,src/content/posts/2024/linux-alternatives.md
https://christitus.com/images/2024-thumbs/linux-atomic-desktops.webp,retained,local-present,production build,200,,2026-10-07T20:35:45.313Z,https://christitus.com/images/2024-thumbs/linux-atomic-desktops.webp,,src/content/posts/2024/linux-atomic-desktops.md
https://christitus.com/images/2024-thumbs/linux-game-mods.webp,removed-or-replaced,missing,HTTP GET,404,,2026-10-07T19:57:33.211311+00:00,https://christitus.com/images/2024-thumbs/linux-game-mods.webp,,src/content/posts/2025/linux-game-mods.md
https://christitus.com/images/2024-thumbs/linux-laptops.webp,removed-or-replaced,missing,HTTP GET,404,,2026-10-07T19:57:33.548785+00:00,https://christitus.com/images/2024-thumbs/linux-laptops.webp,,src/content/posts/2025/linux-laptops.md
https://christitus.com/images/2024-thumbs/microsoft-recall-situation.webp,retained,local-present,production build,200,,2026-10-07T20:35:45.313Z,https://christitus.com/images/2024-thumbs/microsoft-recall-situation.webp,,src/content/posts/2024/microsoft-recall-situation.md
https://christitus.com/images/2024-thumbs/my-problems-with-linux.webp,retained,local-present,production build,200,,2026-10-07T20:35:45.313Z,https://christitus.com/images/2024-thumbs/my-problems-with-linux.webp,,src/content/posts/2024/my-problems-with-linux.md
https://christitus.com/images/2024-thumbs/mybash.webp,retained,local-present,production build,200,,2026-10-07T20:35:45.313Z,https://christitus.com/images/2024-thumbs/mybash.webp,,src/content/posts/2024/mybash.md
https://christitus.com/images/2024-thumbs/remove-youtube-shorts.webp,retained,local-present,production build,200,,2026-10-07T20:35:45.313Z,https://christitus.com/images/2024-thumbs/remove-youtube-shorts.webp,,src/content/posts/2024/remove-youtube-shorts.md
https://christitus.com/images/2024-thumbs/removing-systemd.webp,retained,local-present,production build,200,,2026-10-07T20:35:45.313Z,https://christitus.com/images/2024-thumbs/removing-systemd.webp,,src/content/posts/2024/removing-systemd.md
https://christitus.com/images/2024-thumbs/risingoss.webp,retained,local-present,production build,200,,2026-10-07T20:35:45.313Z,https://christitus.com/images/2024-thumbs/risingoss.webp,,src/content/posts/2024/risingoss.md
https://christitus.com/images/2024-thumbs/sony-playstation-and-freebsd.webp,retained,local-present,production build,200,,2026-10-07T20:35:45.313Z,https://christitus.com/images/2024-thumbs/sony-playstation-and-freebsd.webp,,src/content/posts/2024/sony-playstation-is-the-devil.md
https://christitus.com/images/2024-thumbs/the-ultimate-powershell-experience.webp,retained,local-present,production build,200,,2026-10-07T20:35:45.313Z,https://christitus.com/images/2024-thumbs/the-ultimate-powershell-experience.webp,,src/content/posts/2024/the-ultimate-powershell-experience.md
https://christitus.com/images/2024-thumbs/the-ultimate-system.webp,retained,local-present,production build,200,,2026-10-07T20:35:45.313Z,https://christitus.com/images/2024-thumbs/the-ultimate-system.webp,,src/content/posts/2024/the-ultimate-system.md
https://christitus.com/images/2024-thumbs/universal-android-debloat.webp,retained,local-present,production build,200,,2026-10-07T20:35:45.313Z,https://christitus.com/images/2024-thumbs/universal-android-debloat.webp,,src/content/posts/2024/universal-android-debloat.md
https://christitus.com/images/2024-thumbs/vpn-tier-list-2024.webp,retained,local-present,production build,200,,2026-10-07T20:35:45.313Z,https://christitus.com/images/2024-thumbs/vpn-tier-list-2024.webp,,src/content/posts/2024/vpn-tier-list-2024.md
https://christitus.com/images/2024-thumbs/why-you-NEED-to-contribute-to-open-source.webp,retained,local-present,production build,200,,2026-10-07T20:35:45.313Z,https://christitus.com/images/2024-thumbs/why-you-NEED-to-contribute-to-open-source.webp,,src/content/posts/2024/why-you-NEED-to-contribute-to-open-source.md
https://christitus.com/images/2024-thumbs/windows-24h2.webp,retained,local-present,production build,200,,2026-10-07T20:35:45.313Z,https://christitus.com/images/2024-thumbs/windows-24h2.webp,,src/content/posts/2024/windows-24h2.md
https://christitus.com/images/2024-thumbs/windows-utility-improved.webp,retained,local-present,production build,200,,2026-10-07T20:35:45.313Z,https://christitus.com/images/2024-thumbs/windows-utility-improved.webp,,src/content/posts/2024/windows-utility-improved.md
https://christitus.com/images/2024-thumbs/winutil-install.webp,retained,local-present,production build,200,,2026-10-07T20:35:45.313Z,https://christitus.com/images/2024-thumbs/winutil-install.webp,,src/content/posts/2024/winutil-install.md
https://christitus.com/images/2024-thumbs/xz-affected-these-users.webp,retained,local-present,production build,200,,2026-10-07T20:35:45.313Z,https://christitus.com/images/2024-thumbs/xz-affected-these-users.webp,,src/content/posts/2024/xz-affected-these-users.md
https://christitus.com/images/2024-thumbs/zoxide.webp,retained,local-present,production build,200,,2026-10-07T20:35:45.313Z,https://christitus.com/images/2024-thumbs/zoxide.webp,,src/content/posts/2024/zoxide.md
https://christitus.com/images/2024/home-theater-pc/bios.webp,retained,local-present,production build,200,,2026-10-07T20:35:45.313Z,https://christitus.com/images/2024/home-theater-pc/bios.webp,,src/content/posts/2024/home-theater-pc.md
https://christitus.com/images/2024/home-theater-pc/game-fps.webp,retained,local-present,production build,200,,2026-10-07T20:35:45.313Z,https://christitus.com/images/2024/home-theater-pc/game-fps.webp,,src/content/posts/2024/home-theater-pc.md
https://christitus.com/images/2024/home-theater-pc/io.webp,retained,local-present,production build,200,,2026-10-07T20:35:45.313Z,https://christitus.com/images/2024/home-theater-pc/io.webp,,src/content/posts/2024/home-theater-pc.md
https://christitus.com/images/2024/linux-alternatives/freeware.svg,retained,local-present,production build,200,,2026-10-07T20:35:45.313Z,https://christitus.com/images/2024/linux-alternatives/freeware.svg,,src/content/posts/2024/linux-alternatives.md
https://christitus.com/images/2024/linux-alternatives/money.svg,retained,local-present,production build,200,,2026-10-07T20:35:45.313Z,https://christitus.com/images/2024/linux-alternatives/money.svg,,src/content/posts/2024/linux-alternatives.md
https://christitus.com/images/2024/linux-alternatives/oss.svg,retained,local-present,production build,200,,2026-10-07T20:35:45.313Z,https://christitus.com/images/2024/linux-alternatives/oss.svg,,src/content/posts/2024/linux-alternatives.md
https://christitus.com/images/2024/microsoft-recall-situation/recall-aix-files.png,retained,local-present,production build,200,,2026-10-07T20:35:45.313Z,https://christitus.com/images/2024/microsoft-recall-situation/recall-aix-files.png,,src/content/posts/2024/microsoft-recall-situation.md
https://christitus.com/images/2024/remove-youtube-shorts/youtube.webp,retained,local-present,production build,200,,2026-10-07T20:35:45.313Z,https://christitus.com/images/2024/remove-youtube-shorts/youtube.webp,,src/content/posts/2024/remove-youtube-shorts.md
https://christitus.com/images/2024/the-ultimate-system/quickpass.webp,retained,local-present,production build,200,,2026-10-07T20:35:45.313Z,https://christitus.com/images/2024/the-ultimate-system/quickpass.webp,,src/content/posts/2024/the-ultimate-system.md
https://christitus.com/images/2024/vpn-tier-list-2024/vpns.webp,retained,local-present,production build,200,,2026-10-07T20:35:45.313Z,https://christitus.com/images/2024/vpn-tier-list-2024/vpns.webp,,src/content/posts/2024/vpn-tier-list-2024.md
https://christitus.com/images/2024/winutil-install/advanced-tweaks.webp,retained,local-present,production build,200,,2026-10-07T20:35:45.313Z,https://christitus.com/images/2024/winutil-install/advanced-tweaks.webp,,src/content/posts/2024/winutil-install.md
https://christitus.com/images/2024/winutil-install/top-powershell.webp,retained,local-present,production build,200,,2026-10-07T20:35:45.313Z,https://christitus.com/images/2024/winutil-install/top-powershell.webp,,src/content/posts/2024/winutil-install.md
https://christitus.com/images/2025-thumbs/chrome-performance-issues-linux.webp,removed-or-replaced,missing,HTTP GET,404,,2026-10-07T19:57:28.307486+00:00,https://christitus.com/images/2025-thumbs/chrome-performance-issues-linux.webp,,src/content/posts/2025/chrome-performance-issues-linux.md
https://christitus.com/images/2025-thumbs/cleaning-arch-linux.webp,retained,local-present,production build,200,,2026-10-07T20:35:45.313Z,https://christitus.com/images/2025-thumbs/cleaning-arch-linux.webp,,src/content/posts/2025/cleaning-arch-linux.md
https://christitus.com/images/2025-thumbs/dangers-of-kernel-anticheat.webp,removed-or-replaced,missing,HTTP GET,404,,2026-10-07T19:57:29.325433+00:00,https://christitus.com/images/2025-thumbs/dangers-of-kernel-anticheat.webp,,src/content/posts/2025/dangers-of-kernel-anticheat.md
https://christitus.com/images/2025-thumbs/enable-vrr-xorg.webp,retained,local-present,production build,200,,2026-10-07T20:35:45.313Z,https://christitus.com/images/2025-thumbs/enable-vrr-xorg.webp,,src/content/posts/2025/enable-vrr-xorg.md
https://christitus.com/images/2025-thumbs/how-vulnerable-windows-users-are-by-update.webp,retained,local-present,production build,200,,2026-10-07T20:35:45.313Z,https://christitus.com/images/2025-thumbs/how-vulnerable-windows-users-are-by-update.webp,,src/content/posts/2025/how-vulnerable-windows-users-are-by-update.md
https://christitus.com/images/2025-thumbs/hyprland-monitor-config.webp,retained,local-present,production build,200,,2026-10-07T20:35:45.313Z,https://christitus.com/images/2025-thumbs/hyprland-monitor-config.webp,,src/content/posts/2025/hyprland-monitor-config.md
https://christitus.com/images/2025-thumbs/iscsi-on-boot.webp,retained,local-present,production build,200,,2026-10-07T20:35:45.313Z,https://christitus.com/images/2025-thumbs/iscsi-on-boot.webp,,src/content/posts/2025/iscsi-on-boot.md
https://christitus.com/images/2025-thumbs/jakoolit-hyprland.webp,retained,local-present,production build,200,,2026-10-07T20:35:45.313Z,https://christitus.com/images/2025-thumbs/jakoolit-hyprland.webp,,src/content/posts/2025/jakoolit-hyprland.md
https://christitus.com/images/2025-thumbs/macbook-problems.webp,removed-or-replaced,missing,HTTP GET,404,,2026-10-07T19:57:33.873201+00:00,https://christitus.com/images/2025-thumbs/macbook-problems.webp,,src/content/posts/2025/macbook-problems.md
https://christitus.com/images/2025-thumbs/patching-programs-from-forks.webp,retained,local-present,production build,200,,2026-10-07T20:35:45.313Z,https://christitus.com/images/2025-thumbs/patching-programs-from-forks.webp,,src/content/posts/2025/patching-programs-from-forks.md
https://christitus.com/images/2025-thumbs/prioritize-ipv4-over-ipv6-linux.webp,retained,local-present,production build,200,,2026-10-07T20:35:45.313Z,https://christitus.com/images/2025-thumbs/prioritize-ipv4-over-ipv6-linux.webp,,src/content/posts/2025/prioritize-ipv4-over-ipv6-linux.md
https://christitus.com/images/2025-thumbs/setting-up-reshade-on-linux.webp,retained,local-present,production build,200,,2026-10-07T20:35:45.313Z,https://christitus.com/images/2025-thumbs/setting-up-reshade-on-linux.webp,,src/content/posts/2025/setting-up-reshade-on-linux.md
https://christitus.com/images/2025-thumbs/the-ai-problem.webp,retained,local-present,production build,200,,2026-10-07T20:35:45.313Z,https://christitus.com/images/2025-thumbs/the-ai-problem.webp,,src/content/posts/2025/the-ai-problem.md
https://christitus.com/images/2025-thumbs/the-state-of-linux-gaming.webp,retained,local-present,production build,200,,2026-10-07T20:35:45.313Z,https://christitus.com/images/2025-thumbs/the-state-of-linux-gaming.webp,,src/content/posts/2025/the-state-of-linux-gaming.md
https://christitus.com/images/2025-thumbs/track-changes-word-author-macro.webp,retained,local-present,production build,200,,2026-10-07T20:35:45.313Z,https://christitus.com/images/2025-thumbs/track-changes-word-author-macro.webp,,src/content/posts/2025/track-changes-word-author-macro.md
https://christitus.com/images/2025-thumbs/warp-terminal.webp,removed-or-replaced,missing,HTTP GET,404,,2026-10-07T19:57:38.500928+00:00,https://christitus.com/images/2025-thumbs/warp-terminal.webp,,src/content/posts/2025/warp-terminal.md
https://christitus.com/images/2025-thumbs/website-design.webp,removed-or-replaced,missing,HTTP GET,404,,2026-10-07T19:57:38.867999+00:00,https://christitus.com/images/2025-thumbs/website-design.webp,,src/content/posts/2025/website-design.md
https://christitus.com/images/2025-thumbs/why-i-use-linux.webp,retained,local-present,production build,200,,2026-10-07T20:35:45.313Z,https://christitus.com/images/2025-thumbs/why-i-use-linux.webp,,src/content/posts/2025/why-i-use-linux.md
https://christitus.com/images/2025-thumbs/windows-to-linux.webp,retained,local-present,production build,200,,2026-10-07T20:35:45.313Z,https://christitus.com/images/2025-thumbs/windows-to-linux.webp,,src/content/posts/2025/windows-to-linux.md
https://christitus.com/images/2025/24H2-1742-exploits.webp,retained,local-present,production build,200,,2026-10-07T20:35:45.313Z,https://christitus.com/images/2025/24H2-1742-exploits.webp,,src/content/posts/2025/how-vulnerable-windows-users-are-by-update.md
https://christitus.com/images/2025/git-sha.webp,retained,local-present,production build,200,,2026-10-07T20:35:45.313Z,https://christitus.com/images/2025/git-sha.webp,,src/content/posts/2025/patching-programs-from-forks.md
https://christitus.com/images/2025/hyprctl-monitors.webp,retained,local-present,production build,200,,2026-10-07T20:35:45.313Z,https://christitus.com/images/2025/hyprctl-monitors.webp,,src/content/posts/2025/hyprland-monitor-config.md
https://christitus.com/images/2025/jakoolit-hyprland/linutil-hyprland.webp,retained,local-present,production build,200,,2026-10-07T20:35:45.313Z,https://christitus.com/images/2025/jakoolit-hyprland/linutil-hyprland.webp,,src/content/posts/2025/jakoolit-hyprland.md
https://christitus.com/images/2025/systeminfo.webp,retained,local-present,production build,200,,2026-10-07T20:35:45.313Z,https://christitus.com/images/2025/systeminfo.webp,,src/content/posts/2025/how-vulnerable-windows-users-are-by-update.md
https://christitus.com/images/2025/warp-terminal/filters.webp,retained,local-present,production build,200,,2026-10-07T20:35:45.313Z,https://christitus.com/images/2025/warp-terminal/filters.webp,,src/content/posts/2025/warp-terminal.md
https://christitus.com/images/2025/warp-terminal/themes.webp,retained,local-present,production build,200,,2026-10-07T20:35:45.313Z,https://christitus.com/images/2025/warp-terminal/themes.webp,,src/content/posts/2025/warp-terminal.md
https://christitus.com/images/2025/warp-terminal/warp-drive.webp,retained,local-present,production build,200,,2026-10-07T20:35:45.313Z,https://christitus.com/images/2025/warp-terminal/warp-drive.webp,,src/content/posts/2025/warp-terminal.md
https://christitus.com/images/2025/warp-terminal/workflows.webp,retained,local-present,production build,200,,2026-10-07T20:35:45.313Z,https://christitus.com/images/2025/warp-terminal/workflows.webp,,src/content/posts/2025/warp-terminal.md
https://christitus.com/images/2025/winver.webp,retained,local-present,production build,200,,2026-10-07T20:35:45.313Z,https://christitus.com/images/2025/winver.webp,,src/content/posts/2025/how-vulnerable-windows-users-are-by-update.md
https://christitus.com/images/2025/word-macro.webp,retained,local-present,production build,200,,2026-10-07T20:35:45.313Z,https://christitus.com/images/2025/word-macro.webp,,src/content/posts/2025/track-changes-word-author-macro.md
https://christitus.com/images/2026-thumbs/brave-origin-new-browser.webp,retained,local-present,production build,200,,2026-10-07T20:35:45.313Z,https://christitus.com/images/2026-thumbs/brave-origin-new-browser.webp,,src/content/posts/2026/brave-origin-new-browser.md
https://christitus.com/images/2026-thumbs/check-network-security.webp,retained,local-present,production build,200,,2026-10-07T20:35:45.313Z,https://christitus.com/images/2026-thumbs/check-network-security.webp,,src/content/posts/2026/check-network-security.md
https://christitus.com/images/2026-thumbs/cloudflare-pagescms-website.webp,removed-or-replaced,missing,HTTP GET,404,,2026-10-07T19:57:41.972588+00:00,https://christitus.com/images/2026-thumbs/cloudflare-pagescms-website.webp,,src/content/posts/2026/cloudflare-pagescms-website.md
https://christitus.com/images/2026-thumbs/creating-dtb-resurrecting-orangepi.webp,removed-or-replaced,missing,HTTP GET,404,,2026-10-07T19:57:42.315507+00:00,https://christitus.com/images/2026-thumbs/creating-dtb-resurrecting-orangepi.webp,,src/content/posts/2026/creating-dtb-resurrecting-orangepi.md
https://christitus.com/images/2026-thumbs/fix-nfs-network-drives.webp,retained,local-present,production build,200,,2026-10-07T20:35:45.313Z,https://christitus.com/images/2026-thumbs/fix-nfs-network-drives.webp,,src/content/posts/2026/fix-nfs-network-drives.md
https://christitus.com/images/2026-thumbs/gitea.webp,removed-or-replaced,missing,HTTP GET,404,,2026-10-07T19:57:43.712431+00:00,https://christitus.com/images/2026-thumbs/gitea.webp,,src/content/posts/2026/gitea.md
https://christitus.com/images/2026-thumbs/github-copilot-on-linux.webp,retained,local-present,production build,200,,2026-10-07T20:35:45.313Z,https://christitus.com/images/2026-thumbs/github-copilot-on-linux.webp,,src/content/posts/2026/github-copilot-on-linux.md
https://christitus.com/images/2026-thumbs/how-i-use-linux.webp,retained,local-present,production build,200,,2026-10-07T20:35:45.313Z,https://christitus.com/images/2026-thumbs/how-i-use-linux.webp,,src/content/posts/2026/how-i-use-linux.md
https://christitus.com/images/2026-thumbs/how-to-benchmark-in-linux.webp,retained,local-present,production build,200,,2026-10-07T20:35:45.313Z,https://christitus.com/images/2026-thumbs/how-to-benchmark-in-linux.webp,,src/content/posts/2026/how-to-benchmark-in-linux.md
https://christitus.com/images/2026-thumbs/i-rebuilt-my-website-in-astro-was-it-worth-it.webp,retained,local-present,production build,200,,2026-10-07T20:35:45.313Z,https://christitus.com/images/2026-thumbs/i-rebuilt-my-website-in-astro-was-it-worth-it.webp,,src/content/posts/2026/i-rebuilt-my-website-in-astro-was-it-worth-it.md
https://christitus.com/images/2026-thumbs/image-manipulation-linux.webp,removed-or-replaced,missing,HTTP GET,404,,2026-10-07T19:57:46.617289+00:00,https://christitus.com/images/2026-thumbs/image-manipulation-linux.webp,,src/content/posts/2026/image-upscale-conversion-linux.md
https://christitus.com/images/2026-thumbs/my-ai-workflow.webp,retained,local-present,production build,200,,2026-10-07T20:35:45.313Z,https://christitus.com/images/2026-thumbs/my-ai-workflow.webp,,src/content/posts/2026/my-ai-workflow.md
https://christitus.com/images/2026-thumbs/neovim-the-elite-editor.webp,retained,local-present,production build,200,,2026-10-07T20:35:45.313Z,https://christitus.com/images/2026-thumbs/neovim-the-elite-editor.webp,,src/content/posts/2026/neovim-the-elite-editor.md
https://christitus.com/images/2026-thumbs/resolve-in-arch-linux.webp,retained,local-present,production build,200,,2026-10-07T20:35:45.313Z,https://christitus.com/images/2026-thumbs/resolve-in-arch-linux.webp,,src/content/posts/2026/resolve-in-arch-linux.md
https://christitus.com/images/2026-thumbs/restore-wmi-corruption.webp,retained,local-present,production build,200,,2026-10-07T20:35:45.313Z,https://christitus.com/images/2026-thumbs/restore-wmi-corruption.webp,,src/content/posts/2026/restore-wim-corruption.md
https://christitus.com/images/2026-thumbs/stop-using-pop-os-cosmic.webp,retained,local-present,production build,200,,2026-10-07T20:35:45.313Z,https://christitus.com/images/2026-thumbs/stop-using-pop-os-cosmic.webp,,src/content/posts/2026/system76-sucks.md
https://christitus.com/images/2026-thumbs/switch-from-arch-to-fedora.webp,retained,local-present,production build,200,,2026-10-07T20:35:45.313Z,https://christitus.com/images/2026-thumbs/switch-from-arch-to-fedora.webp,,src/content/posts/2026/switch-from-arch-to-fedora.md
https://christitus.com/images/2026-thumbs/the-problems-with-AI.webp,retained,local-present,production build,200,,2026-10-07T20:35:45.313Z,https://christitus.com/images/2026-thumbs/the-problems-with-AI.webp,,src/content/posts/2026/the-problems-with-AI.md
https://christitus.com/images/2026-thumbs/top-linux-distros.webp,retained,local-present,production build,200,,2026-10-07T20:35:45.313Z,https://christitus.com/images/2026-thumbs/top-linux-distros.webp,,src/content/posts/2026/top-linux-distros.md
https://christitus.com/images/2026-thumbs/topgrade-linux.webp,retained,local-present,production build,200,,2026-10-07T20:35:45.313Z,https://christitus.com/images/2026-thumbs/topgrade-linux.webp,,src/content/posts/2026/topgrade-linux.md
https://christitus.com/images/2026-thumbs/what-can-AI-do-in-2026.webp,retained,local-present,production build,200,,2026-10-07T20:35:45.313Z,https://christitus.com/images/2026-thumbs/what-can-AI-do-in-2026.webp,,src/content/posts/2026/what-can-AI-do-in-2026.md
https://christitus.com/images/2026-thumbs/why-people-dont-understand-linux.webp,removed-or-replaced,missing,HTTP GET,404,,2026-10-07T19:57:53.487613+00:00,https://christitus.com/images/2026-thumbs/why-people-dont-understand-linux.webp,,src/content/posts/2026/why-people-dont-understand-linux.md
https://christitus.com/images/2026-thumbs/winutil-in-2026.webp,retained,local-present,production build,200,,2026-10-07T20:35:45.313Z,https://christitus.com/images/2026-thumbs/winutil-in-2026.webp,,src/content/posts/2026/winutil-in-2026.md
https://christitus.com/images/2026-thumbs/zed-editor.webp,retained,local-present,production build,200,,2026-10-07T20:35:45.313Z,https://christitus.com/images/2026-thumbs/zed-editor.webp,,src/content/posts/2026/zed-editor.md
https://christitus.com/images/2026/WMI-corruption.webp,retained,local-present,production build,200,,2026-10-07T20:35:45.313Z,https://christitus.com/images/2026/WMI-corruption.webp,,src/content/posts/2026/restore-wim-corruption.md
https://christitus.com/images/2026/bazzite.webp,retained,local-present,production build,200,,2026-10-07T20:35:45.313Z,https://christitus.com/images/2026/bazzite.webp,,src/content/posts/2026/top-linux-distros.md
https://christitus.com/images/2026/cachyos.webp,retained,local-present,production build,200,,2026-10-07T20:35:45.313Z,https://christitus.com/images/2026/cachyos.webp,,src/content/posts/2026/top-linux-distros.md
https://christitus.com/images/2026/explorer-snacks.webp,retained,local-present,production build,200,,2026-10-07T20:35:45.313Z,https://christitus.com/images/2026/explorer-snacks.webp,,src/content/posts/2026/neovim-the-elite-editor.md
https://christitus.com/images/2026/github/intro-myword.webp,retained,local-present,production build,200,,2026-10-07T20:35:45.313Z,https://christitus.com/images/2026/github/intro-myword.webp,,src/content/posts/2026/github-copilot-on-linux.md
https://christitus.com/images/2026/github/top20.webp,retained,local-present,production build,200,,2026-10-07T20:35:45.313Z,https://christitus.com/images/2026/github/top20.webp,,src/content/posts/2026/github-copilot-on-linux.md
https://christitus.com/images/2026/grc.webp,retained,local-present,production build,200,,2026-10-07T20:35:45.313Z,https://christitus.com/images/2026/grc.webp,,src/content/posts/2026/check-network-security.md
https://christitus.com/images/2026/mangohud-benchmark.webp,retained,local-present,production build,200,,2026-10-07T20:35:45.313Z,https://christitus.com/images/2026/mangohud-benchmark.webp,,src/content/posts/2026/how-to-benchmark-in-linux.md
https://christitus.com/images/2026/mint.webp,retained,local-present,production build,200,,2026-10-07T20:35:45.313Z,https://christitus.com/images/2026/mint.webp,,src/content/posts/2026/top-linux-distros.md
https://christitus.com/images/2026/neovim.webp,retained,local-present,production build,200,,2026-10-07T20:35:45.313Z,https://christitus.com/images/2026/neovim.webp,,src/content/posts/2026/neovim-the-elite-editor.md
https://christitus.com/images/2026/pts-benchmark.webp,retained,local-present,production build,200,,2026-10-07T20:35:45.313Z,https://christitus.com/images/2026/pts-benchmark.webp,,src/content/posts/2026/how-to-benchmark-in-linux.md
https://christitus.com/images/2026/zed-header.webp,retained,local-present,production build,200,,2026-10-07T20:35:45.313Z,https://christitus.com/images/2026/zed-header.webp,,src/content/posts/2026/zed-editor.md
https://christitus.com/images/2026/zed-screen.webp,retained,local-present,production build,200,,2026-10-07T20:35:45.313Z,https://christitus.com/images/2026/zed-screen.webp,,src/content/posts/2026/zed-editor.md
https://christitus.com/images/amd-title.webp,retained,local-present,production build,200,,2026-10-07T20:35:45.313Z,https://christitus.com/images/amd-title.webp,,src/content/posts/2020/ultimate-linux-gaming-guide.md
https://christitus.com/images/github.webp,retained,local-present,production build,200,,2026-10-07T20:35:45.313Z,https://christitus.com/images/github.webp,,src/content/posts/2020/secure-linux.md;src/content/posts/2020/ssh-github.md;src/content/posts/2020/ultimate-windows-setup-guide.md
https://christitus.com/images/nvidia-title.webp,retained,local-present,production build,200,,2026-10-07T20:35:45.313Z,https://christitus.com/images/nvidia-title.webp,,src/content/posts/2020/ultimate-linux-gaming-guide.md
https://christitus.com/images/onecommand.webp,retained,local-present,production build,200,,2026-10-07T20:35:45.313Z,https://christitus.com/images/onecommand.webp,,src/content/posts/2020/ultimate-windows-setup-guide.md;src/content/posts/2020/windows-10-scripts.md
https://christitus.com/images/ssh.webp,retained,local-present,production build,200,,2026-10-07T20:35:45.313Z,https://christitus.com/images/ssh.webp,,src/content/posts/2020/ssh-github.md
https://christitus.com/images/wine.webp,retained,local-present,production build,200,,2026-10-07T20:35:45.313Z,https://christitus.com/images/wine.webp,,src/content/posts/2020/ultimate-linux-gaming-guide.md
https://christitus.com/improve-youtube/,retained,local-present,production build,200,,2026-10-07T20:35:45.313Z,https://christitus.com/improve-youtube/,,src/content/posts/2024/improve-youtube.md
https://christitus.com/install-linux-first-time/,retained,local-present,production build,200,,2026-10-07T20:35:45.313Z,https://christitus.com/install-linux-first-time/,,src/content/posts/2018/2018-10-18-install-linux-first-time.md
https://christitus.com/install-plex-plugin-freenas/,retained,local-present,production build,200,,2026-10-07T20:35:45.313Z,https://christitus.com/install-plex-plugin-freenas/,,src/content/posts/2018/2018-10-23-install-plex-plugin-freenas.md
https://christitus.com/install-windows-the-arch-linux-way/,retained,local-present,production build,200,,2026-10-07T20:35:45.313Z,https://christitus.com/install-windows-the-arch-linux-way/,,src/content/posts/2023/install-windows-the-arch-linux-way.md
https://christitus.com/install-windows-update-powershell/,retained,local-present,production build,200,,2026-10-07T20:35:45.313Z,https://christitus.com/install-windows-update-powershell/,,src/content/posts/2022/install-windows-update-powershell.md
https://christitus.com/install-wine-libfaudio0-error/,retained,local-present,production build,200,,2026-10-07T20:35:45.313Z,https://christitus.com/install-wine-libfaudio0-error/,,src/content/posts/2020/install-wine-libfaudio0-error.md
https://christitus.com/installing-appx-without-msstore/,retained,local-present,production build,200,,2026-10-07T20:35:45.313Z,https://christitus.com/installing-appx-without-msstore/,,src/content/posts/2022/installing-appx-without-msstore.md
https://christitus.com/installing-arch-in-2-minutes/,retained,local-present,production build,200,,2026-10-07T20:35:45.313Z,https://christitus.com/installing-arch-in-2-minutes/,,src/content/posts/2023/installing-arch-in-2-minutes.md
https://christitus.com/installing-linux-subsystem/,retained,local-present,production build,200,,2026-10-07T20:35:45.313Z,https://christitus.com/installing-linux-subsystem/,,src/content/posts/2018/2018-09-11-installing-linux-subsystem.md
https://christitus.com/intro-google-cloud-platform/,retained,local-present,production build,200,,2026-10-07T20:35:45.313Z,https://christitus.com/intro-google-cloud-platform/,,src/content/posts/2018/2018-09-11-intro-google-cloud-platform.md
https://christitus.com/is-windows-bad/,retained,local-present,production build,200,,2026-10-07T20:35:45.313Z,https://christitus.com/is-windows-bad/,,src/content/posts/2022/is-windows-bad.md
https://christitus.com/iscsi-on-boot/,retained,local-present,production build,200,,2026-10-07T20:35:45.313Z,https://christitus.com/iscsi-on-boot/,,src/content/posts/2025/iscsi-on-boot.md
https://christitus.com/issuing-ssl-certs/,retained,local-present,production build,200,,2026-10-07T20:35:45.313Z,https://christitus.com/issuing-ssl-certs/,,src/content/posts/2018/2018-09-13-issuing-ssl-certs.md
https://christitus.com/jakoolit-hyprland/,retained,local-present,production build,200,,2026-10-07T20:35:45.313Z,https://christitus.com/jakoolit-hyprland/,,src/content/posts/2025/jakoolit-hyprland.md
https://christitus.com/keep-windows-7-from-installing-device-drivers-from-windows-update/,retained,local-present,production build,200,,2026-10-07T20:35:45.313Z,https://christitus.com/keep-windows-7-from-installing-device-drivers-from-windows-update/,,src/content/posts/old/2011-09-15-keep-windows-7-from-installing-device-drivers-from-windows-update.md
https://christitus.com/kernel-panic-mac-osx/,retained,local-present,production build,200,,2026-10-07T20:35:45.313Z,https://christitus.com/kernel-panic-mac-osx/,,src/content/posts/old/2012-01-24-kernel-panic-mac-osx.md
https://christitus.com/laptop-power-management/,retained,local-present,production build,200,,2026-10-07T20:35:45.313Z,https://christitus.com/laptop-power-management/,,src/content/posts/2022/laptop-power-management.md
https://christitus.com/latest-version-of-gimp/,retained,local-present,production build,200,,2026-10-07T20:35:45.313Z,https://christitus.com/latest-version-of-gimp/,,src/content/posts/2019/2019-09-15-latest-version-of-gimp.md
https://christitus.com/lcars-screensaver/,retained,local-present,production build,200,,2026-10-07T20:35:45.313Z,https://christitus.com/lcars-screensaver/,,src/content/posts/2020/lcars-screensaver.md;src/content/posts/2022/starfield-screensaver.md
https://christitus.com/learn-linux/,retained,local-present,production build,200,,2026-10-07T20:35:45.313Z,https://christitus.com/learn-linux/,,src/content/posts/2019/2019-10-09-learn-linux.md
https://christitus.com/lightdm-configuration/,retained,local-present,production build,200,,2026-10-07T20:35:45.313Z,https://christitus.com/lightdm-configuration/,,src/content/posts/2020/lightdm-configuration.md
https://christitus.com/linux-alternatives/,retained,draft-preview-confirmed,local content preview,404,,2026-10-07T19:51:49.968770+00:00,https://christitus.com/linux-alternatives/,All 140 fragment references checked; draft remains excluded from production,src/content/posts/2024/linux-alternatives.md
https://christitus.com/linux-alternatives/www.skribisto.eu,removed-or-replaced,missing,HTTP GET,404,,2026-10-07T19:51:51.498198+00:00,https://christitus.com/linux-alternatives/www.skribisto.eu,,src/content/posts/2024/linux-alternatives.md
https://christitus.com/linux-atomic-desktops/,retained,local-present,production build,200,,2026-10-07T20:35:45.313Z,https://christitus.com/linux-atomic-desktops/,,src/content/posts/2024/linux-atomic-desktops.md
https://christitus.com/linux-file-system/,retained,local-present,production build,200,,2026-10-07T20:35:45.313Z,https://christitus.com/linux-file-system/,,src/content/posts/2019/2019-09-23-linux-file-system.md
https://christitus.com/linux-for-beginners/,retained,local-present,production build,200,,2026-10-07T20:35:45.313Z,https://christitus.com/linux-for-beginners/,,src/content/posts/2022/linux-for-beginners.md
https://christitus.com/linux-macos/,retained,local-present,production build,200,,2026-10-07T20:35:45.313Z,https://christitus.com/linux-macos/,,src/content/posts/2020/linux-macos.md
https://christitus.com/linux-security-mistakes/,retained,local-present,production build,200,,2026-10-07T20:35:45.313Z,https://christitus.com/linux-security-mistakes/,,src/content/posts/2022/linux-security-mistakes.md
https://christitus.com/linux-switch-video/,retained,local-present,production build,200,,2026-10-07T20:35:45.313Z,https://christitus.com/linux-switch-video/,,src/content/posts/2018/2018-10-16-linux-switch-video.md
https://christitus.com/logitech-c920-linux-driver/,retained,local-present,production build,200,,2026-10-07T20:35:45.313Z,https://christitus.com/logitech-c920-linux-driver/,,src/content/posts/2018/2018-11-09-logitech-c920-linux-driver.md
https://christitus.com/ltt-bad/,retained,local-present,production build,200,,2026-10-07T20:35:45.313Z,https://christitus.com/ltt-bad/,,src/content/posts/2023/ltt-bad.md
https://christitus.com/lvm-guide/,retained,local-present,production build,200,,2026-10-07T20:35:45.313Z,https://christitus.com/lvm-guide/,,src/content/posts/2019/2019-11-08-lvm-guide.md
https://christitus.com/macos-on-linux/,retained,local-present,production build,200,,2026-10-07T20:35:45.313Z,https://christitus.com/macos-on-linux/,,src/content/posts/2022/macos-on-linux.md
https://christitus.com/macos-sysadmin-tips/,retained,local-present,production build,200,,2026-10-07T20:35:45.313Z,https://christitus.com/macos-sysadmin-tips/,,src/content/posts/2020/macos-sysadmin-tips.md
https://christitus.com/mais-queue-folder/,retained,local-present,production build,200,,2026-10-07T20:35:45.313Z,https://christitus.com/mais-queue-folder/,,src/content/posts/old/2013-04-09-mais-queue-folder.md
https://christitus.com/making-the-perfect-phone/,retained,local-present,production build,200,,2026-10-07T20:35:45.313Z,https://christitus.com/making-the-perfect-phone/,,src/content/posts/2022/making-the-perfect-phone.md;src/content/posts/2022/worst-tech-of-2022.md
https://christitus.com/manjaro-architect-installation-guide/,retained,local-present,production build,200,,2026-10-07T20:35:45.313Z,https://christitus.com/manjaro-architect-installation-guide/,,src/content/posts/2019/2019-01-21-manjaro-architect-installation-guide.md
https://christitus.com/microsoft-is-driving-users-away/,retained,local-present,production build,200,,2026-10-07T20:35:45.313Z,https://christitus.com/microsoft-is-driving-users-away/,,src/content/posts/2023/microsoft-is-driving-users-away.md
https://christitus.com/microsoft-recall-situation/,retained,local-present,production build,200,,2026-10-07T20:35:45.313Z,https://christitus.com/microsoft-recall-situation/,,src/content/posts/2024/microsoft-recall-situation.md
https://christitus.com/move-website-linux-iis/,retained,local-present,production build,200,,2026-10-07T20:35:45.313Z,https://christitus.com/move-website-linux-iis/,,src/content/posts/old/2015-12-25-move-website-linux-iis.md
https://christitus.com/moving-gfi-mailarchiver/,retained,local-present,production build,200,,2026-10-07T20:35:45.313Z,https://christitus.com/moving-gfi-mailarchiver/,,src/content/posts/old/2013-04-09-moving-gfi-mailarchiver.md
https://christitus.com/moving-unifi-access-point/,retained,local-present,production build,200,,2026-10-07T20:35:45.313Z,https://christitus.com/moving-unifi-access-point/,,src/content/posts/2018/2018-06-21-moving-unifi-access-point.md
https://christitus.com/my-ai-workflow/,retained,local-present,production build,200,,2026-10-07T20:35:45.313Z,https://christitus.com/my-ai-workflow/,,src/content/posts/2026/my-ai-workflow.md
https://christitus.com/my-new-desktop-hyprland/,retained,local-present,production build,200,,2026-10-07T20:35:45.313Z,https://christitus.com/my-new-desktop-hyprland/,,src/content/posts/2023/my-new-desktop-hyprland.md
https://christitus.com/my-new-editor/,retained,local-present,production build,200,,2026-10-07T20:35:45.313Z,https://christitus.com/my-new-editor/,,src/content/posts/2023/my-new-editor.md
https://christitus.com/my-problems-with-linux/,retained,local-present,production build,200,,2026-10-07T20:35:45.313Z,https://christitus.com/my-problems-with-linux/,,src/content/posts/2024/my-problems-with-linux.md
https://christitus.com/mybash/,retained,local-present,production build,200,,2026-10-07T20:35:45.313Z,https://christitus.com/mybash/,,src/content/posts/2024/mybash.md
https://christitus.com/neovim-is-better/,retained,local-present,production build,200,,2026-10-07T20:35:45.313Z,https://christitus.com/neovim-is-better/,,src/content/posts/2022/neovim-is-better.md
https://christitus.com/neovim-the-elite-editor/,retained,local-present,production build,200,,2026-10-07T20:35:45.313Z,https://christitus.com/neovim-the-elite-editor/,,src/content/posts/2020/custom-vim.md;src/content/posts/2022/vim-the-ultimate-editor.md;src/content/posts/2026/neovim-the-elite-editor.md;src/content/posts/2026/zed-editor.md
https://christitus.com/nix-package-manager/,retained,local-present,production build,200,,2026-10-07T20:35:45.313Z,https://christitus.com/nix-package-manager/,,src/content/posts/2022/nix-package-manager.md;src/content/posts/2022/quickemu.md;src/content/posts/2022/switching-to-ubuntu.md;src/content/posts/2023/steamdeck-as-a-desktop.md
https://christitus.com/nixos-explained/,retained,local-present,production build,200,,2026-10-07T20:35:45.313Z,https://christitus.com/nixos-explained/,,src/content/posts/2023/nixos-explained.md
https://christitus.com/not-safe-windows/,retained,local-present,production build,200,,2026-10-07T20:35:45.313Z,https://christitus.com/not-safe-windows/,,src/content/posts/2022/not-safe-windows.md
https://christitus.com/ntlite-guide/,retained,local-present,production build,200,,2026-10-07T20:35:45.313Z,https://christitus.com/ntlite-guide/,,src/content/posts/2022/installing-appx-without-msstore.md;src/content/posts/2022/ntlite-guide.md;src/content/posts/2022/setting-up-the-ultimate-windows-11.md
https://christitus.com/nvidia-smi-nagios/,retained,local-present,production build,200,,2026-10-07T20:35:45.313Z,https://christitus.com/nvidia-smi-nagios/,,src/content/posts/2017/2017-06-23-nvidia-smi-nagios.md
https://christitus.com/obsidian/,retained,local-present,production build,200,,2026-10-07T20:35:45.313Z,https://christitus.com/obsidian/,,src/content/posts/2022/obsidian.md
https://christitus.com/one-tool-for-everything/,retained,local-present,production build,200,,2026-10-07T20:35:45.313Z,https://christitus.com/one-tool-for-everything/,,src/content/posts/2022/one-tool-for-everything.md
https://christitus.com/opencore-mac/,retained,local-present,production build,200,,2026-10-07T20:35:45.313Z,https://christitus.com/opencore-mac/,,src/content/posts/2020/opencore-mac.md
https://christitus.com/openvpn-server/,retained,local-present,production build,200,,2026-10-07T20:35:45.313Z,https://christitus.com/openvpn-server/,,src/content/posts/2019/2019-09-20-openvpn-server.md
https://christitus.com/orphaned-shadow-copies/,retained,local-present,production build,200,,2026-10-07T20:35:45.313Z,https://christitus.com/orphaned-shadow-copies/,,src/content/posts/2018/2018-10-25-orphaned-shadow-copies.md
https://christitus.com/outlook-security-certificate/,retained,local-present,production build,200,,2026-10-07T20:35:45.313Z,https://christitus.com/outlook-security-certificate/,,src/content/posts/old/2013-12-09-outlook-security-certificate.md
https://christitus.com/patching-programs-from-forks/,retained,local-present,production build,200,,2026-10-07T20:35:45.313Z,https://christitus.com/patching-programs-from-forks/,,src/content/posts/2025/patching-programs-from-forks.md
https://christitus.com/perfect-htaccess/,retained,local-present,production build,200,,2026-10-07T20:35:45.313Z,https://christitus.com/perfect-htaccess/,,src/content/posts/2018/2018-09-23-perfect-htaccess.md
https://christitus.com/pi-website/,retained,local-present,production build,200,,2026-10-07T20:35:45.313Z,https://christitus.com/pi-website/,,src/content/posts/2021/pi-website.md
https://christitus.com/pretty-powershell/,retained,local-present,production build,200,,2026-10-07T20:35:45.313Z,https://christitus.com/pretty-powershell/,,src/content/posts/2022/pretty-powershell.md
https://christitus.com/prevent-autodiscover-exchange-server/,retained,local-present,production build,200,,2026-10-07T20:35:45.313Z,https://christitus.com/prevent-autodiscover-exchange-server/,,src/content/posts/2016/2016-07-04-prevent-autodiscover-exchange-server.md
https://christitus.com/prioritize-ipv4-over-ipv6-linux/,retained,local-present,production build,200,,2026-10-07T20:35:45.313Z,https://christitus.com/prioritize-ipv4-over-ipv6-linux/,,src/content/posts/2025/prioritize-ipv4-over-ipv6-linux.md
https://christitus.com/pros-use-bleachbit/,retained,local-present,production build,200,,2026-10-07T20:35:45.313Z,https://christitus.com/pros-use-bleachbit/,,src/content/posts/2022/pros-use-bleachbit.md
https://christitus.com/quickemu/,retained,local-present,production build,200,,2026-10-07T20:35:45.313Z,https://christitus.com/quickemu/,,src/content/posts/2022/quickemu.md
https://christitus.com/raspberry-pi-laptop/,retained,local-present,production build,200,,2026-10-07T20:35:45.313Z,https://christitus.com/raspberry-pi-laptop/,,src/content/posts/2020/raspberry-pi-laptop.md
https://christitus.com/reagentc-windows-recovery-partition/,retained,local-present,production build,200,,2026-10-07T20:35:45.313Z,https://christitus.com/reagentc-windows-recovery-partition/,,src/content/posts/2022/reagentc-windows-recovery-partition.md
https://christitus.com/reattach-lvm-xenserver/,retained,local-present,production build,200,,2026-10-07T20:35:45.313Z,https://christitus.com/reattach-lvm-xenserver/,,src/content/posts/2016/2016-08-03-reattach-lvm-xenserver.md
https://christitus.com/recovering-deleted-windows-boot-partition/,retained,local-present,production build,200,,2026-10-07T20:35:45.313Z,https://christitus.com/recovering-deleted-windows-boot-partition/,,src/content/posts/2023/recovering-deleted-windows-boot-partition.md
https://christitus.com/regex/,retained,local-present,production build,200,,2026-10-07T20:35:45.313Z,https://christitus.com/regex/,,src/content/posts/2022/regex.md
https://christitus.com/registry-cleaner/,retained,local-present,production build,200,,2026-10-07T20:35:45.313Z,https://christitus.com/registry-cleaner/,,src/content/posts/2023/registry-cleaner.md
https://christitus.com/release-and-renew-ip-in-os-x/,retained,local-present,production build,200,,2026-10-07T20:35:45.313Z,https://christitus.com/release-and-renew-ip-in-os-x/,,src/content/posts/old/2011-09-29-release-and-renew-ip-in-os-x.md
https://christitus.com/remove-asterisk/,retained,local-present,production build,200,,2026-10-07T20:35:45.313Z,https://christitus.com/remove-asterisk/,,src/content/posts/2018/2018-08-17-remove-asterisk.md
https://christitus.com/remove-youtube-shorts/,retained,local-present,production build,200,,2026-10-07T20:35:45.313Z,https://christitus.com/remove-youtube-shorts/,,src/content/posts/2024/remove-youtube-shorts.md
https://christitus.com/removing-systemd/,retained,local-present,production build,200,,2026-10-07T20:35:45.313Z,https://christitus.com/removing-systemd/,,src/content/posts/2024/removing-systemd.md
https://christitus.com/rename-folders-mapped-drive/,retained,local-present,production build,200,,2026-10-07T20:35:45.313Z,https://christitus.com/rename-folders-mapped-drive/,,src/content/posts/old/2013-04-15-rename-folders-mapped-drive.md
https://christitus.com/repair-windows-boot-partition/,retained,local-present,production build,200,,2026-10-07T20:35:45.313Z,https://christitus.com/repair-windows-boot-partition/,,src/content/posts/2018/2018-07-02-repair-windows-boot-partition.md
https://christitus.com/replace-google-fonts-with-bunny-fonts/,retained,local-present,production build,200,,2026-10-07T20:35:45.313Z,https://christitus.com/replace-google-fonts-with-bunny-fonts/,,src/content/posts/2023/replace-google-fonts-with-bunny-fonts.md
https://christitus.com/resize-lvm-partition-fedora-29-step-by-step-guide/,retained,local-present,production build,200,,2026-10-07T20:35:45.313Z,https://christitus.com/resize-lvm-partition-fedora-29-step-by-step-guide/,,src/content/posts/2018/2018-11-17-resize-lvm-partition-fedora-29-step-by-step-guide.md
https://christitus.com/resolve-in-arch-linux/,retained,local-present,production build,200,,2026-10-07T20:35:45.313Z,https://christitus.com/resolve-in-arch-linux/,,src/content/posts/2026/resolve-in-arch-linux.md
https://christitus.com/restore-wmi-corruption/,retained,local-present,production build,200,,2026-10-07T20:35:45.313Z,https://christitus.com/restore-wmi-corruption/,,src/content/posts/2026/restore-wim-corruption.md
https://christitus.com/risingoss/,retained,local-present,production build,200,,2026-10-07T20:35:45.313Z,https://christitus.com/risingoss/,,src/content/posts/2024/risingoss.md
https://christitus.com/robocopy/,retained,local-present,production build,200,,2026-10-07T20:35:45.313Z,https://christitus.com/robocopy/,,src/content/posts/2022/robocopy.md
https://christitus.com/rocky-linux/,retained,local-present,production build,200,,2026-10-07T20:35:45.313Z,https://christitus.com/rocky-linux/,,src/content/posts/2021/rocky-linux.md
https://christitus.com/run-as-administrator/,retained,local-present,production build,200,,2026-10-07T20:35:45.313Z,https://christitus.com/run-as-administrator/,,src/content/posts/2017/2017-03-26-run-as-administrator.md
https://christitus.com/sata-vs-sas-vs-nvme/,retained,local-present,production build,200,,2026-10-07T20:35:45.313Z,https://christitus.com/sata-vs-sas-vs-nvme/,,src/content/posts/2018/2018-10-05-sata-vs-sas-vs-nvme.md
https://christitus.com/saving-a-business-5000-a-year-in-telecom/,retained,local-present,production build,200,,2026-10-07T20:35:45.313Z,https://christitus.com/saving-a-business-5000-a-year-in-telecom/,,src/content/posts/2023/saving-a-business-5000-a-year-in-telecom.md
https://christitus.com/screensavers/,retained,local-present,production build,200,,2026-10-07T20:35:45.313Z,https://christitus.com/screensavers/,,src/content/posts/2022/starfield-screensaver.md
https://christitus.com/script-for-optimizing-images/,retained,local-present,production build,200,,2026-10-07T20:35:45.313Z,https://christitus.com/script-for-optimizing-images/,,src/content/posts/2023/script-for-optimizing-images.md
https://christitus.com/secure-linux/,retained,local-present,production build,200,,2026-10-07T20:35:45.313Z,https://christitus.com/secure-linux/,,src/content/posts/2020/secure-linux.md
https://christitus.com/secure-web-server/,retained,local-present,production build,200,,2026-10-07T20:35:45.313Z,https://christitus.com/secure-web-server/,,src/content/posts/2019/2019-10-10-secure-web-server.md
https://christitus.com/setting-up-reshade-on-linux/,retained,local-present,production build,200,,2026-10-07T20:35:45.313Z,https://christitus.com/setting-up-reshade-on-linux/,,src/content/posts/2025/setting-up-reshade-on-linux.md
https://christitus.com/setting-up-the-ultimate-windows-11/,retained,local-present,production build,200,,2026-10-07T20:35:45.313Z,https://christitus.com/setting-up-the-ultimate-windows-11/,,src/content/posts/2022/setting-up-the-ultimate-windows-11.md
https://christitus.com/setup-always-on-vpn/,retained,local-present,production build,200,,2026-10-07T20:35:45.313Z,https://christitus.com/setup-always-on-vpn/,,src/content/posts/2018/2018-09-10-setup-always-on-vpn.md
https://christitus.com/setup-freenas-11/,retained,local-present,production build,200,,2026-10-07T20:35:45.313Z,https://christitus.com/setup-freenas-11/,,src/content/posts/2018/2018-10-12-setup-freenas-11.md;src/content/posts/2018/2018-10-23-install-plex-plugin-freenas.md
https://christitus.com/sfc-scannow-error/,retained,local-present,production build,200,,2026-10-07T20:35:45.313Z,https://christitus.com/sfc-scannow-error/,,src/content/posts/old/2015-07-25-sfc-scannow-error.md
https://christitus.com/shell-the-essential-app/,retained,local-present,production build,200,,2026-10-07T20:35:45.313Z,https://christitus.com/shell-the-essential-app/,,src/content/posts/2022/shell-the-essential-app.md
https://christitus.com/shrink-vmware-vmdk/,retained,local-present,production build,200,,2026-10-07T20:35:45.313Z,https://christitus.com/shrink-vmware-vmdk/,,src/content/posts/2022/shrink-vmware-vmdk.md
https://christitus.com/snipping-tool-removed/,retained,local-present,production build,200,,2026-10-07T20:35:45.313Z,https://christitus.com/snipping-tool-removed/,,src/content/posts/2018/2018-09-18-snipping-tool-removed.md
https://christitus.com/sony-playstation-and-freebsd/,retained,local-present,production build,200,,2026-10-07T20:35:45.313Z,https://christitus.com/sony-playstation-and-freebsd/,,src/content/posts/2024/sony-playstation-is-the-devil.md
https://christitus.com/speedup-linux/,retained,local-present,production build,200,,2026-10-07T20:35:45.313Z,https://christitus.com/speedup-linux/,,src/content/posts/2022/speedup-linux.md
https://christitus.com/spooler-subsystem-app-cpu-usage/,retained,local-present,production build,200,,2026-10-07T20:35:45.313Z,https://christitus.com/spooler-subsystem-app-cpu-usage/,,src/content/posts/2017/2017-05-02-spooler-subsystem-app-cpu-usage.md
https://christitus.com/ssh-github/,retained,local-present,production build,200,,2026-10-07T20:35:45.313Z,https://christitus.com/ssh-github/,,src/content/posts/2020/ssh-github.md
https://christitus.com/ssh-guide/,retained,local-present,production build,200,,2026-10-07T20:35:45.313Z,https://christitus.com/ssh-guide/,,src/content/posts/2019/2019-09-18-ssh-guide.md
https://christitus.com/star-trek-os/,retained,local-present,production build,200,,2026-10-07T20:35:45.313Z,https://christitus.com/star-trek-os/,,src/content/posts/2022/star-trek-os.md
https://christitus.com/steamdeck-as-a-desktop/,retained,local-present,production build,200,,2026-10-07T20:35:45.313Z,https://christitus.com/steamdeck-as-a-desktop/,,src/content/posts/2023/steamdeck-as-a-desktop.md
https://christitus.com/stop-using-apt/,retained,local-present,production build,200,,2026-10-07T20:35:45.313Z,https://christitus.com/stop-using-apt/,,src/content/posts/2022/stop-using-apt.md
https://christitus.com/stop-using-pop-os-cosmic/,retained,local-present,production build,200,,2026-10-07T20:35:45.313Z,https://christitus.com/stop-using-pop-os-cosmic/,,src/content/posts/2026/system76-sucks.md
https://christitus.com/switch-from-arch-to-fedora/,retained,local-present,production build,200,,2026-10-07T20:35:45.313Z,https://christitus.com/switch-from-arch-to-fedora/,,src/content/posts/2026/switch-from-arch-to-fedora.md
https://christitus.com/switching-to-dumbphone/,retained,local-present,production build,200,,2026-10-07T20:35:45.313Z,https://christitus.com/switching-to-dumbphone/,,src/content/posts/2022/switching-to-dumbphone.md
https://christitus.com/switching-to-ubuntu/,retained,local-present,production build,200,,2026-10-07T20:35:45.313Z,https://christitus.com/switching-to-ubuntu/,,src/content/posts/2022/switching-to-ubuntu.md
https://christitus.com/sync-local-files/,retained,local-present,production build,200,,2026-10-07T20:35:45.313Z,https://christitus.com/sync-local-files/,,src/content/posts/2023/sync-local-files.md
https://christitus.com/take-ownership-windows/,retained,local-present,production build,200,,2026-10-07T20:35:45.313Z,https://christitus.com/take-ownership-windows/,,src/content/posts/old/2014-01-13-take-ownership-windows.md
https://christitus.com/taking-databases-offline-sql-query/,retained,local-present,production build,200,,2026-10-07T20:35:45.313Z,https://christitus.com/taking-databases-offline-sql-query/,,src/content/posts/2017/2017-08-31-taking-databases-offline-sql-query.md
https://christitus.com/target-account-name-domain-controller-error/,retained,local-present,production build,200,,2026-10-07T20:35:45.313Z,https://christitus.com/target-account-name-domain-controller-error/,,src/content/posts/2016/2016-07-21-target-account-name-domain-controller-error.md
https://christitus.com/target-specific-people-or-computers-with-item-level-targeting-in-gpos/,retained,local-present,production build,200,,2026-10-07T20:35:45.313Z,https://christitus.com/target-specific-people-or-computers-with-item-level-targeting-in-gpos/,,src/content/posts/old/2011-03-22-target-specific-people-or-computers-with-item-level-targeting-in-gpos.md
https://christitus.com/the-ai-problem/,retained,local-present,production build,200,,2026-10-07T20:35:45.313Z,https://christitus.com/the-ai-problem/,,src/content/posts/2025/the-ai-problem.md
https://christitus.com/the-perfect-system/,retained,local-present,production build,200,,2026-10-07T20:35:45.313Z,https://christitus.com/the-perfect-system/,,src/content/posts/2023/the-perfect-system.md
https://christitus.com/the-problems-with-AI/,retained,local-present,production build,200,,2026-10-07T20:35:45.313Z,https://christitus.com/the-problems-with-AI/,,src/content/posts/2026/the-problems-with-AI.md
https://christitus.com/the-state-of-linux-gaming/,retained,local-present,production build,200,,2026-10-07T20:35:45.313Z,https://christitus.com/the-state-of-linux-gaming/,,src/content/posts/2025/the-state-of-linux-gaming.md
https://christitus.com/the-teamviewer-scam/,retained,local-present,production build,200,,2026-10-07T20:35:45.313Z,https://christitus.com/the-teamviewer-scam/,,src/content/posts/2023/the-teamviewer-scam.md
https://christitus.com/the-ultimate-powershell-experience/,retained,local-present,production build,200,,2026-10-07T20:35:45.313Z,https://christitus.com/the-ultimate-powershell-experience/,,src/content/posts/2024/the-ultimate-powershell-experience.md
https://christitus.com/the-ultimate-system/,retained,local-present,production build,200,,2026-10-07T20:35:45.313Z,https://christitus.com/the-ultimate-system/,,src/content/posts/2024/the-ultimate-system.md
https://christitus.com/theming-windows-with-rainmeter/,retained,local-present,production build,200,,2026-10-07T20:35:45.313Z,https://christitus.com/theming-windows-with-rainmeter/,,src/content/posts/2023/theming-windows-with-rainmeter.md
https://christitus.com/thumbnails-in-windows/,retained,local-present,production build,200,,2026-10-07T20:35:45.313Z,https://christitus.com/thumbnails-in-windows/,,src/content/posts/2023/thumbnails-in-windows.md
https://christitus.com/tiny11-has-problems/,retained,local-present,production build,200,,2026-10-07T20:35:45.313Z,https://christitus.com/tiny11-has-problems/,,src/content/posts/2023/tiny11-has-problems.md
https://christitus.com/tituspi-2023/,retained,local-present,production build,200,,2026-10-07T20:35:45.313Z,https://christitus.com/tituspi-2023/,,src/content/posts/2023/tituspi-2023.md
https://christitus.com/top-linux-distros/,retained,local-present,production build,200,,2026-10-07T20:35:45.313Z,https://christitus.com/top-linux-distros/,,src/content/posts/2026/top-linux-distros.md
https://christitus.com/topgrade-linux/,retained,local-present,production build,200,,2026-10-07T20:35:45.313Z,https://christitus.com/topgrade-linux/,,src/content/posts/2026/topgrade-linux.md
https://christitus.com/track-changes-word-author-macro/,retained,local-present,production build,200,,2026-10-07T20:35:45.313Z,https://christitus.com/track-changes-word-author-macro/,,src/content/posts/2025/track-changes-word-author-macro.md
https://christitus.com/troubleshooting-nagios/,retained,local-present,production build,200,,2026-10-07T20:35:45.313Z,https://christitus.com/troubleshooting-nagios/,,src/content/posts/2017/2017-06-21-troubleshooting-nagios.md
https://christitus.com/twitter-archive/,retained,local-present,production build,200,,2026-10-07T20:35:45.313Z,https://christitus.com/twitter-archive/,,src/content/posts/2022/twitter-archive.md
https://christitus.com/ubuntu-decline/,retained,local-present,production build,200,,2026-10-07T20:35:45.313Z,https://christitus.com/ubuntu-decline/,,src/content/posts/2022/ubuntu-decline.md
https://christitus.com/ubuntus-arm-is-good/,retained,local-present,production build,200,,2026-10-07T20:35:45.313Z,https://christitus.com/ubuntus-arm-is-good/,,src/content/posts/2022/ubuntus-arm-is-good.md
https://christitus.com/ultimate-linux-gaming-guide/,retained,local-present,production build,200,,2026-10-07T20:35:45.313Z,https://christitus.com/ultimate-linux-gaming-guide/,,src/content/posts/2020/ultimate-linux-gaming-guide.md
https://christitus.com/ultimate-windows-setup-guide/,retained,local-present,production build,200,,2026-10-07T20:35:45.313Z,https://christitus.com/ultimate-windows-setup-guide/,,src/content/posts/2020/ultimate-windows-setup-guide.md
https://christitus.com/uninstall-edge/,retained,local-present,production build,200,,2026-10-07T20:35:45.313Z,https://christitus.com/uninstall-edge/,,src/content/posts/2021/uninstall-edge.md
https://christitus.com/universal-android-debloat/,retained,local-present,production build,200,,2026-10-07T20:35:45.313Z,https://christitus.com/universal-android-debloat/,,src/content/posts/2024/universal-android-debloat.md
https://christitus.com/unlock-steam-deck/,retained,local-present,production build,200,,2026-10-07T20:35:45.313Z,https://christitus.com/unlock-steam-deck/,,src/content/posts/2022/unlock-steam-deck.md
https://christitus.com/update-any-pc-to-windows11/,retained,local-present,production build,200,,2026-10-07T20:35:45.313Z,https://christitus.com/update-any-pc-to-windows11/,,src/content/posts/2021/update-any-pc-to-windows11.md
https://christitus.com/update-is-pending/,retained,local-present,production build,200,,2026-10-07T20:35:45.313Z,https://christitus.com/update-is-pending/,,src/content/posts/old/2013-04-04-update-is-pending.md
https://christitus.com/update-netscaler-vpx/,retained,local-present,production build,200,,2026-10-07T20:35:45.313Z,https://christitus.com/update-netscaler-vpx/,,src/content/posts/2016/2016-11-12-update-netscaler-vpx.md
https://christitus.com/urbackup/,retained,local-present,production build,200,,2026-10-07T20:35:45.313Z,https://christitus.com/urbackup/,,src/content/posts/2022/urbackup.md
https://christitus.com/using-github-correctly/,retained,local-present,production build,200,,2026-10-07T20:35:45.313Z,https://christitus.com/using-github-correctly/,,src/content/posts/2022/using-github-correctly.md
https://christitus.com/using-iometer/,retained,local-present,production build,200,,2026-10-07T20:35:45.313Z,https://christitus.com/using-iometer/,,src/content/posts/2018/2018-09-14-using-iometer.md
https://christitus.com/valid-short-file-name/,retained,local-present,production build,200,,2026-10-07T20:35:45.313Z,https://christitus.com/valid-short-file-name/,,src/content/posts/old/2011-10-13-valid-short-file-name.md
https://christitus.com/verifone-vx510-add-9/,retained,local-present,production build,200,,2026-10-07T20:35:45.313Z,https://christitus.com/verifone-vx510-add-9/,,src/content/posts/old/2013-08-07-verifone-vx510-add-9.md
https://christitus.com/vim-the-ultimate-editor/,retained,local-present,production build,200,,2026-10-07T20:35:45.313Z,https://christitus.com/vim-the-ultimate-editor/,,src/content/posts/2020/custom-vim.md;src/content/posts/2022/vim-the-ultimate-editor.md
https://christitus.com/virtual-machine-formats/,retained,local-present,production build,200,,2026-10-07T20:35:45.313Z,https://christitus.com/virtual-machine-formats/,,src/content/posts/2022/virtual-machine-formats.md
https://christitus.com/virtualization-introduction/,retained,local-present,production build,200,,2026-10-07T20:35:45.313Z,https://christitus.com/virtualization-introduction/,,src/content/posts/2018/2018-09-07-virtualization-introduction.md
https://christitus.com/vm-setup-in-linux,retained,local-present,production build,200,,2026-10-07T20:35:45.313Z,https://christitus.com/vm-setup-in-linux/,,src/content/posts/2022/macos-on-linux.md
https://christitus.com/vm-setup-in-linux/,retained,local-present,production build,200,,2026-10-07T20:35:45.313Z,https://christitus.com/vm-setup-in-linux/,,src/content/posts/2022/vm-setup-in-linux.md;src/content/posts/2022/windows-inside-linux.md
https://christitus.com/vpn-kill-switch/,retained,local-present,production build,200,,2026-10-07T20:35:45.313Z,https://christitus.com/vpn-kill-switch/,,src/content/posts/2019/2019-12-01-vpn-kill-switch.md
https://christitus.com/vpn-tier-list-2024/,retained,local-present,production build,200,,2026-10-07T20:35:45.313Z,https://christitus.com/vpn-tier-list-2024/,,src/content/posts/2024/vpn-tier-list-2024.md
https://christitus.com/what-can-AI-do-in-2026/,retained,local-present,production build,200,,2026-10-07T20:35:45.313Z,https://christitus.com/what-can-AI-do-in-2026/,,src/content/posts/2026/what-can-AI-do-in-2026.md
https://christitus.com/why-i-use-linux/,retained,local-present,production build,200,,2026-10-07T20:35:45.313Z,https://christitus.com/why-i-use-linux/,,src/content/posts/2025/why-i-use-linux.md
https://christitus.com/why-open-source/,retained,local-present,production build,200,,2026-10-07T20:35:45.313Z,https://christitus.com/why-open-source/,,src/content/posts/2023/why-open-source.md
https://christitus.com/why-the-cli-is-op/,retained,local-present,production build,200,,2026-10-07T20:35:45.313Z,https://christitus.com/why-the-cli-is-op/,,src/content/posts/2022/why-the-cli-is-op.md
https://christitus.com/why-we-dont-browse-the-internet-anymore/,retained,local-present,production build,200,,2026-10-07T20:35:45.313Z,https://christitus.com/why-we-dont-browse-the-internet-anymore/,,src/content/posts/2022/why-we-dont-browse-the-internet-anymore.md;src/content/posts/2022/worst-tech-of-2022.md
https://christitus.com/why-you-NEED-to-contribute-to-open-source/,retained,local-present,production build,200,,2026-10-07T20:35:45.313Z,https://christitus.com/why-you-NEED-to-contribute-to-open-source/,,src/content/posts/2024/why-you-NEED-to-contribute-to-open-source.md
https://christitus.com/win,retained,reachable,HTTP GET,200,,2026-10-07T19:49:18.391723+00:00,https://release-assets.githubusercontent.com/github-production-release-asset/486418532/c07e3465-1b4a-474c-8f5c-fc47c90b2503,,src/content/posts/2020/debloat-windows10-2020.md;src/content/posts/2022/windows-tool.md
https://christitus.com/win10-to-win11/,retained,local-present,production build,200,,2026-10-07T20:35:45.313Z,https://christitus.com/win10-to-win11/,,src/content/posts/2022/win10-to-win11.md
https://christitus.com/windows-10-iis-rewrite-error/,retained,local-present,production build,200,,2026-10-07T20:35:45.313Z,https://christitus.com/windows-10-iis-rewrite-error/,,src/content/posts/2016/2016-09-18-windows-10-iis-rewrite-error.md
https://christitus.com/windows-10-scripts/,retained,local-present,production build,200,,2026-10-07T20:35:45.313Z,https://christitus.com/windows-10-scripts/,,src/content/posts/2020/windows-10-scripts.md
https://christitus.com/windows-11-perfect-install/,retained,local-present,production build,200,,2026-10-07T20:35:45.313Z,https://christitus.com/windows-11-perfect-install/,,src/content/posts/2023/windows-11-perfect-install.md
https://christitus.com/windows-24h2/,retained,local-present,production build,200,,2026-10-07T20:35:45.313Z,https://christitus.com/windows-24h2/,,src/content/posts/2024/windows-24h2.md
https://christitus.com/windows-explorer-stealing-cpu/,retained,local-present,production build,200,,2026-10-07T20:35:45.313Z,https://christitus.com/windows-explorer-stealing-cpu/,,src/content/posts/2022/windows-explorer-stealing-cpu.md
https://christitus.com/windows-inside-linux/,retained,local-present,production build,200,,2026-10-07T20:35:45.313Z,https://christitus.com/windows-inside-linux/,,src/content/posts/2022/windows-inside-linux.md
https://christitus.com/windows-network-and-sharing/,retained,local-present,production build,200,,2026-10-07T20:35:45.313Z,https://christitus.com/windows-network-and-sharing/,,src/content/posts/2023/windows-network-and-sharing.md
https://christitus.com/windows-refresh-pc/,retained,local-present,production build,200,,2026-10-07T20:35:45.313Z,https://christitus.com/windows-refresh-pc/,,src/content/posts/old/2012-09-26-windows-refresh-pc.md
https://christitus.com/windows-server-2016-core-remote/,retained,local-present,production build,200,,2026-10-07T20:35:45.313Z,https://christitus.com/windows-server-2016-core-remote/,,src/content/posts/2018/2018-06-20-windows-server-2016-core-remote.md
https://christitus.com/windows-software-raid/,retained,local-present,production build,200,,2026-10-07T20:35:45.313Z,https://christitus.com/windows-software-raid/,,src/content/posts/old/2014-12-28-windows-software-raid.md
https://christitus.com/windows-store-not-loading/,retained,local-present,production build,200,,2026-10-07T20:35:45.313Z,https://christitus.com/windows-store-not-loading/,,src/content/posts/old/2012-10-12-windows-store-not-loading.md
https://christitus.com/windows-to-linux/,retained,local-present,production build,200,,2026-10-07T20:35:45.313Z,https://christitus.com/windows-to-linux/,,src/content/posts/2025/windows-to-linux.md
https://christitus.com/windows-tool/,retained,local-present,production build,200,,2026-10-07T20:35:45.313Z,https://christitus.com/windows-tool/,,src/content/posts/2022/ntlite-guide.md;src/content/posts/2022/setting-up-the-ultimate-windows-11.md;src/content/posts/2022/windows-tool.md
https://christitus.com/windows-update-security-only/,retained,local-present,production build,200,,2026-10-07T20:35:45.313Z,https://christitus.com/windows-update-security-only/,,src/content/posts/2020/windows-update.md
https://christitus.com/windows-utility-improved/,retained,local-present,production build,200,,2026-10-07T20:35:45.313Z,https://christitus.com/windows-utility-improved/,,src/content/posts/2024/windows-utility-improved.md
https://christitus.com/winsxs-free-space-server/,retained,local-present,production build,200,,2026-10-07T20:35:45.313Z,https://christitus.com/winsxs-free-space-server/,,src/content/posts/2016/2016-08-03-winsxs-free-space-server.md
https://christitus.com/winutil-in-2026/,retained,local-present,production build,200,,2026-10-07T20:35:45.313Z,https://christitus.com/winutil-in-2026/,,src/content/posts/2026/winutil-in-2026.md
https://christitus.com/winutil-install/,retained,local-present,production build,200,,2026-10-07T20:35:45.313Z,https://christitus.com/winutil-install/,,src/content/posts/2024/winutil-install.md
https://christitus.com/winutil-may-23-update/,retained,local-present,production build,200,,2026-10-07T20:35:45.313Z,https://christitus.com/winutil-may-23-update/,,src/content/posts/2023/winutil-may-23-update.md
https://christitus.com/wordpress-google-cloud-platform/,retained,local-present,production build,200,,2026-10-07T20:35:45.313Z,https://christitus.com/wordpress-google-cloud-platform/,,src/content/posts/2019/2019-03-14-wordpress-google-cloud-platform.md
https://christitus.com/worst-tech-of-2022/,retained,local-present,production build,200,,2026-10-07T20:35:45.313Z,https://christitus.com/worst-tech-of-2022/,,src/content/posts/2022/worst-tech-of-2022.md
https://christitus.com/wsl2/,retained,local-present,production build,200,,2026-10-07T20:35:45.313Z,https://christitus.com/wsl2/,,src/content/posts/2020/wsl2.md
https://christitus.com/xenserver-cannot-connect/,retained,local-present,production build,200,,2026-10-07T20:35:45.313Z,https://christitus.com/xenserver-cannot-connect/,,src/content/posts/2018/2018-10-01-xenserver-cannot-connect.md
https://christitus.com/xenserver-tapdisk-error/,retained,local-present,production build,200,,2026-10-07T20:35:45.313Z,https://christitus.com/xenserver-tapdisk-error/,,src/content/posts/2016/2016-08-03-xenserver-tapdisk-error.md
https://christitus.com/xenserver-xcp-ng-first-vm-install/,retained,local-present,production build,200,,2026-10-07T20:35:45.313Z,https://christitus.com/xenserver-xcp-ng-first-vm-install/,,src/content/posts/2018/2018-09-09-xenserver-xcp-ng-first-vm-install.md
https://christitus.com/xz-affected-these-users/,retained,local-present,production build,200,,2026-10-07T20:35:45.313Z,https://christitus.com/xz-affected-these-users/,,src/content/posts/2024/xz-affected-these-users.md
https://christitus.com/you-will-watch-ads/,retained,local-present,production build,200,,2026-10-07T20:35:45.313Z,https://christitus.com/you-will-watch-ads/,,src/content/posts/2023/you-will-watch-ads.md
https://christitus.com/youtube-telegram-scams/,retained,local-present,production build,200,,2026-10-07T20:35:45.313Z,https://christitus.com/youtube-telegram-scams/,,src/content/posts/2023/youtube-telegram-scams.md
https://christitus.com/zed-editor/,retained,local-present,production build,200,,2026-10-07T20:35:45.313Z,https://christitus.com/zed-editor/,,src/content/posts/2026/zed-editor.md
https://christitus.com/zoxide/,retained,local-present,production build,200,,2026-10-07T20:35:45.313Z,https://christitus.com/zoxide/,,src/content/posts/2024/zoxide.md
https://christitus.com/zsh/,retained,local-present,production build,200,,2026-10-07T20:35:45.313Z,https://christitus.com/zsh/,,src/content/posts/2020/zsh.md
https://christitustech.github.io/winutil/,retained,reachable,HTTP GET,200,,2026-10-07T19:47:52.763405+00:00,https://winutil.christitus.com/,,src/content/posts/2024/winutil-install.md
https://chrome.google.com/webstore/detail/authenticator/bhghoamapcdpbohphigoooaddinpkbai,removed-or-replaced,reachable,HTTP GET,200,,2026-10-07T19:48:06.871451+00:00,https://chromewebstore.google.com/detail/authenticator/bhghoamapcdpbohphigoooaddinpkbai,,src/content/posts/2022/best-browser-extensions.md
https://chrome.google.com/webstore/detail/checker-plus-for-google-c/hkhggnncdpfibdhinjiegagmopldibha,removed-or-replaced,reachable,HTTP GET,200,,2026-10-07T19:48:08.881597+00:00,https://chromewebstore.google.com/detail/checker-plus-for-google-c/hkhggnncdpfibdhinjiegagmopldibha,,src/content/posts/2022/best-browser-extensions.md
https://chrome.google.com/webstore/detail/chromebook-recovery-utili/pocpnlppkickgojjlmhdmidojbmbodfm,removed-or-replaced,reachable,HTTP GET,200,,2026-10-07T19:48:03.886884+00:00,https://chromewebstore.google.com/detail/device-recovery-utility/pocpnlppkickgojjlmhdmidojbmbodfm,,src/content/posts/2022/30days-chromeos.md
https://chrome.google.com/webstore/detail/chrometana-pro-redirect-c/lllggmgeiphnciplalhefnbpddbadfdi,removed-or-replaced,reachable,HTTP GET,200,,2026-10-07T19:47:10.978834+00:00,https://chromewebstore.google.com/detail/chrometana-pro-redirect-c/lllggmgeiphnciplalhefnbpddbadfdi,,src/content/posts/2018/2018-10-17-change-cortana-search.md
https://chrome.google.com/webstore/detail/clickbait-remover-for-you/omoinegiohhgbikclijaniebjpkeopip,removed-or-replaced,reachable,HTTP GET,200,,2026-10-07T19:48:19.350267+00:00,https://chromewebstore.google.com/detail/clickbait-remover-for-you/omoinegiohhgbikclijaniebjpkeopip,,src/content/posts/2022/bypass-paywalls.md
https://chrome.google.com/webstore/detail/clickclean/ghgabhipcejejjmhhchfonmamedcbeod,removed-or-replaced,reachable,HTTP GET,200,,2026-10-07T19:48:10.032704+00:00,https://chromewebstore.google.com/detail/clickclean/ghgabhipcejejjmhhchfonmamedcbeod,,src/content/posts/2022/best-browser-extensions.md
https://chrome.google.com/webstore/detail/cookie-remover/kcgpggonjhmeaejebeoeomdlohicfhce/related,retained,reachable,HTTP GET,200,,2026-10-07T19:48:18.738275+00:00,https://chromewebstore.google.com/detail/cookie-remover-clear-remo/kcgpggonjhmeaejebeoeomdlohicfhce,,src/content/posts/2022/bypass-paywalls.md
https://chrome.google.com/webstore/detail/enhancer-for-youtube/ponfpcnoihfmfllpaingbgckeeldkhle,removed-or-replaced,reachable,HTTP GET,200,,2026-10-07T19:48:17.305248+00:00,https://chromewebstore.google.com/detail/enhancer-for-youtube/ponfpcnoihfmfllpaingbgckeeldkhle,,src/content/posts/2022/bypass-paywalls.md
https://chrome.google.com/webstore/detail/get-rss-feed-url/kfghpdldaipanmkhfpdcjglncmilendn,removed-or-replaced,reachable,HTTP GET,200,,2026-10-07T19:48:11.393676+00:00,https://chromewebstore.google.com/detail/get-rss-feed-url/kfghpdldaipanmkhfpdcjglncmilendn,,src/content/posts/2022/best-browser-extensions.md
https://chrome.google.com/webstore/detail/gofullpage-full-page-scre/fdpohaocaechififmbbbbbknoalclacl,removed-or-replaced,reachable,HTTP GET,200,,2026-10-07T19:48:12.731141+00:00,https://chromewebstore.google.com/detail/gofullpage-full-page-scre/fdpohaocaechififmbbbbbknoalclacl,,src/content/posts/2022/best-browser-extensions.md
https://chrome.google.com/webstore/detail/midnight-lizard/pbnndmlekkboofhnbonilimejonapojg,removed-or-replaced,reachable,HTTP GET,200,,2026-10-07T19:48:13.835950+00:00,https://chromewebstore.google.com/detail/midnight-lizard/pbnndmlekkboofhnbonilimejonapojg,,src/content/posts/2022/best-browser-extensions.md
https://chrome.google.com/webstore/detail/momentum/laookkfknpbbblfpciffpaejjkokdgca,removed-or-replaced,reachable,HTTP GET,200,,2026-10-07T19:48:15.172054+00:00,https://chromewebstore.google.com/detail/momentum/laookkfknpbbblfpciffpaejjkokdgca,,src/content/posts/2022/best-browser-extensions.md
https://chrome.google.com/webstore/detail/notifier-for-github/lmjdlojahmbbcodnpecnjnmlddbkjhnn,removed-or-replaced,reachable,HTTP GET,200,,2026-10-07T19:48:15.978142+00:00,https://chromewebstore.google.com/detail/notifier-for-github/lmjdlojahmbbcodnpecnjnmlddbkjhnn,,src/content/posts/2022/best-browser-extensions.md
https://chrome.google.com/webstore/detail/self-destructing-cookies/igdpjhaninpfanncfifdoogibpdidddf,removed-or-replaced,reachable,HTTP GET,200,,2026-10-07T19:48:18.070843+00:00,https://chromewebstore.google.com/detail/self-destructing-cookies/igdpjhaninpfanncfifdoogibpdidddf,,src/content/posts/2022/bypass-paywalls.md
https://chrome.google.com/webstore/detail/user-agent-switcher-for-c/djflhoibgkdhkhhcedjiklpkjnoahfmg?hl=en-US,removed-or-replaced,reachable,HTTP GET,200,,2026-10-07T19:47:56.289736+00:00,https://chromewebstore.google.com/detail/user-agent-switcher-for-c/djflhoibgkdhkhhcedjiklpkjnoahfmg,,src/content/posts/2020/geforce-now-linux.md
https://chrome.google.com/webstore/detail/web-highlights-pdf-web-hi/hldjnlbobkdkghfidgoecgmklcemanhm,removed-or-replaced,reachable,HTTP GET,200,,2026-10-07T19:48:16.553088+00:00,https://chromewebstore.google.com/detail/web-highlights-pdf-web-hi/hldjnlbobkdkghfidgoecgmklcemanhm,,src/content/posts/2022/best-browser-extensions.md
https://chromewebstore.google.com/detail/authenticator/bhghoamapcdpbohphigoooaddinpkbai,introduced,reachable,HTTP GET,200,,2026-10-07T19:54:45.491722+00:00,https://chromewebstore.google.com/detail/authenticator/bhghoamapcdpbohphigoooaddinpkbai,,src/content/posts/2022/best-browser-extensions.md
https://chromewebstore.google.com/detail/checker-plus-for-google-c/hkhggnncdpfibdhinjiegagmopldibha,introduced,reachable,HTTP GET,200,,2026-10-07T19:54:45.593650+00:00,https://chromewebstore.google.com/detail/checker-plus-for-google-c/hkhggnncdpfibdhinjiegagmopldibha,,src/content/posts/2022/best-browser-extensions.md
https://chromewebstore.google.com/detail/chrometana-pro-redirect-c/lllggmgeiphnciplalhefnbpddbadfdi,introduced,reachable,HTTP GET,200,,2026-10-07T19:54:45.005458+00:00,https://chromewebstore.google.com/detail/chrometana-pro-redirect-c/lllggmgeiphnciplalhefnbpddbadfdi,,src/content/posts/2018/2018-10-17-change-cortana-search.md
https://chromewebstore.google.com/detail/clickbait-remover-for-you/omoinegiohhgbikclijaniebjpkeopip,introduced,reachable,HTTP GET,200,,2026-10-07T19:54:48.604468+00:00,https://chromewebstore.google.com/detail/clickbait-remover-for-you/omoinegiohhgbikclijaniebjpkeopip,,src/content/posts/2022/bypass-paywalls.md
https://chromewebstore.google.com/detail/clickclean/ghgabhipcejejjmhhchfonmamedcbeod,introduced,reachable,HTTP GET,200,,2026-10-07T19:54:45.905022+00:00,https://chromewebstore.google.com/detail/clickclean/ghgabhipcejejjmhhchfonmamedcbeod,,src/content/posts/2022/best-browser-extensions.md
https://chromewebstore.google.com/detail/device-recovery-utility/pocpnlppkickgojjlmhdmidojbmbodfm,introduced,reachable,HTTP GET,200,,2026-10-07T19:54:45.273255+00:00,https://chromewebstore.google.com/detail/device-recovery-utility/pocpnlppkickgojjlmhdmidojbmbodfm,,src/content/posts/2022/30days-chromeos.md
https://chromewebstore.google.com/detail/enhancer-for-youtube/ponfpcnoihfmfllpaingbgckeeldkhle,introduced,reachable,HTTP GET,200,,2026-10-07T19:54:48.235648+00:00,https://chromewebstore.google.com/detail/enhancer-for-youtube/ponfpcnoihfmfllpaingbgckeeldkhle,,src/content/posts/2022/bypass-paywalls.md
https://chromewebstore.google.com/detail/get-rss-feed-url/kfghpdldaipanmkhfpdcjglncmilendn,introduced,reachable,HTTP GET,200,,2026-10-07T19:54:46.367605+00:00,https://chromewebstore.google.com/detail/get-rss-feed-url/kfghpdldaipanmkhfpdcjglncmilendn,,src/content/posts/2022/best-browser-extensions.md
https://chromewebstore.google.com/detail/gofullpage-full-page-scre/fdpohaocaechififmbbbbbknoalclacl,introduced,reachable,HTTP GET,200,,2026-10-07T19:54:46.457249+00:00,https://chromewebstore.google.com/detail/gofullpage-full-page-scre/fdpohaocaechififmbbbbbknoalclacl,,src/content/posts/2022/best-browser-extensions.md
https://chromewebstore.google.com/detail/improve-youtube-%F0%9F%8E%A7-for-yo/bnomihfieiccainjcjblhegjgglakjdd,retained,reachable,HTTP GET,200,,2026-10-07T19:47:18.685058+00:00,https://chromewebstore.google.com/detail/improve-youtube-%F0%9F%8E%A7-for-yo/bnomihfieiccainjcjblhegjgglakjdd,,src/content/posts/2024/improve-youtube.md
https://chromewebstore.google.com/detail/midnight-lizard/pbnndmlekkboofhnbonilimejonapojg,introduced,reachable,HTTP GET,200,,2026-10-07T19:54:46.750169+00:00,https://chromewebstore.google.com/detail/midnight-lizard/pbnndmlekkboofhnbonilimejonapojg,,src/content/posts/2022/best-browser-extensions.md
https://chromewebstore.google.com/detail/momentum/laookkfknpbbblfpciffpaejjkokdgca,introduced,reachable,HTTP GET,200,,2026-10-07T19:54:47.240388+00:00,https://chromewebstore.google.com/detail/momentum/laookkfknpbbblfpciffpaejjkokdgca,,src/content/posts/2022/best-browser-extensions.md
https://chromewebstore.google.com/detail/notifier-for-github/lmjdlojahmbbcodnpecnjnmlddbkjhnn,introduced,reachable,HTTP GET,200,,2026-10-07T19:54:47.736113+00:00,https://chromewebstore.google.com/detail/notifier-for-github/lmjdlojahmbbcodnpecnjnmlddbkjhnn,,src/content/posts/2022/best-browser-extensions.md
https://chromewebstore.google.com/detail/self-destructing-cookies/igdpjhaninpfanncfifdoogibpdidddf,introduced,reachable,HTTP GET,200,,2026-10-07T19:54:48.510399+00:00,https://chromewebstore.google.com/detail/self-destructing-cookies/igdpjhaninpfanncfifdoogibpdidddf,,src/content/posts/2022/bypass-paywalls.md
https://chromewebstore.google.com/detail/user-agent-switcher-for-c/djflhoibgkdhkhhcedjiklpkjnoahfmg?hl=en-US,introduced,reachable,HTTP GET,200,,2026-10-07T19:54:45.164657+00:00,https://chromewebstore.google.com/detail/user-agent-switcher-for-c/djflhoibgkdhkhhcedjiklpkjnoahfmg,,src/content/posts/2020/geforce-now-linux.md
https://chromewebstore.google.com/detail/web-highlights-pdf-web-hi/hldjnlbobkdkghfidgoecgmklcemanhm,introduced,reachable,HTTP GET,200,,2026-10-07T19:54:48.037667+00:00,https://chromewebstore.google.com/detail/web-highlights-pdf-web-hi/hldjnlbobkdkghfidgoecgmklcemanhm,,src/content/posts/2022/best-browser-extensions.md
https://chromium.googlesource.com/chromium/src.git,retained,reachable,HTTP GET,200,,2026-10-07T19:47:36.691550+00:00,https://chromium.googlesource.com/chromium/src.git,,src/content/posts/2024/linux-alternatives.md
https://cider.sh/,retained,reachable,HTTP GET,200,,2026-10-07T19:47:19.584179+00:00,https://cider.sh/,,src/content/posts/2024/linux-alternatives.md
https://cisofy.com/lynis/,retained,reachable,HTTP GET,200,,2026-10-07T19:47:41.945541+00:00,https://cisofy.com/lynis/,,src/content/posts/2024/linux-alternatives.md
https://clementtsang.github.io/bottom/nightly/,retained,reachable,HTTP GET,200,,2026-10-07T19:47:48.822178+00:00,https://clementtsang.github.io/bottom/nightly/,,src/content/posts/2024/linux-alternatives.md
https://clipgrab.org/,retained,reachable,HTTP GET,200,,2026-10-07T19:47:37.268871+00:00,https://clipgrab.org/,,src/content/posts/2024/linux-alternatives.md
https://clonezilla.org/,retained,reachable,HTTP GET,200,,2026-10-07T19:48:02.729522+00:00,https://clonezilla.org/,,src/content/posts/2024/linux-alternatives.md
https://clonezilla.org/related-links/,retained,reachable,HTTP GET,200,,2026-10-07T19:47:45.289777+00:00,https://clonezilla.org/related-links/,,src/content/posts/2024/linux-alternatives.md
https://cloud.google.com/appengine/docs/standard/python/download,retained,reachable,HTTP GET,200,,2026-10-07T19:47:10.405590+00:00,https://docs.cloud.google.com/appengine/docs/standard/setting-up-environment,,src/content/posts/2018/2018-09-11-intro-google-cloud-platform.md
https://cloud.google.com/sdk/docs/downloads-apt-get,retained,reachable,HTTP GET,200,,2026-10-07T19:47:55.864009+00:00,https://docs.cloud.google.com/sdk/docs/install-sdk,,src/content/posts/2019/2019-03-14-wordpress-google-cloud-platform.md
https://cmus.github.io/,retained,reachable,HTTP GET,200,,2026-10-07T19:47:19.694886+00:00,https://cmus.github.io/,,src/content/posts/2024/linux-alternatives.md
https://cockatrice.github.io/,retained,reachable,HTTP GET,200,,2026-10-07T19:47:30.690784+00:00,https://cockatrice.github.io/,,src/content/posts/2024/linux-alternatives.md
https://code-industry.net/free-pdf-editor/,retained,reachable,HTTP GET,200,,2026-10-07T19:47:26.919181+00:00,https://code-industry.net/free-pdf-editor/,,src/content/posts/2024/linux-alternatives.md
https://code.launchpad.net/caffeine,retained,reachable,HTTP GET,200,,2026-10-07T19:48:08.330046+00:00,https://code.launchpad.net/caffeine,,src/content/posts/2024/linux-alternatives.md
https://code.launchpad.net/catfish-search,retained,reachable,HTTP GET,200,,2026-10-07T19:48:10.888734+00:00,https://code.launchpad.net/catfish-search,,src/content/posts/2024/linux-alternatives.md
https://code.launchpad.net/docky,retained,reachable,HTTP GET,200,,2026-10-07T19:48:09.717275+00:00,https://code.launchpad.net/docky,,src/content/posts/2024/linux-alternatives.md
https://code.launchpad.net/epoptes,retained,reachable,HTTP GET,200,,2026-10-07T19:47:27.630835+00:00,https://code.launchpad.net/epoptes,,src/content/posts/2024/linux-alternatives.md
https://code.launchpad.net/homebank,retained,reachable,HTTP GET,200,,2026-10-07T19:48:06.000043+00:00,https://code.launchpad.net/homebank,,src/content/posts/2024/linux-alternatives.md
https://code.launchpad.net/kazam,retained,reachable,HTTP GET,200,,2026-10-07T19:48:01.060418+00:00,https://code.launchpad.net/kazam,,src/content/posts/2024/linux-alternatives.md
https://code.launchpad.net/~artfwo/indicator-cpufreq/trunk,introduced,reachable,HTTP GET,200,,2026-10-07T19:54:47.467494+00:00,https://code.launchpad.net/~artfwo/indicator-cpufreq/trunk,,src/content/posts/2024/linux-alternatives.md
https://code.launchpad.net/~audio-recorder/audio-recorder/trunk,introduced,reachable,HTTP GET,200,,2026-10-07T19:54:45.008587+00:00,https://code.launchpad.net/~audio-recorder/audio-recorder/trunk,,src/content/posts/2024/linux-alternatives.md
https://code.launchpad.net/~cpug-devs/cpug/main,introduced,reachable,HTTP GET,200,,2026-10-07T19:54:46.997549+00:00,https://code.launchpad.net/~cpug-devs/cpug/main,,src/content/posts/2024/linux-alternatives.md
https://code.launchpad.net/~dabisu/sakura/sakura,introduced,reachable,HTTP GET,200,,2026-10-07T19:54:46.418973+00:00,https://code.launchpad.net/~dabisu/sakura/sakura,,src/content/posts/2024/linux-alternatives.md
https://code.launchpad.net/~gnome-terminator/terminator/gtk3,introduced,reachable,HTTP GET,200,,2026-10-07T19:54:46.646578+00:00,https://code.launchpad.net/~gnome-terminator/terminator/gtk3,,src/content/posts/2024/linux-alternatives.md
https://code.launchpad.net/~indicator-brightness/indicator-brightness/trunk,introduced,reachable,HTTP GET,200,,2026-10-07T19:54:45.705583+00:00,https://code.launchpad.net/~indicator-brightness/indicator-brightness/trunk,,src/content/posts/2024/linux-alternatives.md
https://code.launchpad.net/~indicator-multiload/indicator-multiload/trunk,introduced,reachable,HTTP GET,200,,2026-10-07T19:54:47.817817+00:00,https://code.launchpad.net/~indicator-multiload/indicator-multiload/trunk,,src/content/posts/2024/linux-alternatives.md
https://code.launchpad.net/~jconti/recent-notifications/trunk,introduced,reachable,HTTP GET,200,,2026-10-07T19:54:46.173359+00:00,https://code.launchpad.net/~jconti/recent-notifications/trunk,,src/content/posts/2024/linux-alternatives.md
https://code.launchpad.net/~joh/alarm-clock/trunk,introduced,reachable,HTTP GET,200,,2026-10-07T19:54:45.533723+00:00,https://code.launchpad.net/~joh/alarm-clock/trunk,,src/content/posts/2024/linux-alternatives.md
https://code.launchpad.net/~teejee2008/apt-toolkit/trunk,retained,reachable,HTTP GET,200,,2026-10-07T19:48:12.255940+00:00,https://code.launchpad.net/~teejee2008/apt-toolkit/trunk,,src/content/posts/2024/linux-alternatives.md
https://code.launchpad.net/~umang/indicator-stickynotes/trunk,introduced,reachable,HTTP GET,200,,2026-10-07T19:54:45.417724+00:00,https://code.launchpad.net/~umang/indicator-stickynotes/trunk,,src/content/posts/2024/linux-alternatives.md
https://code.launchpad.net/~widelands-dev/widelands/trunk,introduced,reachable,HTTP GET,200,,2026-10-07T19:54:45.170270+00:00,https://code.launchpad.net/~widelands-dev/widelands/trunk,,src/content/posts/2024/linux-alternatives.md
https://code.visualstudio.com/,retained,reachable,HTTP GET,200,,2026-10-07T19:47:44.926680+00:00,https://code.visualstudio.com/,,src/content/posts/2024/linux-alternatives.md
https://codeberg.org/forgejo/forgejo,retained,reachable,HTTP GET,200,,2026-10-07T19:47:24.738185+00:00,https://codeberg.org/forgejo/forgejo,,src/content/posts/2024/linux-alternatives.md
https://codeberg.org/valos/Komikku,retained,reachable,HTTP GET,200,,2026-10-07T19:48:00.579213+00:00,https://codeberg.org/valos/Komikku,,src/content/posts/2024/linux-alternatives.md
https://codecombat.com/,retained,reachable,HTTP GET,200,,2026-10-07T19:47:13.198530+00:00,https://codecombat.com/,,src/content/posts/2020/raspberry-pi-laptop.md
https://codelite.org/,retained,reachable,HTTP GET,200,,2026-10-07T19:47:23.530935+00:00,https://codelite.org/,,src/content/posts/2024/linux-alternatives.md
https://codex.wordpress.org/Installing_WordPress,retained,blocked,HTTP GET,403,403,2026-10-07T19:47:11.193871+00:00,https://codex.wordpress.org/Installing_WordPress,Firecrawl retry: 403,src/content/posts/2019/2019-03-14-wordpress-google-cloud-platform.md
https://colinduquesnoy.gitlab.io/MellowPlayer/,retained,reachable,HTTP GET,200,,2026-10-07T19:47:19.898661+00:00,https://colinduquesnoy.gitlab.io/MellowPlayer/,,src/content/posts/2024/linux-alternatives.md
https://collision.geopjr.dev/,retained,reachable,HTTP GET,200,,2026-10-07T19:47:25.826562+00:00,https://collision.geopjr.dev/,,src/content/posts/2024/linux-alternatives.md
https://colobot.info/,retained,reachable,HTTP GET,200,,2026-10-07T19:47:27.598425+00:00,https://colobot.info/,,src/content/posts/2024/linux-alternatives.md
https://community.openconversational.ai/c/mycroft-project,retained,reachable,HTTP GET,200,,2026-10-07T19:47:48.429814+00:00,https://community.openconversational.ai/c/mycroft-project/6,,src/content/posts/2024/linux-alternatives.md
https://conky.cc/,retained,reachable,HTTP GET,200,,2026-10-07T19:47:23.130601+00:00,https://conky.cc/,,src/content/posts/2024/linux-alternatives.md
https://containertoolbx.org/,retained,reachable,HTTP GET,200,,2026-10-07T19:47:40.500777+00:00,https://containertoolbx.org/,,src/content/posts/2024/linux-alternatives.md
https://convertall.bellz.org/download.html,retained,reachable,HTTP GET,200,,2026-10-07T19:47:45.809338+00:00,https://convertall.bellz.org/download.html,,src/content/posts/2024/linux-alternatives.md
https://couchdb.apache.org/,retained,reachable,HTTP GET,200,,2026-10-07T19:47:23.578970+00:00,https://couchdb.apache.org/,,src/content/posts/2024/linux-alternatives.md
https://creativecommons.org/licenses/by/4.0/,retained,reachable,HTTP GET,200,,2026-10-07T19:47:52.449131+00:00,https://creativecommons.org/licenses/by/4.0/,,src/content/posts/2024/linux-alternatives.md
https://cryptomator.org/,retained,reachable,HTTP GET,200,,2026-10-07T19:47:41.690981+00:00,https://cryptomator.org/,,src/content/posts/2024/linux-alternatives.md
https://cscope.sourceforge.net/,retained,reachable,HTTP GET,200,,2026-10-07T19:47:25.842086+00:00,https://cscope.sourceforge.net/,,src/content/posts/2024/linux-alternatives.md
https://cttstore.com/,retained,reachable,HTTP GET,200,,2026-10-07T19:47:58.922522+00:00,https://cttstore.com/,,src/content/posts/2022/windows-tool.md;src/content/posts/2024/windows-utility-improved.md;src/content/posts/2026/winutil-in-2026.md
https://cttstore.com/windows-toolbox,retained,reachable,HTTP GET,200,,2026-10-07T19:47:16.306012+00:00,https://cttstore.com/products/windows-toolbox,,src/content/posts/2022/setting-up-the-ultimate-windows-11.md
https://cudatext.github.io/,retained,reachable,HTTP GET,200,,2026-10-07T19:47:44.587439+00:00,https://cudatext.github.io/,,src/content/posts/2024/linux-alternatives.md
https://cutter.re/,retained,reachable,HTTP GET,200,,2026-10-07T19:47:41.437596+00:00,https://cutter.re/,,src/content/posts/2024/linux-alternatives.md
https://cxong.github.io/cdogs-sdl/,retained,reachable,HTTP GET,200,,2026-10-07T19:47:31.865066+00:00,https://cxong.github.io/cdogs-sdl/,,src/content/posts/2024/linux-alternatives.md
https://damonlynch.net/rapid/download.html,retained,reachable,HTTP GET,200,,2026-10-07T19:47:36.030478+00:00,https://damonlynch.net/rapid/download.html,,src/content/posts/2024/linux-alternatives.md
https://danielchoi.com/software/vmail.html,retained,reachable,HTTP GET,200,,2026-10-07T19:47:29.169792+00:00,https://danielchoi.com/software/vmail.html,,src/content/posts/2024/linux-alternatives.md
https://davidotek.github.io/protonup-qt/,retained,reachable,HTTP GET,200,,2026-10-07T19:47:33.209254+00:00,https://davidotek.github.io/protonup-qt/,,src/content/posts/2024/linux-alternatives.md
https://dban.org/,retained,reachable,HTTP GET,200,,2026-10-07T19:47:45.297151+00:00,https://dban.org/,,src/content/posts/2024/linux-alternatives.md
https://dbeaver.io/,retained,reachable,HTTP GET,200,,2026-10-07T19:47:23.581037+00:00,https://dbeaver.io/,,src/content/posts/2024/linux-alternatives.md
https://dbrgn.github.io/tealdeer/,removed-or-replaced,missing,HTTP GET,404,,2026-10-07T19:47:49.346308+00:00,https://dbrgn.github.io/tealdeer/,,src/content/posts/2024/linux-alternatives.md
https://deadbeef.sourceforge.io/,retained,reachable,HTTP GET,200,,2026-10-07T19:47:19.707873+00:00,https://deadbeef.sourceforge.io/,,src/content/posts/2024/linux-alternatives.md
https://deb.debian.org/debian,retained,reachable,HTTP GET,200,,2026-10-07T19:47:14.500345+00:00,http://ftp.debian.org/debian/,,src/content/posts/2022/30days-chromeos.md
https://deb.volian.org/volian/scar.key,retained,missing,HTTP GET,404,,2026-10-07T19:47:59.135434+00:00,https://deb.volian.org/volian/scar.key,Historical code/text retained; explanatory notice or endpoint context in source. No command was executed.,src/content/posts/2022/stop-using-apt.md
https://decky.xyz/,retained,reachable,HTTP GET,200,,2026-10-07T19:47:32.825199+00:00,https://decky.xyz/,,src/content/posts/2024/linux-alternatives.md
https://defold.com/,retained,reachable,HTTP GET,200,,2026-10-07T19:47:24.244474+00:00,https://defold.com/,,src/content/posts/2024/linux-alternatives.md
https://deluge-torrent.org/,retained,reachable,Firecrawl scrape,200,200,2026-10-07T20:14:08.152Z,https://deluge-torrent.org/,,src/content/posts/2024/linux-alternatives.md
https://desktop.telegram.org/,retained,reachable,HTTP GET,200,,2026-10-07T19:47:22.409723+00:00,https://desktop.telegram.org/,,src/content/posts/2024/linux-alternatives.md
https://desmume.org/,retained,reachable,HTTP GET,200,,2026-10-07T19:47:33.548898+00:00,https://desmume.org/,,src/content/posts/2024/linux-alternatives.md
https://determinate.systems/posts/nix-on-the-steam-deck,retained,reachable,HTTP GET,200,,2026-10-07T19:47:17.874839+00:00,https://determinate.systems/blog/nix-on-the-steam-deck/,,src/content/posts/2023/steamdeck-as-a-desktop.md
https://dev.mysql.com/doc/refman/5.7/en/linux-installation.html,retained,reachable,HTTP GET,200,,2026-10-07T19:47:23.789517+00:00,https://dev.mysql.com/doc/refman/9.7/en/linux-installation.html,,src/content/posts/2024/linux-alternatives.md
https://dev.mysql.com/downloads/mysql/,retained,reachable,HTTP GET,200,,2026-10-07T19:48:00.412594+00:00,https://dev.mysql.com/downloads/mysql/,,src/content/posts/old/2015-12-25-move-website-linux-iis.md
https://dev.yorhel.nl/ncdu,retained,reachable,HTTP GET,200,,2026-10-07T19:47:45.662355+00:00,https://dev.yorhel.nl/ncdu,,src/content/posts/2024/linux-alternatives.md
https://developer.android.com/studio/,retained,reachable,HTTP GET,200,,2026-10-07T19:47:58.766002+00:00,https://developer.android.com/studio/,,src/content/posts/2024/linux-alternatives.md
https://developer.android.com/studio/run/oem-usb,retained,reachable,HTTP GET,200,,2026-10-07T19:47:16.013678+00:00,https://developer.android.com/studio/run/oem-usb,,src/content/posts/2022/making-the-perfect-phone.md
https://developer.apple.com/library/archive/documentation/Darwin/Conceptual/KernelProgramming/About/About.html,retained,reachable,HTTP GET,200,,2026-10-07T19:47:57.421237+00:00,https://developer.apple.com/library/archive/documentation/Darwin/Conceptual/KernelProgramming/About/About.html,,src/content/posts/2020/macos-sysadmin-tips.md
https://developer.apple.com/library/archive/documentation/MacOSX/Conceptual/BPSystemStartup/Chapters/Introduction.html,retained,reachable,HTTP GET,200,,2026-10-07T19:47:13.191292+00:00,https://developer.apple.com/library/archive/documentation/MacOSX/Conceptual/BPSystemStartup/Chapters/Introduction.html,,src/content/posts/2020/macos-sysadmin-tips.md
https://developer.pidgin.im/,retained,reachable,HTTP GET,200,,2026-10-07T19:47:21.326976+00:00,https://developer.pidgin.im/,,src/content/posts/2024/linux-alternatives.md
https://developers.cloudflare.com/pages/,retained,reachable,HTTP GET,200,,2026-10-07T19:47:58.604176+00:00,https://developers.cloudflare.com/pages/,,src/content/posts/2026/cloudflare-pagescms-website.md
https://developers.cloudflare.com/pages/configuration/branch-build-controls/,retained,reachable,HTTP GET,200,,2026-10-07T19:48:07.788483+00:00,https://developers.cloudflare.com/pages/configuration/branch-build-controls/,,src/content/posts/2026/cloudflare-pagescms-website.md
https://developers.cloudflare.com/pages/configuration/build-image/,retained,reachable,HTTP GET,200,,2026-10-07T19:48:05.092661+00:00,https://developers.cloudflare.com/pages/configuration/build-image/,,src/content/posts/2026/cloudflare-pagescms-website.md
https://developers.cloudflare.com/pages/configuration/custom-domains/,retained,reachable,HTTP GET,200,,2026-10-07T19:48:09.343577+00:00,https://developers.cloudflare.com/pages/configuration/custom-domains/,,src/content/posts/2026/cloudflare-pagescms-website.md
https://developers.cloudflare.com/pages/framework-guides/deploy-a-hugo-site/,retained,reachable,HTTP GET,200,,2026-10-07T19:47:15.440340+00:00,https://developers.cloudflare.com/pages/framework-guides/deploy-a-hugo-site/,,src/content/posts/2022/how-i-setup-my-website.md;src/content/posts/2026/cloudflare-pagescms-website.md
https://devhints.io/vim,retained,reachable,HTTP GET,200,,2026-10-07T19:47:16.976105+00:00,https://devhints.io/vim,,src/content/posts/2022/vim-the-ultimate-editor.md
https://deviantfero.github.io/wpgtk,retained,reachable,HTTP GET,200,,2026-10-07T19:47:23.309566+00:00,https://deviantfero.github.io/wpgtk/,,src/content/posts/2024/linux-alternatives.md
https://diffuse.sourceforge.net/,retained,reachable,HTTP GET,200,,2026-10-07T19:47:25.909530+00:00,https://diffuse.sourceforge.net/,,src/content/posts/2024/linux-alternatives.md
https://dino.im/,retained,reachable,HTTP GET,200,,2026-10-07T19:47:21.713148+00:00,https://dino.im/,,src/content/posts/2024/linux-alternatives.md
https://discord.com/,retained,reachable,HTTP GET,200,,2026-10-07T19:47:21.736313+00:00,https://discord.com/,,src/content/posts/2024/linux-alternatives.md
https://discord.gg/fedora,retained,reachable,HTTP GET,200,,2026-10-07T19:47:56.340964+00:00,https://discord.com/invite/fedora,,src/content/posts/2019/2019-10-09-learn-linux.md
https://discord.gg/yDAqap7Y7Q,retained,reachable,HTTP GET,200,,2026-10-07T19:47:11.221065+00:00,https://discord.com/invite/yDAqap7Y7Q,,src/content/posts/2019/2019-03-14-wordpress-google-cloud-platform.md;src/content/posts/2019/2019-10-09-learn-linux.md
https://discourse.ubuntu.com/,introduced,reachable,Firecrawl scrape,200,200,2026-10-07T19:50:40.184Z,https://discourse.ubuntu.com/,,src/content/posts/2019/2019-10-09-learn-linux.md
https://displaycal.net/,retained,reachable,HTTP GET,200,,2026-10-07T19:47:48.326164+00:00,https://displaycal.net/,,src/content/posts/2024/linux-alternatives.md
https://distrobox.it/,retained,reachable,HTTP GET,200,,2026-10-07T19:47:40.355264+00:00,https://distrobox.it/,,src/content/posts/2024/linux-alternatives.md
https://distrotube.com/,retained,reachable,HTTP GET,200,,2026-10-07T19:47:51.279266+00:00,http://distro.tube,,src/content/posts/2024/linux-alternatives.md
https://distrowatch.com/,retained,reachable,HTTP GET,200,,2026-10-07T19:47:51.286337+00:00,https://distrowatch.com/,,src/content/posts/2024/linux-alternatives.md
https://dl.fedoraproject.org/pub/epel/epel-release-latest-8.noarch.rpm,retained,reachable,Firecrawl scrape,200,200,2026-10-07T20:04:51.920Z,https://dl.fedoraproject.org/pub/epel/epel-release-latest-8.noarch.rpm,,src/content/posts/2021/rocky-linux.md
https://dl.google.com/android/repository/platform-tools-latest-darwin.zip,retained,reachable,HTTP GET,200,,2026-10-07T19:48:04.479557+00:00,https://dl.google.com/android/repository/platform-tools-latest-darwin.zip,,src/content/posts/2020/fix-ticwatch-lag.md
https://dl.google.com/android/repository/platform-tools-latest-linux.zip,retained,reachable,HTTP GET,200,,2026-10-07T19:47:57.146999+00:00,https://dl.google.com/android/repository/platform-tools-latest-linux.zip,,src/content/posts/2020/fix-ticwatch-lag.md
https://dl.google.com/android/repository/platform-tools-latest-windows.zip,retained,reachable,HTTP GET,200,,2026-10-07T19:47:12.561448+00:00,https://dl.google.com/android/repository/platform-tools-latest-windows.zip,,src/content/posts/2020/fix-ticwatch-lag.md;src/content/posts/2022/making-the-perfect-phone.md;src/content/posts/2024/universal-android-debloat.md
https://dl.google.com/android/repository/usb_driver_r13-windows.zip,retained,reachable,HTTP GET,200,,2026-10-07T19:48:07.252920+00:00,https://dl.google.com/android/repository/usb_driver_r13-windows.zip,,src/content/posts/2024/risingoss.md
https://dl.winehq.org/wine-builds/ubuntu/,retained,reachable,HTTP GET,200,,2026-10-07T19:47:57.612626+00:00,https://dl.winehq.org/wine-builds/ubuntu/,,src/content/posts/2020/ultimate-linux-gaming-guide.md
https://dl.winehq.org/wine-builds/winehq.key,retained,reachable,HTTP GET,200,,2026-10-07T19:47:13.409461+00:00,https://dl.winehq.org/wine-builds/winehq.key,,src/content/posts/2020/ultimate-linux-gaming-guide.md
https://dl.winehq.org/wine/source/,retained,reachable,HTTP GET,200,,2026-10-07T19:48:04.798760+00:00,https://dl.winehq.org/wine/source/,,src/content/posts/2024/linux-alternatives.md
https://dl.xanmod.org/gpg.key,retained,reachable,HTTP GET,200,,2026-10-07T19:47:13.370413+00:00,https://gitlab.com/afrd.gpg,,src/content/posts/2020/ultimate-linux-gaming-guide.md
https://dnscrypt.info/,retained,reachable,HTTP GET,200,,2026-10-07T19:47:48.680534+00:00,https://dnscrypt.info/,,src/content/posts/2024/linux-alternatives.md
https://docs.ameliorated.io/,retained,reachable,HTTP GET,200,,2026-10-07T19:47:13.819208+00:00,https://docs.amelabs.net/,,src/content/posts/2021/Windows-10-Optimization-Guide.md
https://docs.bazzite.gg/Installing_and_Managing_Software/Containers/,retained,reachable,HTTP GET,200,,2026-10-07T19:48:03.375768+00:00,https://docs.bazzite.gg/Installing_and_Managing_Software/Containers/,,src/content/posts/2026/top-linux-distros.md
https://docs.bazzite.gg/Installing_and_Managing_Software/Homebrew/,retained,reachable,HTTP GET,200,,2026-10-07T19:47:54.209355+00:00,https://docs.bazzite.gg/Installing_and_Managing_Software/Homebrew/,,src/content/posts/2026/top-linux-distros.md
https://docs.brew.sh/Formula-Cookbook,retained,reachable,HTTP GET,200,,2026-10-07T19:47:15.070957+00:00,https://docs.brew.sh/Formula-Cookbook,,src/content/posts/2022/best-package-manager.md
https://docs.brew.sh/Homebrew-on-Linux,retained,reachable,HTTP GET,200,,2026-10-07T19:47:58.302628+00:00,https://docs.brew.sh/Homebrew-on-Linux,,src/content/posts/2022/best-package-manager.md
https://docs.docker.com/desktop/linux/install/,retained,reachable,HTTP GET,200,,2026-10-07T19:47:58.452899+00:00,https://docs.docker.com/desktop/setup/install/linux/,,src/content/posts/2024/linux-alternatives.md
https://docs.docker.com/get-started/get-docker/,retained,reachable,HTTP GET,200,,2026-10-07T19:47:15.198545+00:00,https://docs.docker.com/get-started/get-docker/,,src/content/posts/2022/docker-guide.md
https://docs.fedoraproject.org/en-US/iot/add-layered/,retained,reachable,Firecrawl scrape,200,200,2026-10-07T20:04:51.920Z,https://docs.fedoraproject.org/en-US/iot/add-layered/,,src/content/posts/2024/linux-atomic-desktops.md
https://docs.fedoraproject.org/en-US/quick-docs/virtualization-getting-started/,retained,reachable,Firecrawl scrape,200,200,2026-10-07T20:04:51.920Z,https://docs.fedoraproject.org/en-US/quick-docs/virtualization-getting-started/,,src/content/posts/2022/vm-setup-in-linux.md
https://docs.fedoraproject.org/en-US/releases/lifecycle/,retained,reachable,Firecrawl scrape,200,200,2026-10-07T20:05:15.281Z,https://docs.fedoraproject.org/en-US/releases/lifecycle/,,src/content/posts/2026/switch-from-arch-to-fedora.md
https://docs.flatpak.org/en/latest/available-runtimes.html,introduced,reachable,Firecrawl scrape,200,200,2026-10-07T19:57:11.227Z,https://docs.flatpak.org/en/latest/available-runtimes.html,,src/content/posts/2020/flatpak-acceleration.md
https://docs.gitea.com/usage/migration,retained,reachable,HTTP GET,200,,2026-10-07T19:47:53.761407+00:00,https://docs.gitea.com/usage/repository/migration/,,src/content/posts/2026/gitea.md
https://docs.github.com/en/actions/automating-builds-and-tests,retained,reachable,HTTP GET,200,,2026-10-07T19:47:57.583101+00:00,https://docs.github.com/en/actions/tutorials/build-and-test-code,,src/content/posts/2023/do-not-makes-these-github-mistakes.md
https://docs.github.com/en/authentication/connecting-to-github-with-ssh/generating-a-new-ssh-key-and-adding-it-to-the-ssh-agent,retained,reachable,HTTP GET,200,,2026-10-07T19:47:13.293353+00:00,https://docs.github.com/en/authentication/connecting-to-github-with-ssh/generating-a-new-ssh-key-and-adding-it-to-the-ssh-agent,,src/content/posts/2020/ssh-github.md
https://docs.github.com/en/copilot/concepts/agents/github-copilot-app,retained,reachable,HTTP GET,200,,2026-10-07T19:48:04.696720+00:00,https://docs.github.com/en/copilot/concepts/copilot-surfaces/github-copilot-app,,src/content/posts/2026/github-copilot-on-linux.md
https://docs.github.com/en/copilot/how-tos/github-copilot-app/use-byok-models,retained,reachable,HTTP GET,200,,2026-10-07T19:48:07.465952+00:00,https://docs.github.com/en/copilot/how-tos/github-copilot-app/use-byok-models,,src/content/posts/2026/github-copilot-on-linux.md
https://docs.ipfs.io/install/ipfs-companion/,retained,reachable,HTTP GET,200,,2026-10-07T19:47:15.295416+00:00,https://docs.ipfs.tech/install/ipfs-companion/,,src/content/posts/2022/future-internet.md
https://docs.jupyter.org/en/latest/install.html,retained,reachable,HTTP GET,200,,2026-10-07T19:47:26.051749+00:00,https://docs.jupyter.org/en/latest/install.html,,src/content/posts/2024/linux-alternatives.md
https://docs.microsoft.com/en-us/powershell/module/microsoft.powershell.management/new-service?view=powershell-7,retained,reachable,HTTP GET,200,,2026-10-07T19:47:12.474180+00:00,https://learn.microsoft.com/en-us/powershell/module/microsoft.powershell.management/new-service,,src/content/posts/2020/create-windows-service.md
https://docs.microsoft.com/en-us/windows-hardware/get-started/adk-install,retained,reachable,HTTP GET,200,,2026-10-07T19:48:04.374999+00:00,https://learn.microsoft.com/en-us/windows-hardware/get-started/adk-install,,src/content/posts/2021/Windows-10-Optimization-Guide.md
https://docs.microsoft.com/en-us/windows-hardware/manufacture/desktop/sysprep--generalize--a-windows-installation,retained,reachable,HTTP GET,200,,2026-10-07T19:48:07.211451+00:00,https://learn.microsoft.com/en-us/windows-hardware/manufacture/desktop/sysprep--generalize--a-windows-installation,,src/content/posts/2021/Windows-10-Optimization-Guide.md
https://docs.microsoft.com/en-us/windows/wsl/install-win10,retained,reachable,HTTP GET,200,,2026-10-07T19:47:57.113363+00:00,https://learn.microsoft.com/en-us/windows/wsl/install,,src/content/posts/2020/wsl2.md
https://docs.netgate.com/pfsense/en/latest/,retained,reachable,HTTP GET,200,,2026-10-07T19:47:53.448537+00:00,https://docs.netgate.com/pfsense/en/latest/,,src/content/posts/2026/check-network-security.md
https://docs.portainer.io/start/install/server/docker,retained,reachable,HTTP GET,200,,2026-10-07T19:47:15.259780+00:00,https://docs.portainer.io/start/install/server/docker,,src/content/posts/2022/docker-guide.md
https://docs.tealdeer.org/stable/,introduced,reachable,Firecrawl scrape,200,200,2026-10-07T19:50:40.189Z,https://docs.tealdeer.org/stable/,,src/content/posts/2024/linux-alternatives.md
https://docs.vmware.com/en/VMware-vSphere/7.0/com.vmware.vsphere.vm_admin.doc/GUID-AE61948B-C2EE-436E-BAFB-3C7209088552.html,retained,reachable,HTTP GET,200,,2026-10-07T19:47:17.056207+00:00,https://techdocs.broadcom.com/us/en/vmware-cis/vsphere/vsphere/7-0/vsphere-virtual-machine-administration.html,,src/content/posts/2022/virtual-machine-formats.md
https://docs.xfce.org/xfce/thunar/start,retained,reachable,HTTP GET,200,,2026-10-07T19:47:29.450143+00:00,https://docs.xfce.org/xfce/thunar/start,,src/content/posts/2024/linux-alternatives.md
https://documents.blackmagicdesign.com/SupportNotes/DaVinci_Resolve_20_Supported_Codec_List.pdf,retained,reachable,HTTP GET,200,,2026-10-07T19:47:54.079024+00:00,https://documents.blackmagicdesign.com/SupportNotes/DaVinci_Resolve_20_Supported_Codec_List.pdf,,src/content/posts/2026/resolve-in-arch-linux.md
https://dolphin-emu.org/,retained,reachable,Firecrawl scrape,403,200,2026-10-07T20:14:08.152Z,https://dolphin-emu.org/,,src/content/posts/2024/linux-alternatives.md
https://dortania.github.io/,retained,reachable,HTTP GET,200,,2026-10-07T19:47:56.907881+00:00,https://dortania.github.io/,,src/content/posts/2020/opencore-mac.md
https://dortania.github.io/Anti-Hackintosh-Buyers-Guide/,retained,reachable,HTTP GET,200,,2026-10-07T19:48:04.267610+00:00,https://dortania.github.io/Anti-Hackintosh-Buyers-Guide/,,src/content/posts/2020/opencore-mac.md
https://dortania.github.io/OpenCore-Install-Guide/,retained,reachable,HTTP GET,200,,2026-10-07T19:47:11.974205+00:00,https://dortania.github.io/OpenCore-Install-Guide/,,src/content/posts/2019/2019-10-28-hackintosh-ryzen-install.md;src/content/posts/2020/common-computer-issues.md;src/content/posts/2020/opencore-mac.md
https://dortania.github.io/OpenCore-Install-Guide/ktext.html,retained,reachable,HTTP GET,200,,2026-10-07T19:48:07.165064+00:00,https://dortania.github.io/OpenCore-Install-Guide/ktext.html,,src/content/posts/2020/opencore-mac.md
https://dosbox-staging.github.io/,retained,reachable,HTTP GET,200,,2026-10-07T19:47:32.890320+00:00,https://www.dosbox-staging.org/,,src/content/posts/2024/linux-alternatives.md
https://doublecmd.sourceforge.io/,retained,reachable,HTTP GET,200,,2026-10-07T19:47:29.258840+00:00,https://doublecmd.sourceforge.io/,,src/content/posts/2024/linux-alternatives.md
https://download.anytype.io/,retained,reachable,HTTP GET,200,,2026-10-07T19:47:38.777561+00:00,https://download.anytype.io/,,src/content/posts/2024/linux-alternatives.md
https://download.blender.org/source/,retained,reachable,Firecrawl scrape,403,200,2026-10-07T20:14:08.152Z,https://download.blender.org/source/,,src/content/posts/2024/linux-alternatives.md
https://download.docker.com/linux/ubuntu,retained,reachable,HTTP GET,200,,2026-10-07T19:47:58.556300+00:00,https://download.docker.com/linux/ubuntu/,,src/content/posts/2022/docker-macos.md
https://download.docker.com/linux/ubuntu/gpg,retained,reachable,HTTP GET,200,,2026-10-07T19:47:15.272166+00:00,https://download.docker.com/linux/ubuntu/gpg,,src/content/posts/2022/docker-macos.md
https://download.moodle.org/,retained,reachable,HTTP GET,200,,2026-10-07T19:47:28.331135+00:00,https://download.moodle.org/,,src/content/posts/2024/linux-alternatives.md
https://download.opensuse.org/repositories/Emulators:/Wine:/Debian/xUbuntu_18.04/amd64/libfaudio0_19.07-0~bionic_amd64.deb,retained,missing,HTTP GET,404,,2026-10-07T19:47:12.976955+00:00,https://download.opensuse.org/repositories/Emulators:/Wine:/Debian/xUbuntu_18.04/amd64/libfaudio0_19.07-0~bionic_amd64.deb,Historical code/text retained; explanatory notice or endpoint context in source. No command was executed.,src/content/posts/2020/install-wine-libfaudio0-error.md
https://download.opensuse.org/repositories/Emulators:/Wine:/Debian/xUbuntu_18.04/i386/libfaudio0_19.07-0~bionic_i386.deb,retained,missing,HTTP GET,404,,2026-10-07T19:47:57.252622+00:00,https://download.opensuse.org/repositories/Emulators:/Wine:/Debian/xUbuntu_18.04/i386/libfaudio0_19.07-0~bionic_i386.deb,Historical code/text retained; explanatory notice or endpoint context in source. No command was executed.,src/content/posts/2020/install-wine-libfaudio0-error.md
https://download.opensuse.org/repositories/home:manuelschneid3r/xUbuntu_20.04/Release.key,retained,reachable,HTTP GET,200,,2026-10-07T19:48:07.257201+00:00,https://download.opensuse.org/repositories/home:/manuelschneid3r/xUbuntu_20.04/Release.key,,src/content/posts/2020/linux-macos.md
https://download.savannah.gnu.org/releases/galois/source/,retained,reachable,HTTP GET,200,,2026-10-07T19:47:30.696130+00:00,https://download.savannah.gnu.org/releases/galois/source/,,src/content/posts/2024/linux-alternatives.md
https://download.teamviewer.com/download/TeamViewerQS.exe,retained,reachable,HTTP GET,200,,2026-10-07T19:47:12.900361+00:00,https://dl.teamviewer.com/download/TeamViewerQS.exe,,src/content/posts/2020/hugo-guide.md
https://downloads.asterisk.org/pub/telephony/asterisk/asterisk-14-current.tar.gz,retained,missing,HTTP GET,404,,2026-10-07T19:47:10.404101+00:00,https://downloads.asterisk.org/pub/telephony/asterisk/asterisk-14-current.tar.gz,Historical code/text retained; explanatory notice or endpoint context in source. No command was executed.,src/content/posts/2018/2018-08-17-remove-asterisk.md
https://draculatheme.com/gtk,retained,reachable,HTTP GET,200,,2026-10-07T19:47:23.105633+00:00,https://draculatheme.com/gtk,,src/content/posts/2024/linux-alternatives.md
https://drewdevault.com/2024/04/09/2024-04-09-FDO-conduct-enforcement.html,retained,reachable,HTTP GET,200,,2026-10-07T19:47:18.509953+00:00,https://drewdevault.com/2024/04/09/2024-04-09-FDO-conduct-enforcement.html,,src/content/posts/2024/freedesktop-bans-hyprland.md
https://driverpack.io/en/foradmin,retained,reachable,Firecrawl scrape,403,200,2026-10-07T19:59:48.303Z,https://driverpack.io/en/foradmin,,src/content/posts/2024/drivers-in-windows.md
https://drwhut.itch.io/tabletop-club,retained,reachable,HTTP GET,200,,2026-10-07T19:47:30.736985+00:00,https://drwhut.itch.io/tabletop-club,,src/content/posts/2024/linux-alternatives.md
https://duc.zevv.nl/,retained,reachable,HTTP GET,200,,2026-10-07T19:47:45.365299+00:00,https://duc.zevv.nl/,,src/content/posts/2024/linux-alternatives.md
https://duplicacy.com/,retained,reachable,HTTP GET,200,,2026-10-07T19:47:22.626375+00:00,https://duplicacy.com/,,src/content/posts/2024/linux-alternatives.md
https://duplicity.gitlab.io/,retained,reachable,HTTP GET,200,,2026-10-07T19:47:22.631313+00:00,https://duplicity.gitlab.io/,,src/content/posts/2024/linux-alternatives.md
https://dwm.suckless.org/,retained,reachable,HTTP GET,200,,2026-10-07T19:47:50.960729+00:00,https://dwm.suckless.org/,,src/content/posts/2024/linux-alternatives.md;src/content/posts/2024/the-ultimate-system.md
https://dystroy.org/broot/,retained,reachable,HTTP GET,200,,2026-10-07T19:47:49.078359+00:00,https://dystroy.org/broot/,,src/content/posts/2024/linux-alternatives.md
https://eclipse.baeyens.it/,retained,reachable,HTTP GET,200,,2026-10-07T19:47:25.339627+00:00,https://eclipse.baeyens.it/,,src/content/posts/2024/linux-alternatives.md
https://eclipse.org/ide/,retained,reachable,HTTP GET,200,,2026-10-07T19:47:25.179349+00:00,https://www.eclipse.org/topics/ide/,,src/content/posts/2024/linux-alternatives.md
https://element.io/,retained,reachable,HTTP GET,200,,2026-10-07T19:47:21.772135+00:00,https://element.io/,,src/content/posts/2024/linux-alternatives.md
https://elementary.io/,retained,reachable,HTTP GET,200,,2026-10-07T19:47:49.666131+00:00,https://elementary.io/,,src/content/posts/2024/linux-alternatives.md
https://emby.media/emby-theater-linux.html,retained,reachable,HTTP GET,200,,2026-10-07T19:47:47.209506+00:00,https://emby.media/emby-theater-linux.html,,src/content/posts/2024/linux-alternatives.md
https://en.opensuse.org/Main_Page,retained,reachable,Firecrawl scrape,403,200,2026-10-07T19:55:33.465Z,https://en.opensuse.org/Main_Page,,src/content/posts/2019/2019-10-09-learn-linux.md
"https://en.wikipedia.org/wiki/Embrace,_extend,_and_extinguish",retained,reachable,HTTP GET,200,,2026-10-07T19:47:15.652092+00:00,"https://en.wikipedia.org/wiki/Embrace,_extend,_and_extinguish",,src/content/posts/2022/is-windows-bad.md
https://en.wikipedia.org/wiki/Intel_Management_Engine,retained,reachable,HTTP GET,200,,2026-10-07T19:47:58.693296+00:00,https://en.wikipedia.org/wiki/Intel_Management_Engine,,src/content/posts/2023/creating-a-secure-system.md
https://enlightenment.org/,removed-or-replaced,tls-error,HTTP GET,,,2026-10-07T19:47:49.902208+00:00,https://enlightenment.org/,,src/content/posts/2024/linux-alternatives.md
https://epoptes.org/,retained,reachable,HTTP GET,200,,2026-10-07T19:47:27.651411+00:00,https://epoptes.org/,,src/content/posts/2024/linux-alternatives.md
https://espanso.org/,retained,reachable,HTTP GET,200,,2026-10-07T19:47:38.238260+00:00,https://espanso.org/,,src/content/posts/2024/linux-alternatives.md
https://etcher.balena.io/,retained,reachable,HTTP GET,200,,2026-10-07T19:47:45.379002+00:00,https://etcher.balena.io/,,src/content/posts/2024/linux-alternatives.md
https://everdo.net/,retained,reachable,HTTP GET,200,,2026-10-07T19:47:39.695253+00:00,https://everdo.net/,,src/content/posts/2024/linux-alternatives.md
https://example.com/,retained,example-or-local,HTTP GET,,,2026-10-07T19:47:56.381655+00:00,https://example.com/,Illustrative URL; not a public destination contract,src/content/posts/2022/how-i-setup-my-website.md
https://exifcleaner.com/,retained,reachable,HTTP GET,200,,2026-10-07T19:47:35.557835+00:00,https://exifcleaner.com/,,src/content/posts/2024/linux-alternatives.md
https://extensions.gnome.org/,retained,reachable,HTTP GET,200,,2026-10-07T19:47:57.136638+00:00,https://extensions.gnome.org/,,src/content/posts/2020/linux-macos.md;src/content/posts/2024/linux-alternatives.md
https://extensions.gnome.org/extension/1011/dynamic-panel-transparency/,retained,reachable,HTTP GET,200,,2026-10-07T19:48:09.030256+00:00,https://extensions.gnome.org/extension/1011/dynamic-panel-transparency/,,src/content/posts/2020/linux-macos.md
https://extensions.gnome.org/extension/1162/emoji-selector/,retained,reachable,HTTP GET,200,,2026-10-07T19:47:12.515038+00:00,https://extensions.gnome.org/extension/1162/emoji-selector/,,src/content/posts/2020/emoji.md
https://extensions.gnome.org/extension/1319/gsconnect/,retained,reachable,HTTP GET,200,,2026-10-07T19:48:13.061342+00:00,https://extensions.gnome.org/extension/1319/gsconnect/,,src/content/posts/2024/linux-alternatives.md
https://extensions.gnome.org/extension/1852/gamemode/,retained,reachable,HTTP GET,200,,2026-10-07T19:48:11.685215+00:00,https://extensions.gnome.org/extension/1852/gamemode/,,src/content/posts/2020/ultimate-linux-gaming-guide.md
https://extensions.gnome.org/extension/19/user-themes/,retained,reachable,HTTP GET,200,,2026-10-07T19:48:04.417607+00:00,https://extensions.gnome.org/extension/19/user-themes/,,src/content/posts/2020/linux-macos.md
https://extensions.gnome.org/extension/2/move-clock/,retained,reachable,HTTP GET,200,,2026-10-07T19:48:07.233086+00:00,https://extensions.gnome.org/extension/2/move-clock/,,src/content/posts/2020/linux-macos.md
https://extensions.gnome.org/extension/708/panel-osd/,retained,reachable,HTTP GET,200,,2026-10-07T19:48:10.197352+00:00,https://extensions.gnome.org/extension/708/panel-osd/,,src/content/posts/2020/linux-macos.md
https://ezix.org/src/pkg/lshw,retained,reachable,HTTP GET,200,,2026-10-07T19:47:49.085137+00:00,https://ezix.org/src/pkg/lshw,,src/content/posts/2024/linux-alternatives.md
https://fakeupdate.net/,retained,reachable,HTTP GET,200,,2026-10-07T19:47:16.573934+00:00,https://fakeupdate.net/,,src/content/posts/2022/starfield-screensaver.md
https://fbreader.org/content/fbreader-beta-linux-desktop,retained,reachable,HTTP GET,200,,2026-10-07T19:47:26.760371+00:00,https://fbreader.org/linux,,src/content/posts/2024/linux-alternatives.md
https://federicotorrielli.github.io/Daily-Reddit-Wallpaper/,retained,reachable,HTTP GET,200,,2026-10-07T19:47:48.673910+00:00,https://federicotorrielli.me/Daily-Reddit-Wallpaper/,,src/content/posts/2024/linux-alternatives.md
https://fedoraproject.org/wiki/Fedora_Project_Wiki,retained,reachable,HTTP GET,200,,2026-10-07T19:47:11.684974+00:00,https://fedoraproject.org/wiki/Fedora_Project_Wiki,,src/content/posts/2019/2019-10-09-learn-linux.md
https://fedoraproject.org/wiki/Security_Features,retained,reachable,HTTP GET,200,,2026-10-07T19:47:56.824436+00:00,https://fedoraproject.org/wiki/Security_Features,,src/content/posts/2026/switch-from-arch-to-fedora.md
https://feh.finalrewind.org/,retained,reachable,HTTP GET,200,,2026-10-07T19:47:35.639168+00:00,https://feh.finalrewind.org/,,src/content/posts/2024/linux-alternatives.md
https://ferdium.org/,retained,reachable,HTTP GET,200,,2026-10-07T19:47:21.304510+00:00,https://ferdium.org/,,src/content/posts/2024/linux-alternatives.md
https://filezilla-project.org/,retained,reachable,HTTP GET,200,,2026-10-07T19:47:43.021816+00:00,https://filezilla-project.org/,,src/content/posts/2024/linux-alternatives.md
https://firehol.org/,retained,reachable,HTTP GET,200,,2026-10-07T19:47:40.654397+00:00,https://firehol.org/,,src/content/posts/2024/linux-alternatives.md
https://firehol.org/tutorial/fireqos-new-user/,retained,reachable,HTTP GET,200,,2026-10-07T19:48:02.577767+00:00,https://firehol.org/tutorial/fireqos-new-user/,,src/content/posts/2024/linux-alternatives.md
https://firejail.wordpress.com/,retained,reachable,HTTP GET,200,,2026-10-07T19:47:40.381069+00:00,https://firejail.wordpress.com/,,src/content/posts/2024/linux-alternatives.md
https://firewalld.org/,retained,reachable,HTTP GET,200,,2026-10-07T19:47:53.536922+00:00,https://firewalld.org/,,src/content/posts/2026/check-network-security.md
https://fishshell.com/,retained,reachable,HTTP GET,200,,2026-10-07T19:47:25.604510+00:00,https://fishshell.com/,,src/content/posts/2024/linux-alternatives.md
https://flameshot.org/,retained,reachable,HTTP GET,200,,2026-10-07T19:47:36.303378+00:00,https://flameshot.org/,,src/content/posts/2024/linux-alternatives.md
https://flareget.com/,retained,reachable,HTTP GET,200,,2026-10-07T19:47:42.539909+00:00,https://flareget.com/,,src/content/posts/2024/linux-alternatives.md
https://flarerpg.org/,retained,reachable,HTTP GET,200,,2026-10-07T19:47:30.845803+00:00,https://flarerpg.org/,,src/content/posts/2024/linux-alternatives.md
https://flathub.org/apps/details/com.github.joseexposito.touche,retained,reachable,HTTP GET,200,,2026-10-07T19:48:11.707161+00:00,https://flathub.org/en/apps/com.github.joseexposito.touche,,src/content/posts/2024/linux-alternatives.md
https://flathub.org/apps/details/com.toggl.TogglDesktop/,retained,reachable,HTTP GET,200,,2026-10-07T19:48:10.357695+00:00,https://flathub.org/en/apps/com.toggl.TogglDesktop,,src/content/posts/2024/linux-alternatives.md
https://flathub.org/apps/details/me.kozec.syncthingtk,retained,reachable,HTTP GET,200,,2026-10-07T19:48:07.570073+00:00,https://flathub.org/en/apps/me.kozec.syncthingtk,,src/content/posts/2023/sync-local-files.md
https://flathub.org/apps/io.github.seadve.Kooha,retained,reachable,HTTP GET,200,,2026-10-07T19:48:09.094331+00:00,https://flathub.org/en/apps/io.github.seadve.Kooha,,src/content/posts/2024/linux-alternatives.md
https://flathub.org/home,retained,reachable,HTTP GET,200,,2026-10-07T19:47:14.060226+00:00,https://flathub.org/en,,src/content/posts/2021/rocky-linux.md
https://flathub.org/repo/appstream/org.gimp.GIMP.flatpakref,retained,reachable,HTTP GET,200,,2026-10-07T19:48:04.940042+00:00,https://dl.flathub.org/repo/appstream/org.gimp.GIMP.flatpakref,,src/content/posts/2021/rocky-linux.md
https://flathub.org/repo/flathub.flatpakrepo,retained,reachable,HTTP GET,200,,2026-10-07T19:47:57.860464+00:00,https://dl.flathub.org/repo/flathub.flatpakrepo,,src/content/posts/2021/rocky-linux.md
https://flaxengine.com/,retained,reachable,HTTP GET,200,,2026-10-07T19:47:24.290240+00:00,https://flaxengine.com/,,src/content/posts/2024/linux-alternatives.md
https://fontforge.org/,retained,reachable,HTTP GET,200,,2026-10-07T19:47:48.396099+00:00,https://fontforge.org/,,src/content/posts/2024/linux-alternatives.md
https://fonts.bunny.net/css,retained,reachable,HTTP GET,200,,2026-10-07T19:47:17.638231+00:00,https://fonts.bunny.net/css,,src/content/posts/2023/replace-google-fonts-with-bunny-fonts.md
https://fonts.googleapis.com/css,retained,request-dependent,HTTP GET,400,400,2026-10-07T19:47:17.715462+00:00,https://fonts.googleapis.com/css,Firecrawl retry: 400; URL prefix in replacement instructions; needs a font family query,src/content/posts/2023/replace-google-fonts-with-bunny-fonts.md
https://forgejo.org/,retained,reachable,HTTP GET,200,,2026-10-07T19:47:24.784140+00:00,https://forgejo.org/,,src/content/posts/2024/linux-alternatives.md
https://forum.rainmeter.net/viewforum.php?f=27,retained,reachable,Firecrawl scrape,403,200,2026-10-07T19:59:48.303Z,https://forum.rainmeter.net/viewforum.php,,src/content/posts/2023/theming-windows-with-rainmeter.md
https://forum.rainmeter.net/viewtopic.php?f=13&t=34689,retained,reachable,Firecrawl scrape,403,200,2026-10-07T20:05:15.281Z,https://forum.rainmeter.net/viewtopic.php,,src/content/posts/2023/theming-windows-with-rainmeter.md
https://forum.xda-developers.com/hd8-hd10/development/official-amazon-fire-toolbox-v1-0-t3889604,retained,reachable,Firecrawl scrape,403,200,2026-10-07T19:55:41.555Z,https://xdaforums.com/t/windows-linux-tool-fire-toolbox-v45-1.3889604/,,src/content/posts/2020/amazon-fire-debloat.md
https://foss.heptapod.net/zandronum/,introduced,reachable,HTTP GET + official homepage source link,,,2026-10-07T20:18:11.923973+00:00,https://foss.heptapod.net/zandronum/,Subsequent audit retry timed out; successful earlier response retained,src/content/posts/2024/linux-alternatives.md
https://fph.altervista.org/prog/bastet.html,retained,reachable,HTTP GET,200,,2026-10-07T19:47:29.715791+00:00,https://fph.altervista.org/prog/bastet.html,,src/content/posts/2024/linux-alternatives.md
https://freeablo.org/,retained,reachable,HTTP GET,200,,2026-10-07T19:47:29.745868+00:00,https://freeablo.org/,,src/content/posts/2024/linux-alternatives.md
https://freedoom.github.io/,retained,reachable,HTTP GET,200,,2026-10-07T19:47:30.118221+00:00,https://freedoom.github.io/,,src/content/posts/2024/linux-alternatives.md
https://freetubeapp.io/,retained,reachable,HTTP GET,200,,2026-10-07T19:47:37.457504+00:00,https://freetubeapp.io/,,src/content/posts/2024/linux-alternatives.md
https://freshrss.org/,retained,reachable,HTTP GET,200,,2026-10-07T19:47:17.212505+00:00,https://freshrss.org/,,src/content/posts/2022/why-we-dont-browse-the-internet-anymore.md
https://fritzing.org/,retained,reachable,HTTP GET,200,,2026-10-07T19:47:25.312947+00:00,https://fritzing.org/,,src/content/posts/2024/linux-alternatives.md
https://fuse-emulator.sourceforge.net/,retained,reachable,HTTP GET,200,,2026-10-07T19:47:34.053237+00:00,https://fuse-emulator.sourceforge.net/,,src/content/posts/2024/linux-alternatives.md
https://g.blicky.net/ncdu.git/,retained,timeout,HTTP GET,,,2026-10-07T19:47:45.655300+00:00,https://g.blicky.net/ncdu.git/,Firecrawl retry: unable to retrieve,src/content/posts/2024/linux-alternatives.md
https://gamemaker.io/,introduced,reachable,HTTP GET,200,,2026-10-07T19:54:45.009489+00:00,https://gamemaker.io/en,,src/content/posts/2024/linux-alternatives.md
https://gamemaker.io/en/gamemaker,removed-or-replaced,missing,HTTP GET,404,,2026-10-07T19:47:24.322430+00:00,https://gamemaker.io/en/gamemaker,,src/content/posts/2024/linux-alternatives.md
https://gaphor.org/,retained,reachable,HTTP GET,200,,2026-10-07T19:47:25.974182+00:00,https://gaphor.org/,,src/content/posts/2024/linux-alternatives.md
https://gcompris.net/index-en.html,retained,reachable,HTTP GET,200,,2026-10-07T19:48:01.102036+00:00,https://gcompris.net/index-en.html,,src/content/posts/2024/linux-alternatives.md
https://gcompris.net/wiki/Developer%27s_corner,retained,reachable,HTTP GET,200,,2026-10-07T19:47:27.669591+00:00,https://invent.kde.org/education/gcompris/-/wikis/Developers-corner,,src/content/posts/2024/linux-alternatives.md
https://gdevelop.io/,retained,reachable,HTTP GET,200,,2026-10-07T19:47:24.381923+00:00,https://gdevelop.io/,,src/content/posts/2024/linux-alternatives.md
https://gdmap.sourceforge.net/,retained,reachable,HTTP GET,200,,2026-10-07T19:47:45.611535+00:00,https://gdmap.sourceforge.net/,,src/content/posts/2024/linux-alternatives.md
https://geoff.greer.fm/ag/,retained,reachable,HTTP GET,200,,2026-10-07T19:47:49.168540+00:00,https://geoff.greer.fm/ag/,,src/content/posts/2024/linux-alternatives.md
https://getmailspring.com/,retained,reachable,HTTP GET,200,,2026-10-07T19:47:28.993142+00:00,https://www.getmailspring.com/,,src/content/posts/2024/linux-alternatives.md
https://getsession.org/,retained,reachable,HTTP GET,200,,2026-10-07T19:47:22.301783+00:00,https://getsession.org/,,src/content/posts/2024/linux-alternatives.md
https://ghidra-sre.org/,retained,reachable,HTTP GET,200,,2026-10-07T19:47:41.533916+00:00,https://github.com/NationalSecurityAgency/ghidra,,src/content/posts/2024/linux-alternatives.md
https://ghostwriter.kde.org/,retained,reachable,HTTP GET,200,,2026-10-07T19:47:37.939666+00:00,https://ghostwriter.kde.org/,,src/content/posts/2024/linux-alternatives.md
https://git-cola.github.io/,retained,reachable,HTTP GET,200,,2026-10-07T19:47:24.835914+00:00,https://git-cola.github.io/,,src/content/posts/2024/linux-alternatives.md
https://git-scm.com/,retained,reachable,HTTP GET,200,,2026-10-07T19:47:58.581602+00:00,https://git-scm.com/,,src/content/posts/2024/linux-alternatives.md
https://git-scm.com/downloads/,retained,reachable,HTTP GET,200,,2026-10-07T19:47:15.432790+00:00,https://git-scm.com/downloads/,,src/content/posts/2022/how-i-setup-my-website.md
https://git.calcurse.org/calcurse.git/,retained,http-error,HTTP GET,502,502,2026-10-07T19:47:39.670970+00:00,https://git.calcurse.org/calcurse.git/,Firecrawl retry: 502,src/content/posts/2024/linux-alternatives.md
https://git.claws-mail.org/,retained,reachable,HTTP GET,200,,2026-10-07T19:47:28.777673+00:00,https://git.claws-mail.org/,,src/content/posts/2024/linux-alternatives.md
https://git.deluge-torrent.org/deluge,retained,reachable,Firecrawl scrape,200,200,2026-10-07T20:14:49.393Z,https://git.deluge-torrent.org/deluge,,src/content/posts/2024/linux-alternatives.md
https://git.eclipse.org/c/,retained,reachable,HTTP GET,200,,2026-10-07T19:47:25.145341+00:00,https://git.eclipse.org/c/,,src/content/posts/2024/linux-alternatives.md
https://git.enlightenment.org/enlightenment/efl,retained,unverified-challenge-or-login,HTTP GET,200,200,2026-10-07T19:47:49.480693+00:00,https://git.enlightenment.org/enlightenment/efl,Firecrawl also returned a challenge or login page,src/content/posts/2024/linux-alternatives.md
https://git.finalrewind.org/feh,retained,reachable,HTTP GET,200,,2026-10-07T19:47:35.623943+00:00,https://git.finalrewind.org/derf/feh,,src/content/posts/2024/linux-alternatives.md
https://git.ghostscript.com/?p=mupdf.git;a=summary,retained,blocked,HTTP GET,401,401,2026-10-07T19:47:26.920812+00:00,https://git.ghostscript.com/,Firecrawl retry: 401,src/content/posts/2024/linux-alternatives.md
https://git.gnupg.org/,retained,reachable,HTTP GET,200,,2026-10-07T19:47:41.858673+00:00,https://git.gnupg.org/,,src/content/posts/2024/linux-alternatives.md
https://git.io/JJ5qc,retained,missing,HTTP GET,404,,2026-10-07T19:48:06.645350+00:00,https://raw.githubusercontent.com/ChrisTitusTech/win10script/master/minimal.ps1,Historical code/text retained; explanatory notice or endpoint context in source. No command was executed.,src/content/posts/2020/windows-10-scripts.md
https://git.io/JJ8R4,retained,reachable,HTTP GET,200,,2026-10-07T19:47:10.404441+00:00,https://raw.githubusercontent.com/ChrisTitusTech/win10script/master/win10debloat.ps1,,src/content/posts/2018/2018-09-09-debloat-windows-10.md;src/content/posts/2020/debloat-windows10-2020.md;src/content/posts/2020/ultimate-windows-setup-guide.md;src/content/posts/2020/windows-10-scripts.md;src/content/posts/2021/Windows-10-Optimization-Guide.md
https://git.io/JTbKD,retained,missing,HTTP GET,404,,2026-10-07T19:48:03.579028+00:00,https://raw.githubusercontent.com/ChrisTitusTech/win10script/master/restore-ac-tray.ps1,Historical code/text retained; explanatory notice or endpoint context in source. No command was executed.,src/content/posts/2020/debloat-windows10-2020.md
https://git.io/debloat,retained,reachable,HTTP GET,200,,2026-10-07T19:47:55.561355+00:00,https://raw.githubusercontent.com/Sycnex/Windows10Debloater/master/Windows10DebloaterGUI.ps1,,src/content/posts/2019/2019-10-14-clean-up-windows-10.md
https://git.jami.net/savoirfairelinux,retained,reachable,Firecrawl scrape,200,200,2026-10-07T20:15:17.222Z,https://git.jami.net/savoirfairelinux,,src/content/posts/2024/linux-alternatives.md
https://git.joeyh.name/git/ikiwiki.git/,retained,reachable,HTTP GET,200,,2026-10-07T19:47:48.218782+00:00,https://git.joeyh.name/git/ikiwiki.git/,,src/content/posts/2024/linux-alternatives.md
https://git.kernel.org/pub/scm/bluetooth/bluez.git,retained,unverified-challenge-or-login,HTTP GET,200,200,2026-10-07T19:47:45.758673+00:00,https://git.kernel.org/pub/scm/bluetooth/bluez.git,Firecrawl also returned a challenge or login page,src/content/posts/2024/linux-alternatives.md
https://git.launchpad.net/grub-customizer,retained,reachable,HTTP GET,200,,2026-10-07T19:48:09.724118+00:00,https://git.launchpad.net/grub-customizer,,src/content/posts/2024/linux-alternatives.md
https://git.launchpad.net/my-weather-indicator,retained,reachable,HTTP GET,200,,2026-10-07T19:48:06.203489+00:00,https://git.launchpad.net/my-weather-indicator,,src/content/posts/2024/linux-alternatives.md
https://git.launchpad.net/plank,retained,reachable,HTTP GET,200,,2026-10-07T19:47:38.516460+00:00,https://git.launchpad.net/plank,,src/content/posts/2024/linux-alternatives.md
https://git.launchpad.net/synapse-project,retained,reachable,HTTP GET,200,,2026-10-07T19:48:02.353007+00:00,https://git.launchpad.net/synapse-project,,src/content/posts/2024/linux-alternatives.md
https://git.launchpad.net/zim,retained,reachable,HTTP GET,200,,2026-10-07T19:48:08.368259+00:00,https://git.launchpad.net/zim,,src/content/posts/2024/linux-alternatives.md
https://git.pwmt.org/pwmt/zathura.git,removed-or-replaced,dns-failure,HTTP GET,,,2026-10-07T19:47:27.385547+00:00,https://git.pwmt.org/pwmt/zathura.git,,src/content/posts/2024/linux-alternatives.md
https://git.savannah.gnu.org/cgit/gnuzilla.git,retained,reachable,HTTP GET,200,,2026-10-07T19:48:01.144447+00:00,https://cgit.git.savannah.gnu.org/cgit/gnuzilla.git,,src/content/posts/2024/linux-alternatives.md
https://git.savannah.gnu.org/cgit/gtypist.git,retained,reachable,HTTP GET,200,,2026-10-07T19:47:27.739392+00:00,https://cgit.git.savannah.gnu.org/cgit/gtypist.git,,src/content/posts/2024/linux-alternatives.md
https://git.sr.ht/~sircmpwn/aerc,retained,reachable,HTTP GET,200,,2026-10-07T19:47:28.742499+00:00,https://git.sr.ht/~sircmpwn/aerc,,src/content/posts/2024/linux-alternatives.md
https://git.suckless.org/dmenu/,retained,reachable,HTTP GET,200,,2026-10-07T19:48:02.610876+00:00,https://git.suckless.org/dmenu/,,src/content/posts/2024/linux-alternatives.md
https://git.suckless.org/st,retained,reachable,HTTP GET,200,,2026-10-07T19:47:44.045282+00:00,https://git.suckless.org/st/,,src/content/posts/2024/linux-alternatives.md
https://git.zx2c4.com/cgit/about/,retained,reachable,HTTP GET,200,,2026-10-07T19:48:00.542575+00:00,https://git.zx2c4.com/cgit/about/,,src/content/posts/2024/linux-alternatives.md
https://git.zx2c4.com/cgit/refs/tags,retained,reachable,HTTP GET,200,,2026-10-07T19:47:24.687121+00:00,https://git.zx2c4.com/cgit/refs/tags,,src/content/posts/2024/linux-alternatives.md
https://git.zx2c4.com/password-store/,retained,reachable,HTTP GET,200,,2026-10-07T19:48:05.909808+00:00,https://git.zx2c4.com/password-store/,,src/content/posts/2024/linux-alternatives.md
https://gitbreeze.dev/,retained,reachable,HTTP GET,200,,2026-10-07T19:47:26.621339+00:00,https://gitbreeze.dev/,,src/content/posts/2024/linux-alternatives.md
https://github.com/0ldsk00l/nestopia,retained,reachable,HTTP GET,200,,2026-10-07T19:51:11.666477+00:00,https://github.com/0ldsk00l/nestopia,,src/content/posts/2024/linux-alternatives.md
https://github.com/0x192/universal-android-debloater,retained,reachable,HTTP GET,200,,2026-10-07T19:48:39.603310+00:00,https://github.com/0x192/universal-android-debloater,,src/content/posts/2022/making-the-perfect-phone.md
https://github.com/4ian/GDevelop,retained,reachable,HTTP GET,200,,2026-10-07T19:50:03.433042+00:00,https://github.com/4ian/GDevelop,,src/content/posts/2024/linux-alternatives.md
https://github.com/89luca89/distrobox,retained,reachable,HTTP GET,200,,2026-10-07T19:52:11.979061+00:00,https://github.com/89luca89/distrobox,,src/content/posts/2024/linux-alternatives.md
https://github.com/AUNaseef/protonup,retained,reachable,HTTP GET,200,,2026-10-07T19:51:04.629596+00:00,https://github.com/AUNaseef/protonup,,src/content/posts/2024/linux-alternatives.md
https://github.com/AchetaGames/Epic-Asset-Manager,retained,reachable,HTTP GET,200,,2026-10-07T19:50:02.912101+00:00,https://github.com/AchetaGames/Epic-Asset-Manager,,src/content/posts/2024/linux-alternatives.md
https://github.com/ActivityWatch/activitywatch,retained,reachable,HTTP GET,200,,2026-10-07T19:52:07.537338+00:00,https://github.com/ActivityWatch/activitywatch,,src/content/posts/2024/linux-alternatives.md
https://github.com/AdnanHodzic/auto-cpufreq,retained,reachable,HTTP GET,200,,2026-10-07T19:53:29.168176+00:00,https://github.com/AdnanHodzic/auto-cpufreq,,src/content/posts/2024/linux-alternatives.md
https://github.com/AlDanial/cloc,retained,reachable,HTTP GET,200,,2026-10-07T19:53:36.923732+00:00,https://github.com/AlDanial/cloc,,src/content/posts/2024/linux-alternatives.md
https://github.com/Alexey-T/CudaText,retained,reachable,HTTP GET,200,,2026-10-07T19:52:41.001812+00:00,https://github.com/Alexey-T/CudaText,,src/content/posts/2024/linux-alternatives.md
https://github.com/AntiMicroX/antimicrox/,retained,reachable,HTTP GET,200,,2026-10-07T19:52:59.727268+00:00,https://github.com/AntiMicroX/antimicrox/,,src/content/posts/2024/linux-alternatives.md
https://github.com/Anuken/Mindustry,retained,reachable,HTTP GET,200,,2026-10-07T19:50:49.927026+00:00,https://github.com/Anuken/Mindustry,,src/content/posts/2024/linux-alternatives.md
https://github.com/Ardour/ardour,retained,reachable,HTTP GET,200,,2026-10-07T19:49:05.514620+00:00,https://github.com/Ardour/ardour,,src/content/posts/2024/linux-alternatives.md
https://github.com/Arisotura/melonDS,removed-or-replaced,reachable,HTTP GET,200,,2026-10-07T19:51:10.926006+00:00,https://github.com/melonDS-emu/melonDS,,src/content/posts/2024/linux-alternatives.md
https://github.com/AtomsDevs/Atoms,retained,reachable,HTTP GET,200,,2026-10-07T19:52:10.635491+00:00,https://github.com/AtomsDevs/Atoms,,src/content/posts/2024/linux-alternatives.md
https://github.com/Audio4Linux/Viper4Linux-GUI,retained,reachable,HTTP GET,200,,2026-10-07T19:49:11.077164+00:00,https://github.com/Audio4Linux/Viper4Linux-GUI,,src/content/posts/2024/linux-alternatives.md
https://github.com/Aylur/dotfiles,retained,reachable,HTTP GET,200,,2026-10-07T19:48:56.671623+00:00,https://github.com/Aylur/dotfiles,,src/content/posts/2023/the-perfect-system.md
https://github.com/BaronKiko/LauncherHijack,retained,reachable,HTTP GET,200,,2026-10-07T19:47:10.403183+00:00,https://github.com/BaronKiko/LauncherHijack,,src/content/posts/2017/2017-07-10-amazon-fire-launcher.md
https://github.com/Beaver-Notes/Beaver-Notes,introduced,reachable,HTTP GET,200,,2026-10-07T19:54:59.266985+00:00,https://github.com/Beaver-Notes/Beaver-Notes,,src/content/posts/2024/linux-alternatives.md
https://github.com/Beep6581/RawTherapee,removed-or-replaced,reachable,HTTP GET,200,,2026-10-07T19:51:21.296636+00:00,https://github.com/RawTherapee/RawTherapee,,src/content/posts/2024/linux-alternatives.md
https://github.com/BestImageViewer/geeqie,retained,reachable,HTTP GET,200,,2026-10-07T19:51:22.015443+00:00,https://github.com/BestImageViewer/geeqie,,src/content/posts/2024/linux-alternatives.md
https://github.com/BetterDiscord/BetterDiscord,retained,reachable,HTTP GET,200,,2026-10-07T19:49:29.681370+00:00,https://github.com/BetterDiscord/BetterDiscord,,src/content/posts/2024/linux-alternatives.md
https://github.com/Bismuth-Forge/bismuth,retained,reachable,HTTP GET,200,,2026-10-07T19:54:01.880175+00:00,https://github.com/Bismuth-Forge/bismuth,,src/content/posts/2024/linux-alternatives.md
https://github.com/BoostIO/BoostNote-App,retained,reachable,HTTP GET,200,,2026-10-07T19:51:56.560336+00:00,https://github.com/BoostIO/BoostNote-App,,src/content/posts/2024/linux-alternatives.md
https://github.com/BrowserWorks/waterfox,introduced,reachable,HTTP GET,200,,2026-10-07T19:54:56.721480+00:00,https://github.com/BrowserWorks/waterfox,,src/content/posts/2024/linux-alternatives.md
https://github.com/BuddiesOfBudgie/budgie-desktop,retained,reachable,HTTP GET,200,,2026-10-07T19:53:50.482995+00:00,https://github.com/BuddiesOfBudgie/budgie-desktop,,src/content/posts/2024/linux-alternatives.md
https://github.com/BuilderIO/partytown,removed-or-replaced,reachable,HTTP GET,200,,2026-10-07T19:48:55.101992+00:00,https://github.com/QwikDev/partytown,,src/content/posts/2023/replace-google-fonts-with-bunny-fonts.md
https://github.com/BurntSushi/ripgrep,retained,reachable,HTTP GET,200,,2026-10-07T19:53:43.537669+00:00,https://github.com/BurntSushi/ripgrep,,src/content/posts/2024/linux-alternatives.md
https://github.com/BurntSushi/xsv,retained,reachable,HTTP GET,200,,2026-10-07T19:53:47.786328+00:00,https://github.com/BurntSushi/xsv,,src/content/posts/2024/linux-alternatives.md
https://github.com/CDrummond/cantata,retained,reachable,HTTP GET,200,,2026-10-07T19:49:11.935511+00:00,https://github.com/CDrummond/cantata,,src/content/posts/2024/linux-alternatives.md
https://github.com/CISOfy/lynis,retained,reachable,HTTP GET,200,,2026-10-07T19:52:22.284587+00:00,https://github.com/CISOfy/lynis,,src/content/posts/2024/linux-alternatives.md
https://github.com/Cairo-Dock,retained,reachable,HTTP GET,200,,2026-10-07T19:51:50.870195+00:00,https://github.com/Cairo-Dock,,src/content/posts/2024/linux-alternatives.md
https://github.com/Canop/broot,retained,reachable,HTTP GET,200,,2026-10-07T19:53:35.849929+00:00,https://github.com/Canop/broot,,src/content/posts/2024/linux-alternatives.md
https://github.com/CapitaineJSparrow/steam-repo-manager,removed-or-replaced,missing,HTTP GET,404,,2026-10-07T19:51:01.791068+00:00,https://github.com/CapitaineJSparrow/steam-repo-manager,,src/content/posts/2024/linux-alternatives.md
https://github.com/CelestiaProject/Celestia,retained,reachable,HTTP GET,200,,2026-10-07T19:50:28.917883+00:00,https://github.com/CelestiaProject/Celestia,,src/content/posts/2024/linux-alternatives.md
https://github.com/ChrisTitusTech/Linux-MacOS-GNOME.git,retained,missing,HTTP GET,404,,2026-10-07T19:48:23.328635+00:00,https://github.com/ChrisTitusTech/Linux-MacOS-GNOME,Historical code/text retained; explanatory notice or endpoint context in source. No command was executed.,src/content/posts/2020/linux-macos.md
https://github.com/ChrisTitusTech/Neovim,retained,reachable,HTTP GET,200,,2026-10-07T19:48:40.806680+00:00,https://github.com/ChrisTitusTech/Neovim,,src/content/posts/2022/neovim-is-better.md
https://github.com/ChrisTitusTech/TitusPi,retained,reachable,HTTP GET,200,,2026-10-07T19:48:09.759742+00:00,https://github.com/ChrisTitusTech/TitusPi,,src/content/posts/2020/2020-buyers-guide.md
https://github.com/ChrisTitusTech/block-razer,retained,reachable,HTTP GET,200,,2026-10-07T19:48:32.600914+00:00,https://github.com/ChrisTitusTech/block-razer,,src/content/posts/2022/block-razer-bloatware.md
https://github.com/ChrisTitusTech/copr-fedora,retained,reachable,HTTP GET,200,,2026-10-07T19:54:26.857598+00:00,https://github.com/ChrisTitusTech/copr-fedora,,src/content/posts/2026/what-can-AI-do-in-2026.md
https://github.com/ChrisTitusTech/dwm-titus,retained,reachable,HTTP GET,200,,2026-10-07T19:48:47.290438+00:00,https://github.com/ChrisTitusTech/dwm-titus,,src/content/posts/2022/switching-to-ubuntu.md;src/content/posts/2024/the-ultimate-system.md
https://github.com/ChrisTitusTech/hyprland-titus,retained,reachable,HTTP GET,200,,2026-10-07T19:48:53.401092+00:00,https://github.com/ChrisTitusTech/hyprland-titus,,src/content/posts/2023/my-new-desktop-hyprland.md
https://github.com/ChrisTitusTech/hyprland-titus/raw/main/hyprland-titus.png,retained,reachable,HTTP GET,200,,2026-10-07T19:48:53.071141+00:00,https://raw.githubusercontent.com/ChrisTitusTech/hyprland-titus/main/hyprland-titus.png,,src/content/posts/2023/my-new-desktop-hyprland.md
https://github.com/ChrisTitusTech/image-resize,retained,missing,HTTP GET,404,,2026-10-07T19:54:17.949953+00:00,https://github.com/ChrisTitusTech/image-resize,Historical code/text retained; explanatory notice or endpoint context in source. No command was executed.,src/content/posts/2026/image-upscale-conversion-linux.md
https://github.com/ChrisTitusTech/image-upscale,retained,missing,HTTP GET,404,,2026-10-07T19:54:18.592416+00:00,https://github.com/ChrisTitusTech/image-upscale,Historical code/text retained; explanatory notice or endpoint context in source. No command was executed.,src/content/posts/2026/image-upscale-conversion-linux.md
https://github.com/ChrisTitusTech/linutil,retained,reachable,HTTP GET,200,,2026-10-07T19:54:10.567031+00:00,https://github.com/ChrisTitusTech/linutil,,src/content/posts/2025/jakoolit-hyprland.md
https://github.com/ChrisTitusTech/linux-benchmarks.git,retained,reachable,HTTP GET,200,,2026-10-07T19:54:16.843739+00:00,https://github.com/ChrisTitusTech/linux-benchmarks,,src/content/posts/2026/how-to-benchmark-in-linux.md
https://github.com/ChrisTitusTech/mybash,retained,reachable,HTTP GET,200,,2026-10-07T19:48:58.094326+00:00,https://github.com/ChrisTitusTech/mybash,,src/content/posts/2023/tituspi-2023.md
https://github.com/ChrisTitusTech/neovim,retained,reachable,HTTP GET,200,,2026-10-07T19:48:19.185616+00:00,https://github.com/ChrisTitusTech/neovim,,src/content/posts/2020/custom-vim.md;src/content/posts/2022/vim-the-ultimate-editor.md;src/content/posts/2023/my-new-editor.md;src/content/posts/2026/neovim-the-elite-editor.md
https://github.com/ChrisTitusTech/neovim/blob/main/titus-kickstart/GUIDE.md,retained,reachable,HTTP GET,200,,2026-10-07T19:48:50.016345+00:00,https://github.com/ChrisTitusTech/neovim/blob/main/titus-kickstart/GUIDE.md,,src/content/posts/2022/vim-the-ultimate-editor.md
https://github.com/ChrisTitusTech/nixos-titus,retained,reachable,HTTP GET,200,,2026-10-07T19:48:54.366837+00:00,https://github.com/ChrisTitusTech/nixos-titus,,src/content/posts/2023/nixos-explained.md
https://github.com/ChrisTitusTech/ntlite-configs,retained,reachable,HTTP GET,200,,2026-10-07T19:48:42.267413+00:00,https://github.com/ChrisTitusTech/ntlite-configs,,src/content/posts/2022/ntlite-guide.md
https://github.com/ChrisTitusTech/powershell-profile,retained,reachable,HTTP GET,200,,2026-10-07T19:54:09.127751+00:00,https://github.com/ChrisTitusTech/powershell-profile,,src/content/posts/2024/the-ultimate-powershell-experience.md
https://github.com/ChrisTitusTech/powershell-profile/raw/main/setup.ps1,retained,reachable,HTTP GET,200,,2026-10-07T19:48:42.929688+00:00,https://raw.githubusercontent.com/ChrisTitusTech/powershell-profile/main/setup.ps1,,src/content/posts/2022/pretty-powershell.md
https://github.com/ChrisTitusTech/resolve-linux,retained,reachable,HTTP GET,200,,2026-10-07T19:54:20.118425+00:00,https://github.com/ChrisTitusTech/resolve-linux,,src/content/posts/2026/resolve-in-arch-linux.md
https://github.com/ChrisTitusTech/resolve-linux.git,retained,reachable,HTTP GET,200,,2026-10-07T19:54:20.174049+00:00,https://github.com/ChrisTitusTech/resolve-linux,,src/content/posts/2026/resolve-in-arch-linux.md
https://github.com/ChrisTitusTech/secure-linux/blob/master/secure.sh,retained,reachable,HTTP GET,200,,2026-10-07T19:48:26.063935+00:00,https://github.com/ChrisTitusTech/secure-linux/blob/master/secure.sh,,src/content/posts/2020/secure-linux.md
https://github.com/ChrisTitusTech/thunar-webp-convert,retained,missing,HTTP GET,404,,2026-10-07T19:54:19.066615+00:00,https://github.com/ChrisTitusTech/thunar-webp-convert,Historical code/text retained; explanatory notice or endpoint context in source. No command was executed.,src/content/posts/2026/image-upscale-conversion-linux.md
https://github.com/ChrisTitusTech/titus-ai,retained,reachable,HTTP GET,200,,2026-10-07T19:54:19.755818+00:00,https://github.com/ChrisTitusTech/titus-ai,,src/content/posts/2026/my-ai-workflow.md
https://github.com/ChrisTitusTech/uboot-orangepi-rk3399,retained,reachable,HTTP GET,200,,2026-10-07T19:54:14.374300+00:00,https://github.com/ChrisTitusTech/uboot-orangepi-rk3399,,src/content/posts/2026/creating-dtb-resurrecting-orangepi.md
https://github.com/ChrisTitusTech/vkbasalt-conf,retained,reachable,HTTP GET,200,,2026-10-07T19:54:12.260990+00:00,https://github.com/ChrisTitusTech/vkbasalt-conf,,src/content/posts/2025/setting-up-reshade-on-linux.md
https://github.com/ChrisTitusTech/wallpaper-reddit,retained,reachable,HTTP GET,200,,2026-10-07T19:48:13.570038+00:00,https://github.com/ChrisTitusTech/wallpaper-reddit,,src/content/posts/2020/change-wallpaper.md
https://github.com/ChrisTitusTech/wallpaper-reddit.git,retained,reachable,HTTP GET,200,,2026-10-07T19:48:15.800179+00:00,https://github.com/ChrisTitusTech/wallpaper-reddit,,src/content/posts/2020/change-wallpaper.md
https://github.com/ChrisTitusTech/website,retained,reachable,HTTP GET,200,,2026-10-07T19:48:37.185945+00:00,https://github.com/ChrisTitusTech/website,,src/content/posts/2022/how-i-setup-my-website.md
https://github.com/ChrisTitusTech/website-messages,retained,reachable,HTTP GET,200,,2026-10-07T19:54:27.423446+00:00,https://github.com/ChrisTitusTech/website-messages,,src/content/posts/2026/what-can-AI-do-in-2026.md
https://github.com/ChrisTitusTech/website/pull/108,retained,reachable,HTTP GET,200,,2026-10-07T19:48:54.628067+00:00,https://github.com/ChrisTitusTech/website/pull/108,,src/content/posts/2023/replace-google-fonts-with-bunny-fonts.md
https://github.com/ChrisTitusTech/website/pull/273,retained,reachable,HTTP GET,200,,2026-10-07T19:54:17.138201+00:00,https://github.com/ChrisTitusTech/website/pull/273,,src/content/posts/2026/i-rebuilt-my-website-in-astro-was-it-worth-it.md
https://github.com/ChrisTitusTech/win10script,retained,reachable,HTTP GET,200,,2026-10-07T19:47:55.456002+00:00,https://github.com/ChrisTitusTech/win10script,,src/content/posts/2018/2018-09-09-debloat-windows-10.md;src/content/posts/2020/debloat-windows10-2020.md
https://github.com/ChrisTitusTech/win10script/tree/master,retained,reachable,HTTP GET,200,,2026-10-07T19:48:27.823139+00:00,https://github.com/ChrisTitusTech/win10script/tree/master,,src/content/posts/2020/ultimate-windows-setup-guide.md
https://github.com/ChrisTitusTech/winutil,retained,reachable,Firecrawl scrape,200,200,2026-10-07T19:57:11.227Z,https://github.com/ChrisTitusTech/winutil,,src/content/posts/2020/debloat-windows10-2020.md;src/content/posts/2020/windows-10-scripts.md;src/content/posts/2022/one-tool-for-everything.md;src/content/posts/2024/winutil-install.md
https://github.com/ChrisTitusTech/winutil/pull/2947/files,retained,reachable,HTTP GET,200,,2026-10-07T19:54:07.821369+00:00,https://github.com/ChrisTitusTech/winutil/pull/2947/files,,src/content/posts/2024/microsoft-recall-situation.md
https://github.com/ChrisTitusTech/winutil/pull/726,retained,reachable,HTTP GET,200,,2026-10-07T19:48:58.944349+00:00,https://github.com/ChrisTitusTech/winutil/pull/726,,src/content/posts/2023/winutil-may-23-update.md
https://github.com/ChrisTitusTech/zed-titus,retained,reachable,HTTP GET,200,,2026-10-07T19:54:28.075734+00:00,https://github.com/ChrisTitusTech/zed-titus,,src/content/posts/2026/zed-editor.md
https://github.com/ChrisTitusTech/zsh,retained,reachable,HTTP GET,200,,2026-10-07T19:48:28.711930+00:00,https://github.com/ChrisTitusTech/zsh,,src/content/posts/2020/zsh.md
https://github.com/Christitustech/website,retained,reachable,HTTP GET,200,,2026-10-07T19:54:12.947205+00:00,https://github.com/Christitustech/website,,src/content/posts/2025/website-design.md
https://github.com/Chuyu-Team/Dism-Multi-language/tree/master/www.chuyu.me,retained,reachable,HTTP GET,200,,2026-10-07T19:48:51.856385+00:00,https://github.com/Chuyu-Team/Dism-Multi-language/tree/master/www.chuyu.me,,src/content/posts/2023/dism-plus.md
https://github.com/Cisco-Talos/clamav,introduced,reachable,HTTP GET,200,,2026-10-07T19:55:01.185479+00:00,https://github.com/Cisco-Talos/clamav,,src/content/posts/2024/linux-alternatives.md
https://github.com/Cisco-Talos/clamav-devel,removed-or-replaced,reachable,HTTP GET,200,,2026-10-07T19:52:20.507965+00:00,https://github.com/Cisco-Talos/clamav,,src/content/posts/2024/linux-alternatives.md
https://github.com/ClementTsang/bottom,retained,reachable,HTTP GET,200,,2026-10-07T19:53:29.581345+00:00,https://github.com/ClementTsang/bottom,,src/content/posts/2024/linux-alternatives.md
https://github.com/CoatiSoftware/Sourcetrail,retained,reachable,HTTP GET,200,,2026-10-07T19:50:20.970026+00:00,https://github.com/CoatiSoftware/Sourcetrail,,src/content/posts/2024/linux-alternatives.md
https://github.com/Cockatrice/Cockatrice,retained,reachable,HTTP GET,200,,2026-10-07T19:50:47.708270+00:00,https://github.com/Cockatrice/Cockatrice,,src/content/posts/2024/linux-alternatives.md
https://github.com/Cog-Creators/Red-DiscordBot,retained,reachable,HTTP GET,200,,2026-10-07T19:49:30.815357+00:00,https://github.com/Cog-Creators/Red-DiscordBot,,src/content/posts/2024/linux-alternatives.md
https://github.com/Collective-Software/ClickPaste,retained,reachable,HTTP GET,200,,2026-10-07T19:48:33.464923+00:00,https://github.com/Collective-Software/ClickPaste,,src/content/posts/2022/clickpaste.md
https://github.com/Collective-Software/ClickPaste/blob/master/doc/ClickToPaste.png,retained,reachable,HTTP GET,200,,2026-10-07T19:48:34.702521+00:00,https://github.com/Collective-Software/ClickPaste/blob/master/doc/ClickToPaste.png,,src/content/posts/2022/clickpaste.md
https://github.com/Collective-Software/ClickPaste/blob/master/doc/ClickToTarget.png,retained,reachable,HTTP GET,200,,2026-10-07T19:48:33.988835+00:00,https://github.com/Collective-Software/ClickPaste/blob/master/doc/ClickToTarget.png,,src/content/posts/2022/clickpaste.md
https://github.com/Collective-Software/ClickPaste/blob/master/doc/Pasted.png,retained,reachable,HTTP GET,200,,2026-10-07T19:48:35.446999+00:00,https://github.com/Collective-Software/ClickPaste/blob/master/doc/Pasted.png,,src/content/posts/2022/clickpaste.md
https://github.com/Collective-Software/ClickPaste/raw/master/doc/ClickToPaste.png,retained,reachable,HTTP GET,200,,2026-10-07T19:48:35.080974+00:00,https://raw.githubusercontent.com/Collective-Software/ClickPaste/master/doc/ClickToPaste.png,,src/content/posts/2022/clickpaste.md
https://github.com/Collective-Software/ClickPaste/raw/master/doc/ClickToTarget.png,retained,reachable,HTTP GET,200,,2026-10-07T19:48:34.345318+00:00,https://raw.githubusercontent.com/Collective-Software/ClickPaste/master/doc/ClickToTarget.png,,src/content/posts/2022/clickpaste.md
https://github.com/Collective-Software/ClickPaste/raw/master/doc/Pasted.png,retained,reachable,HTTP GET,200,,2026-10-07T19:48:35.742652+00:00,https://raw.githubusercontent.com/Collective-Software/ClickPaste/master/doc/Pasted.png,,src/content/posts/2022/clickpaste.md
https://github.com/Collective-Software/ClickPaste/releases,retained,reachable,HTTP GET,200,,2026-10-07T19:48:33.643320+00:00,https://github.com/Collective-Software/ClickPaste/releases,,src/content/posts/2022/clickpaste.md
https://github.com/CryoByte33/steam-deck-utilities,retained,reachable,HTTP GET,200,,2026-10-07T19:50:58.490785+00:00,https://github.com/CryoByte33/steam-deck-utilities,,src/content/posts/2024/linux-alternatives.md
https://github.com/DNSCrypt/dnscrypt-proxy,retained,reachable,HTTP GET,200,,2026-10-07T19:53:23.521384+00:00,https://github.com/DNSCrypt/dnscrypt-proxy,,src/content/posts/2024/linux-alternatives.md
https://github.com/DadSchoorse/vkBasalt,retained,reachable,HTTP GET,200,,2026-10-07T19:54:11.743904+00:00,https://github.com/DadSchoorse/vkBasalt,,src/content/posts/2025/setting-up-reshade-on-linux.md
https://github.com/Daniele-rolli/Beaver-Notes,removed-or-replaced,reachable,HTTP GET,200,,2026-10-07T19:51:56.200537+00:00,https://github.com/Beaver-Notes/Beaver-Notes,,src/content/posts/2024/linux-alternatives.md
https://github.com/DavidoTek/ProtonUp-Qt,retained,reachable,HTTP GET,200,,2026-10-07T19:51:04.866054+00:00,https://github.com/DavidoTek/ProtonUp-Qt,,src/content/posts/2024/linux-alternatives.md
https://github.com/DeaDBeeF-Player/deadbeef,retained,reachable,HTTP GET,200,,2026-10-07T19:49:13.294029+00:00,https://github.com/DeaDBeeF-Player/deadbeef,,src/content/posts/2024/linux-alternatives.md
https://github.com/Diolinux/PhotoGIMP,retained,reachable,HTTP GET,200,,2026-10-07T19:51:25.473405+00:00,https://github.com/Diolinux/PhotoGIMP,,src/content/posts/2024/linux-alternatives.md
https://github.com/DoTheEvo/ANGRYsearch,retained,reachable,HTTP GET,200,,2026-10-07T19:51:51.504365+00:00,https://github.com/DoTheEvo/ANGRYsearch,,src/content/posts/2024/linux-alternatives.md
https://github.com/EliverLara/Ant,retained,reachable,HTTP GET,200,,2026-10-07T19:49:45.304230+00:00,https://github.com/EliverLara/Ant,,src/content/posts/2024/linux-alternatives.md
https://github.com/EliverLara/Kimi,retained,reachable,HTTP GET,200,,2026-10-07T19:49:47.891386+00:00,https://github.com/EliverLara/Kimi,,src/content/posts/2024/linux-alternatives.md
https://github.com/EliverLara/Nordic,retained,reachable,HTTP GET,200,,2026-10-07T19:49:49.240963+00:00,https://github.com/EliverLara/Nordic,,src/content/posts/2024/linux-alternatives.md
https://github.com/EliverLara/Sweet,retained,reachable,HTTP GET,200,,2026-10-07T19:49:50.320326+00:00,https://github.com/EliverLara/Sweet,,src/content/posts/2024/linux-alternatives.md
https://github.com/EliverLara/candy-icons,retained,reachable,HTTP GET,200,,2026-10-07T19:49:41.223880+00:00,https://github.com/EliverLara/candy-icons,,src/content/posts/2024/linux-alternatives.md
https://github.com/Eloston/ungoogled-chromium,removed-or-replaced,reachable,HTTP GET,200,,2026-10-07T19:51:35.400599+00:00,https://github.com/ungoogled-software/ungoogled-chromium,,src/content/posts/2024/linux-alternatives.md
https://github.com/EragonJ/Kaku,retained,reachable,HTTP GET,200,,2026-10-07T19:51:39.630300+00:00,https://github.com/EragonJ/Kaku,,src/content/posts/2024/linux-alternatives.md
https://github.com/Eugeny/tabby,retained,reachable,HTTP GET,200,,2026-10-07T19:52:36.234912+00:00,https://github.com/Eugeny/tabby,,src/content/posts/2024/linux-alternatives.md
https://github.com/FFmpeg/FFmpeg,retained,reachable,HTTP GET,200,,2026-10-07T19:53:14.948004+00:00,https://github.com/FFmpeg/FFmpeg,,src/content/posts/2024/linux-alternatives.md
https://github.com/FabioLolix/LinuxTimeline/releases,retained,reachable,HTTP GET,200,,2026-10-07T19:54:07.041102+00:00,https://github.com/FabioLolix/LinuxTimeline/releases,,src/content/posts/2024/linux-alternatives.md
https://github.com/Fausto-Korpsvart/Gruvbox-GTK-Theme,retained,reachable,HTTP GET,200,,2026-10-07T19:49:47.490818+00:00,https://github.com/Fausto-Korpsvart/Gruvbox-GTK-Theme,,src/content/posts/2024/linux-alternatives.md
https://github.com/FeralInteractive/gamemode,retained,reachable,HTTP GET,200,,2026-10-07T19:48:26.662351+00:00,https://github.com/FeralInteractive/gamemode,,src/content/posts/2020/ultimate-linux-gaming-guide.md;src/content/posts/2024/linux-alternatives.md
https://github.com/FeralInteractive/gamemode.git,retained,reachable,HTTP GET,200,,2026-10-07T19:48:27.523769+00:00,https://github.com/FeralInteractive/gamemode,,src/content/posts/2020/ultimate-linux-gaming-guide.md
https://github.com/FiloSottile/age,retained,reachable,HTTP GET,200,,2026-10-07T19:53:35.323616+00:00,https://github.com/FiloSottile/age,,src/content/posts/2024/linux-alternatives.md
https://github.com/FlaxEngine/FlaxEngine,retained,reachable,HTTP GET,200,,2026-10-07T19:50:03.257738+00:00,https://github.com/FlaxEngine/FlaxEngine,,src/content/posts/2024/linux-alternatives.md
https://github.com/FreeCAD,retained,reachable,HTTP GET,200,,2026-10-07T19:49:04.828509+00:00,https://github.com/FreeCAD,,src/content/posts/2024/linux-alternatives.md
https://github.com/FreeCAD/FreeCAD,retained,reachable,HTTP GET,200,,2026-10-07T19:51:24.532669+00:00,https://github.com/FreeCAD/FreeCAD,,src/content/posts/2024/linux-alternatives.md
https://github.com/FreeRDP/FreeRDP,retained,reachable,HTTP GET,200,,2026-10-07T19:53:02.655194+00:00,https://github.com/FreeRDP/FreeRDP,,src/content/posts/2024/linux-alternatives.md
https://github.com/FreeRDP/Remmina,retained,reachable,HTTP GET,200,,2026-10-07T19:53:08.579876+00:00,https://github.com/FreeRDP/Remmina,,src/content/posts/2024/linux-alternatives.md
https://github.com/FreeTubeApp/FreeTube,retained,reachable,HTTP GET,200,,2026-10-07T19:51:39.187692+00:00,https://github.com/FreeTubeApp/FreeTube,,src/content/posts/2024/linux-alternatives.md
https://github.com/Frogging-Family/linux-tkg,retained,reachable,HTTP GET,200,,2026-10-07T19:53:49.434530+00:00,https://github.com/Frogging-Family/linux-tkg,,src/content/posts/2024/linux-alternatives.md
https://github.com/Frogging-Family/wine-tkg-git,retained,reachable,HTTP GET,200,,2026-10-07T19:51:05.339897+00:00,https://github.com/Frogging-Family/wine-tkg-git,,src/content/posts/2024/linux-alternatives.md
https://github.com/GNOME,retained,reachable,HTTP GET,200,,2026-10-07T19:52:34.229213+00:00,https://github.com/GNOME,,src/content/posts/2024/linux-alternatives.md
https://github.com/GNOME/brasero,retained,reachable,HTTP GET,200,,2026-10-07T19:52:49.321035+00:00,https://github.com/GNOME/brasero,,src/content/posts/2024/linux-alternatives.md
https://github.com/GNOME/cheese,removed-or-replaced,missing,HTTP GET,404,,2026-10-07T19:53:14.100117+00:00,https://github.com/GNOME/cheese,,src/content/posts/2024/linux-alternatives.md
https://github.com/GNOME/dconf-editor,retained,reachable,HTTP GET,200,,2026-10-07T19:52:54.896626+00:00,https://github.com/GNOME/dconf-editor,,src/content/posts/2024/linux-alternatives.md
https://github.com/GNOME/easytag,retained,reachable,HTTP GET,200,,2026-10-07T19:49:22.963243+00:00,https://github.com/GNOME/easytag,,src/content/posts/2024/linux-alternatives.md
https://github.com/GNOME/gdm,retained,reachable,HTTP GET,200,,2026-10-07T19:53:56.194386+00:00,https://github.com/GNOME/gdm,,src/content/posts/2024/linux-alternatives.md
https://github.com/GNOME/glade,removed-or-replaced,missing,HTTP GET,404,,2026-10-07T19:50:17.979499+00:00,https://github.com/GNOME/glade,,src/content/posts/2024/linux-alternatives.md
https://github.com/GNOME/gnome-builder,retained,reachable,HTTP GET,200,,2026-10-07T19:52:41.346201+00:00,https://github.com/GNOME/gnome-builder,,src/content/posts/2024/linux-alternatives.md
https://github.com/GNOME/gparted,retained,reachable,HTTP GET,200,,2026-10-07T19:52:50.644154+00:00,https://github.com/GNOME/gparted,,src/content/posts/2024/linux-alternatives.md
https://github.com/GNOME/nautilus,retained,reachable,HTTP GET,200,,2026-10-07T19:50:36.589684+00:00,https://github.com/GNOME/nautilus,,src/content/posts/2024/linux-alternatives.md
https://github.com/GNOME/rhythmbox,retained,reachable,HTTP GET,200,,2026-10-07T19:49:18.438512+00:00,https://github.com/GNOME/rhythmbox,,src/content/posts/2024/linux-alternatives.md
https://github.com/GPUOpen-Drivers/AMDVLK,retained,reachable,HTTP GET,200,,2026-10-07T19:48:21.031443+00:00,https://github.com/GPUOpen-Drivers/AMDVLK,,src/content/posts/2020/doom-eternal-linux.md
https://github.com/GSConnect/gnome-shell-extension-gsconnect,retained,reachable,HTTP GET,200,,2026-10-07T19:53:04.523881+00:00,https://github.com/GSConnect/gnome-shell-extension-gsconnect,,src/content/posts/2024/linux-alternatives.md
https://github.com/Genymobile/scrcpy,retained,reachable,HTTP GET,200,,2026-10-07T19:48:11.008667+00:00,https://github.com/Genymobile/scrcpy,,src/content/posts/2020/amazon-fire-debloat.md;src/content/posts/2024/linux-alternatives.md
https://github.com/GeopJr/Collision,retained,reachable,HTTP GET,200,,2026-10-07T19:50:15.492807+00:00,https://github.com/GeopJr/Collision,,src/content/posts/2024/linux-alternatives.md
https://github.com/Gictorbit/photoshopCClinux,retained,reachable,HTTP GET,200,,2026-10-07T19:51:25.654330+00:00,https://github.com/Gictorbit/photoshopCClinux,,src/content/posts/2024/linux-alternatives.md
https://github.com/Gisto/Gisto,retained,reachable,HTTP GET,200,,2026-10-07T19:50:06.168048+00:00,https://github.com/Gisto/Gisto,,src/content/posts/2024/linux-alternatives.md
https://github.com/GitSquared/edex-ui,retained,reachable,HTTP GET,200,,2026-10-07T19:52:33.675217+00:00,https://github.com/GitSquared/edex-ui,,src/content/posts/2024/linux-alternatives.md
https://github.com/GloriousEggroll/proton-ge-custom,retained,reachable,HTTP GET,200,,2026-10-07T19:48:26.952740+00:00,https://github.com/GloriousEggroll/proton-ge-custom,,src/content/posts/2020/ultimate-linux-gaming-guide.md;src/content/posts/2024/linux-alternatives.md
https://github.com/GloriousEggroll/wine-ge-custom,retained,reachable,HTTP GET,200,,2026-10-07T19:51:05.006922+00:00,https://github.com/GloriousEggroll/wine-ge-custom,,src/content/posts/2024/linux-alternatives.md
https://github.com/Gnucash/,retained,reachable,HTTP GET,200,,2026-10-07T19:51:41.797929+00:00,https://github.com/Gnucash/,,src/content/posts/2024/linux-alternatives.md
https://github.com/GothenburgBitFactory/taskwarrior,retained,reachable,HTTP GET,200,,2026-10-07T19:52:06.233163+00:00,https://github.com/GothenburgBitFactory/taskwarrior,,src/content/posts/2024/linux-alternatives.md
https://github.com/GradienceTeam/Gradience,retained,reachable,HTTP GET,200,,2026-10-07T19:49:51.901447+00:00,https://github.com/GradienceTeam/Gradience,,src/content/posts/2024/linux-alternatives.md
https://github.com/Guake/guake,retained,reachable,HTTP GET,200,,2026-10-07T19:52:34.392514+00:00,https://github.com/Guake/guake,,src/content/posts/2024/linux-alternatives.md
https://github.com/HandBrake/HandBrake,retained,reachable,HTTP GET,200,,2026-10-07T19:51:24.845834+00:00,https://github.com/HandBrake/HandBrake,,src/content/posts/2024/linux-alternatives.md
https://github.com/HaxeFoundation/haxe,retained,reachable,HTTP GET,200,,2026-10-07T19:50:04.637971+00:00,https://github.com/HaxeFoundation/haxe,,src/content/posts/2024/linux-alternatives.md
https://github.com/HeapsIO/heaps,retained,reachable,HTTP GET,200,,2026-10-07T19:50:04.816793+00:00,https://github.com/HeapsIO/heaps,,src/content/posts/2024/linux-alternatives.md
https://github.com/Heroic-Games-Launcher,retained,reachable,HTTP GET,200,,2026-10-07T19:50:55.798682+00:00,https://github.com/Heroic-Games-Launcher,,src/content/posts/2024/linux-alternatives.md
https://github.com/HikariKnight/quickpassthrough,retained,reachable,HTTP GET,200,,2026-10-07T19:48:51.141922+00:00,https://github.com/HikariKnight/quickpassthrough,,src/content/posts/2022/windows-inside-linux.md;src/content/posts/2024/the-ultimate-system.md
https://github.com/Huluti/Curtail,retained,reachable,HTTP GET,200,,2026-10-07T19:50:15.892104+00:00,https://github.com/Huluti/Curtail,,src/content/posts/2024/linux-alternatives.md
https://github.com/IgnorantGuru/spacefm,retained,reachable,HTTP GET,200,,2026-10-07T19:50:38.643620+00:00,https://github.com/IgnorantGuru/spacefm,,src/content/posts/2024/linux-alternatives.md
https://github.com/ImageMagick/ImageMagick,retained,reachable,HTTP GET,200,,2026-10-07T19:51:19.032943+00:00,https://github.com/ImageMagick/ImageMagick,,src/content/posts/2024/linux-alternatives.md
https://github.com/JMoerman/Go-For-It,retained,reachable,HTTP GET,200,,2026-10-07T19:52:04.914380+00:00,https://github.com/JMoerman/Go-For-It,,src/content/posts/2024/linux-alternatives.md
https://github.com/JaKooLit,retained,reachable,HTTP GET,200,,2026-10-07T19:54:10.373347+00:00,https://github.com/JaKooLit,,src/content/posts/2025/jakoolit-hyprland.md
https://github.com/Jermolene/TiddlyDesktop,removed-or-replaced,reachable,HTTP GET,200,,2026-10-07T19:53:20.024369+00:00,https://github.com/TiddlyWiki/TiddlyDesktop,,src/content/posts/2024/linux-alternatives.md
https://github.com/JetBrains/intellij-community,retained,reachable,HTTP GET,200,,2026-10-07T19:50:09.615642+00:00,https://github.com/JetBrains/intellij-community,,src/content/posts/2024/linux-alternatives.md
https://github.com/JetBrains/intellij-community/tree/master/python,retained,reachable,HTTP GET,200,,2026-10-07T19:50:11.893439+00:00,https://github.com/JetBrains/intellij-community/tree/master/python,,src/content/posts/2024/linux-alternatives.md
https://github.com/Jguer/yay,retained,reachable,HTTP GET,200,,2026-10-07T19:52:56.522804+00:00,https://github.com/Jguer/yay,,src/content/posts/2024/linux-alternatives.md
https://github.com/Jmgr/actiona,retained,reachable,HTTP GET,200,,2026-10-07T19:51:48.223792+00:00,https://github.com/Jmgr/actiona,,src/content/posts/2024/linux-alternatives.md
https://github.com/JonMagon/KDiskMark,retained,reachable,HTTP GET,200,,2026-10-07T19:52:50.847018+00:00,https://github.com/JonMagon/KDiskMark,,src/content/posts/2024/linux-alternatives.md
https://github.com/JoseExposito/touche,retained,reachable,HTTP GET,200,,2026-10-07T19:53:09.507645+00:00,https://github.com/JoseExposito/touche,,src/content/posts/2024/linux-alternatives.md
https://github.com/JosefZIla/bash2048,introduced,reachable,HTTP GET,200,,2026-10-07T19:54:52.487137+00:00,https://github.com/JosefZIla/bash2048,,src/content/posts/2024/linux-alternatives.md
https://github.com/KDE/ghostwriter,introduced,reachable,HTTP GET,200,,2026-10-07T19:54:57.707654+00:00,https://github.com/KDE/ghostwriter,,src/content/posts/2024/linux-alternatives.md
https://github.com/KDE/k3b,retained,reachable,HTTP GET,200,,2026-10-07T19:49:23.865879+00:00,https://github.com/KDE/k3b,,src/content/posts/2024/linux-alternatives.md
https://github.com/KDE/marble,retained,reachable,HTTP GET,200,,2026-10-07T19:50:30.711724+00:00,https://github.com/KDE/marble,,src/content/posts/2024/linux-alternatives.md
https://github.com/KDE/okular,retained,reachable,HTTP GET,200,,2026-10-07T19:50:25.764108+00:00,https://github.com/KDE/okular,,src/content/posts/2024/linux-alternatives.md
https://github.com/KDE/trojita,retained,reachable,HTTP GET,200,,2026-10-07T19:50:34.817745+00:00,https://github.com/KDE/trojita,,src/content/posts/2024/linux-alternatives.md
https://github.com/KELiON/cerebro,removed-or-replaced,reachable,HTTP GET,200,,2026-10-07T19:51:51.952071+00:00,https://github.com/cerebroapp/cerebro,,src/content/posts/2024/linux-alternatives.md
https://github.com/KXStudio/Repository,retained,reachable,HTTP GET,200,,2026-10-07T19:49:09.068399+00:00,https://github.com/KXStudio/Repository,,src/content/posts/2024/linux-alternatives.md
https://github.com/KiCad,retained,reachable,HTTP GET,200,,2026-10-07T19:50:27.864243+00:00,https://github.com/KiCad,,src/content/posts/2024/linux-alternatives.md
https://github.com/Kilian/Trimage,retained,reachable,HTTP GET,200,,2026-10-07T19:53:11.436931+00:00,https://github.com/Kilian/Trimage,,src/content/posts/2024/linux-alternatives.md
https://github.com/KittyKatt/screenFetch,retained,reachable,HTTP GET,200,,2026-10-07T19:53:34.632896+00:00,https://github.com/KittyKatt/screenFetch,,src/content/posts/2024/linux-alternatives.md
https://github.com/Komodo/KomodoEdit,retained,reachable,HTTP GET,200,,2026-10-07T19:52:42.259519+00:00,https://github.com/Komodo/KomodoEdit,,src/content/posts/2024/linux-alternatives.md
https://github.com/Kong/insomnia,retained,reachable,HTTP GET,200,,2026-10-07T19:50:18.621331+00:00,https://github.com/Kong/insomnia,,src/content/posts/2024/linux-alternatives.md
https://github.com/KrispyCamel4u/SysMonTask/,retained,reachable,HTTP GET,200,,2026-10-07T19:52:58.575811+00:00,https://github.com/KrispyCamel4u/SysMonTask/,,src/content/posts/2024/linux-alternatives.md
https://github.com/Kron4ek/Wine-Builds,retained,reachable,HTTP GET,200,,2026-10-07T19:51:03.483876+00:00,https://github.com/Kron4ek/Wine-Builds,,src/content/posts/2024/linux-alternatives.md
https://github.com/LGUG2Z/komorebi,retained,reachable,HTTP GET,200,,2026-10-07T19:54:28.603718+00:00,https://github.com/LGUG2Z/komorebi,,src/content/posts/old/ideas.md
https://github.com/LLK/scratch-flash,removed-or-replaced,reachable,HTTP GET,200,,2026-10-07T19:50:32.347021+00:00,https://github.com/scratchfoundation/scratch-flash,,src/content/posts/2024/linux-alternatives.md
https://github.com/LMMS/lmms,retained,reachable,HTTP GET,200,,2026-10-07T19:49:09.381374+00:00,https://github.com/LMMS/lmms,,src/content/posts/2024/linux-alternatives.md
https://github.com/LemonBoy/bar,retained,reachable,HTTP GET,200,,2026-10-07T19:49:52.308298+00:00,https://github.com/LemonBoy/bar,,src/content/posts/2024/linux-alternatives.md
https://github.com/LewisVo/Awesome-Linux-Software/,removed-or-replaced,reachable,HTTP GET,200,,2026-10-07T19:49:02.174788+00:00,https://github.com/luong-komorebi/Awesome-Linux-Software,,src/content/posts/2024/linux-alternatives.md
https://github.com/LewisVo/Awesome-Linux-Software/blob/master/README_es-ES.md,removed-or-replaced,reachable,HTTP GET,200,,2026-10-07T19:49:03.713504+00:00,https://github.com/luong-komorebi/Awesome-Linux-Software/blob/master/README_es-ES.md,,src/content/posts/2024/linux-alternatives.md
https://github.com/LewisVo/Awesome-Linux-Software/blob/master/README_pt-BR.md,removed-or-replaced,reachable,HTTP GET,200,,2026-10-07T19:49:02.510623+00:00,https://github.com/luong-komorebi/Awesome-Linux-Software/blob/master/README_pt-BR.md,,src/content/posts/2024/linux-alternatives.md
https://github.com/LewisVo/Awesome-Linux-Software/blob/master/README_th-TH.md,removed-or-replaced,reachable,HTTP GET,200,,2026-10-07T19:49:04.480895+00:00,https://github.com/luong-komorebi/Awesome-Linux-Software/blob/master/README_th-TH.md,,src/content/posts/2024/linux-alternatives.md
https://github.com/LewisVo/Awesome-Linux-Software/blob/master/README_zh-CN.md,removed-or-replaced,reachable,HTTP GET,200,,2026-10-07T19:49:02.897581+00:00,https://github.com/luong-komorebi/Awesome-Linux-Software/blob/master/README_zh-CN.md,,src/content/posts/2024/linux-alternatives.md
https://github.com/LewisVo/Awesome-Linux-Software/graphs/contributors,removed-or-replaced,reachable,HTTP GET,200,,2026-10-07T19:54:07.367878+00:00,https://github.com/luong-komorebi/Awesome-Linux-Software/graphs/contributors,,src/content/posts/2024/linux-alternatives.md
https://github.com/LibreTime/libretime,retained,reachable,HTTP GET,200,,2026-10-07T19:49:15.135918+00:00,https://github.com/LibreTime/libretime,,src/content/posts/2024/linux-alternatives.md
https://github.com/LightTable/LightTable,retained,reachable,HTTP GET,200,,2026-10-07T19:52:42.949747+00:00,https://github.com/LightTable/LightTable,,src/content/posts/2024/linux-alternatives.md
https://github.com/LinSoftWin/Photoshop-CC2022-Linux,introduced,reachable,HTTP GET,200,,2026-10-07T19:54:55.635224+00:00,https://github.com/LinSoftWin/Photoshop-CC2022-Linux,,src/content/posts/2024/linux-alternatives.md
https://github.com/LubuntuFu/fishfry,retained,reachable,HTTP GET,200,,2026-10-07T19:53:38.967864+00:00,https://github.com/LubuntuFu/fishfry,,src/content/posts/2024/linux-alternatives.md
https://github.com/LuminanceHDR/LuminanceHDR,retained,reachable,HTTP GET,200,,2026-10-07T19:51:19.788874+00:00,https://github.com/LuminanceHDR/LuminanceHDR,,src/content/posts/2024/linux-alternatives.md
https://github.com/LunarVim/LunarVim,retained,reachable,HTTP GET,200,,2026-10-07T19:52:45.747230+00:00,https://github.com/LunarVim/LunarVim,,src/content/posts/2024/linux-alternatives.md
https://github.com/Lxtharia/minegrub-theme,retained,reachable,HTTP GET,200,,2026-10-07T19:48:30.114317+00:00,https://github.com/Lxtharia/minegrub-theme,,src/content/posts/2021/bootloader-themes.md
https://github.com/MaartenBaert/ssr,retained,reachable,HTTP GET,200,,2026-10-07T19:51:29.390498+00:00,https://github.com/MaartenBaert/ssr,,src/content/posts/2024/linux-alternatives.md
https://github.com/Mastermindzh/tidal-hifi,retained,reachable,HTTP GET,200,,2026-10-07T19:49:20.727679+00:00,https://github.com/Mastermindzh/tidal-hifi,,src/content/posts/2024/linux-alternatives.md
https://github.com/Matoking/protontricks,retained,reachable,HTTP GET,200,,2026-10-07T19:48:36.027803+00:00,https://github.com/Matoking/protontricks,,src/content/posts/2022/customizing-steam-games-in-linux.md;src/content/posts/2024/linux-alternatives.md
https://github.com/Merrit/nyrna,retained,reachable,HTTP GET,200,,2026-10-07T19:51:00.414981+00:00,https://github.com/Merrit/nyrna,,src/content/posts/2024/linux-alternatives.md
https://github.com/MiMillieuh/Photoshop-CC2022-Linux,removed-or-replaced,reachable,HTTP GET,200,,2026-10-07T19:51:26.201920+00:00,https://github.com/LinSoftWin/Photoshop-CC2022-Linux,,src/content/posts/2024/linux-alternatives.md
https://github.com/Microsoft/vscode,retained,reachable,HTTP GET,200,,2026-10-07T19:52:44.220841+00:00,https://github.com/Microsoft/vscode,,src/content/posts/2024/linux-alternatives.md
https://github.com/MidnightCommander/mc,retained,reachable,HTTP GET,200,,2026-10-07T19:50:36.139774+00:00,https://github.com/MidnightCommander/mc,,src/content/posts/2024/linux-alternatives.md
https://github.com/Moosync/Moosync,retained,reachable,HTTP GET,200,,2026-10-07T19:49:15.505157+00:00,https://github.com/Moosync/Moosync,,src/content/posts/2024/linux-alternatives.md
https://github.com/Mudlet/Mudlet,retained,reachable,HTTP GET,200,,2026-10-07T19:50:46.181335+00:00,https://github.com/Mudlet/Mudlet,,src/content/posts/2024/linux-alternatives.md
https://github.com/MultiMC/Launcher/,retained,reachable,HTTP GET,200,,2026-10-07T19:50:52.145014+00:00,https://github.com/MultiMC/Launcher/,,src/content/posts/2024/linux-alternatives.md
https://github.com/Murmele/Gittyup,retained,reachable,HTTP GET,200,,2026-10-07T19:50:08.242245+00:00,https://github.com/Murmele/Gittyup,,src/content/posts/2024/linux-alternatives.md
https://github.com/MycroftAI/mycroft-core,retained,reachable,HTTP GET,200,,2026-10-07T19:53:21.118493+00:00,https://github.com/MycroftAI/mycroft-core,,src/content/posts/2024/linux-alternatives.md
https://github.com/NationalSecurityAgency/ghidra/releases,retained,reachable,HTTP GET,200,,2026-10-07T19:52:19.813830+00:00,https://github.com/NationalSecurityAgency/ghidra/releases,,src/content/posts/2024/linux-alternatives.md
https://github.com/Neovim/Neovim/releases/tag/stable,retained,reachable,HTTP GET,200,,2026-10-07T19:48:40.578948+00:00,https://github.com/Neovim/Neovim/releases/tag/stable,,src/content/posts/2022/neovim-is-better.md
https://github.com/Neverball/neverball,retained,reachable,HTTP GET,200,,2026-10-07T19:50:46.416232+00:00,https://github.com/Neverball/neverball,,src/content/posts/2024/linux-alternatives.md
https://github.com/Nexus-Mods/NexusMods.App/releases/latest,retained,reachable,HTTP GET,200,,2026-10-07T19:54:11.098598+00:00,https://github.com/Nexus-Mods/NexusMods.App/releases/tag/v0.21.1,,src/content/posts/2025/linux-game-mods.md
https://github.com/Nheko-Reborn/nheko,retained,reachable,HTTP GET,200,,2026-10-07T19:49:27.976001+00:00,https://github.com/Nheko-Reborn/nheko,,src/content/posts/2024/linux-alternatives.md
https://github.com/NickvisionApps/Parabolic,retained,reachable,HTTP GET,200,,2026-10-07T19:51:36.412086+00:00,https://github.com/NickvisionApps/Parabolic,,src/content/posts/2024/linux-alternatives.md
https://github.com/NixOS/nix,retained,reachable,HTTP GET,200,,2026-10-07T19:48:41.536716+00:00,https://github.com/NixOS/nix,,src/content/posts/2022/nix-package-manager.md;src/content/posts/2024/linux-alternatives.md
https://github.com/NvChad/NvChad,retained,reachable,HTTP GET,200,,2026-10-07T19:52:46.958189+00:00,https://github.com/NvChad/NvChad,,src/content/posts/2024/linux-alternatives.md
https://github.com/ONLYOFFICE,retained,reachable,HTTP GET,200,,2026-10-07T19:51:42.768655+00:00,https://github.com/ONLYOFFICE,,src/content/posts/2024/linux-alternatives.md
https://github.com/OmniDB/OmniDB,retained,reachable,HTTP GET,200,,2026-10-07T19:49:58.145019+00:00,https://github.com/OmniDB/OmniDB,,src/content/posts/2024/linux-alternatives.md
https://github.com/OpenMW/openmw,retained,reachable,HTTP GET,200,,2026-10-07T19:50:43.667801+00:00,https://github.com/OpenMW/openmw,,src/content/posts/2024/linux-alternatives.md
https://github.com/OpenRA/OpenRA,retained,reachable,HTTP GET,200,,2026-10-07T19:50:44.176654+00:00,https://github.com/OpenRA/OpenRA,,src/content/posts/2024/linux-alternatives.md
https://github.com/OpenRC/openrc/blob/master/service-script-guide.md,retained,reachable,HTTP GET,200,,2026-10-07T19:54:08.798454+00:00,https://github.com/OpenRC/openrc/blob/master/service-script-guide.md,,src/content/posts/2024/removing-systemd.md
https://github.com/OpenRCT2/OpenRCT2,retained,reachable,HTTP GET,200,,2026-10-07T19:50:44.376586+00:00,https://github.com/OpenRCT2/OpenRCT2,,src/content/posts/2024/linux-alternatives.md
https://github.com/OpenShot/openshot-qt,retained,reachable,HTTP GET,200,,2026-10-07T19:51:33.305899+00:00,https://github.com/OpenShot/openshot-qt,,src/content/posts/2024/linux-alternatives.md
https://github.com/OpenTTD/OpenTTD,retained,reachable,HTTP GET,200,,2026-10-07T19:50:39.071292+00:00,https://github.com/OpenTTD/OpenTTD,,src/content/posts/2024/linux-alternatives.md
https://github.com/OpenVPN,retained,reachable,HTTP GET,200,,2026-10-07T19:53:18.061790+00:00,https://github.com/OpenVPN,,src/content/posts/2024/linux-alternatives.md
https://github.com/Orama-Interactive/Pixelorama,retained,reachable,HTTP GET,200,,2026-10-07T19:51:16.890179+00:00,https://github.com/Orama-Interactive/Pixelorama,,src/content/posts/2024/linux-alternatives.md
https://github.com/OzymandiasTheGreat/emoji-keyboard,retained,reachable,HTTP GET,200,,2026-10-07T19:53:01.896271+00:00,https://github.com/OzymandiasTheGreat/emoji-keyboard,,src/content/posts/2024/linux-alternatives.md
https://github.com/PCSX2,retained,reachable,HTTP GET,200,,2026-10-07T19:51:13.047839+00:00,https://github.com/PCSX2,,src/content/posts/2024/linux-alternatives.md
https://github.com/PapirusDevelopmentTeam/papirus-icon-theme,retained,reachable,HTTP GET,200,,2026-10-07T19:49:43.326620+00:00,https://github.com/PapirusDevelopmentTeam/papirus-icon-theme,,src/content/posts/2024/linux-alternatives.md
https://github.com/Peltoche/lsd,removed-or-replaced,reachable,HTTP GET,200,,2026-10-07T19:53:41.752164+00:00,https://github.com/lsd-rs/lsd,,src/content/posts/2024/linux-alternatives.md
https://github.com/PhilipK/BoilR,retained,reachable,HTTP GET,200,,2026-10-07T19:50:57.329217+00:00,https://github.com/PhilipK/BoilR,,src/content/posts/2024/linux-alternatives.md
https://github.com/Pingus/pingus,retained,reachable,HTTP GET,200,,2026-10-07T19:50:48.124402+00:00,https://github.com/Pingus/pingus,,src/content/posts/2024/linux-alternatives.md
https://github.com/Plagman/gamescope,removed-or-replaced,reachable,HTTP GET,200,,2026-10-07T19:53:58.795127+00:00,https://github.com/ValveSoftware/gamescope,,src/content/posts/2024/linux-alternatives.md
https://github.com/Prayag2/konsave,retained,reachable,HTTP GET,200,,2026-10-07T19:48:58.331154+00:00,https://github.com/Prayag2/konsave,,src/content/posts/2023/tituspi-2023.md
https://github.com/PrismLauncher/PrismLauncher,retained,reachable,HTTP GET,200,,2026-10-07T19:50:52.880379+00:00,https://github.com/PrismLauncher/PrismLauncher,,src/content/posts/2024/linux-alternatives.md
https://github.com/PurpleI2P/i2pd,retained,reachable,HTTP GET,200,,2026-10-07T19:53:24.417315+00:00,https://github.com/PurpleI2P/i2pd,,src/content/posts/2024/linux-alternatives.md
https://github.com/QwikDev/partytown,introduced,reachable,HTTP GET,200,,2026-10-07T19:54:46.506236+00:00,https://github.com/QwikDev/partytown,,src/content/posts/2023/replace-google-fonts-with-bunny-fonts.md
https://github.com/Rafostar/clapper,retained,reachable,HTTP GET,200,,2026-10-07T19:53:14.123258+00:00,https://github.com/Rafostar/clapper,,src/content/posts/2024/linux-alternatives.md
https://github.com/RawTherapee/RawTherapee,introduced,reachable,HTTP GET,200,,2026-10-07T19:54:54.934428+00:00,https://github.com/RawTherapee/RawTherapee,,src/content/posts/2024/linux-alternatives.md
https://github.com/Rawns/Reddit-Wallpaper-Changer,retained,reachable,HTTP GET,200,,2026-10-07T19:48:12.399597+00:00,https://github.com/Rawns/Reddit-Wallpaper-Changer,,src/content/posts/2020/change-wallpaper.md
https://github.com/RetroDECK/RetroDECK,introduced,reachable,HTTP GET,200,,2026-10-07T19:54:54.222958+00:00,https://github.com/RetroDECK/RetroDECK,,src/content/posts/2024/linux-alternatives.md
https://github.com/RocketChat/Rocket.Chat,retained,reachable,HTTP GET,200,,2026-10-07T19:49:35.002356+00:00,https://github.com/RocketChat/Rocket.Chat,,src/content/posts/2024/linux-alternatives.md
https://github.com/Ryujinx/Ryujinx,removed-or-replaced,missing,HTTP GET,404,,2026-10-07T19:51:12.012001+00:00,https://github.com/Ryujinx/Ryujinx,,src/content/posts/2024/linux-alternatives.md
https://github.com/SFTtech/openage,retained,reachable,HTTP GET,200,,2026-10-07T19:50:43.541071+00:00,https://github.com/SFTtech/openage,,src/content/posts/2024/linux-alternatives.md
https://github.com/SaintFenix/Awesome-Linux-Software/blob/master/README_es-ES.md,retained,reachable,HTTP GET,200,,2026-10-07T19:49:04.168915+00:00,https://github.com/SaintFenix/Awesome-Linux-Software/blob/master/README_es-ES.md,,src/content/posts/2024/linux-alternatives.md
https://github.com/Schneegans/Gnome-Pie,introduced,reachable,HTTP GET,200,,2026-10-07T19:55:05.096108+00:00,https://github.com/Schneegans/Gnome-Pie,,src/content/posts/2024/linux-alternatives.md
https://github.com/SeaDve/Kooha,retained,reachable,HTTP GET,200,,2026-10-07T19:51:27.233093+00:00,https://github.com/SeaDve/Kooha,,src/content/posts/2024/linux-alternatives.md
https://github.com/SeaDve/Mousai,retained,reachable,HTTP GET,200,,2026-10-07T19:49:24.726289+00:00,https://github.com/SeaDve/Mousai,,src/content/posts/2024/linux-alternatives.md
https://github.com/Sigil-Ebook/Sigil,retained,reachable,HTTP GET,200,,2026-10-07T19:50:27.717718+00:00,https://github.com/Sigil-Ebook/Sigil,,src/content/posts/2024/linux-alternatives.md
https://github.com/Simmesimme/Gnome-Pie,removed-or-replaced,reachable,HTTP GET,200,,2026-10-07T19:53:03.460602+00:00,https://github.com/Schneegans/Gnome-Pie,,src/content/posts/2024/linux-alternatives.md
https://github.com/Slackadays/Clipboard,retained,reachable,HTTP GET,200,,2026-10-07T19:53:36.701558+00:00,https://github.com/Slackadays/Clipboard,,src/content/posts/2024/linux-alternatives.md
https://github.com/Sloeber/arduino-eclipse-plugin,retained,reachable,HTTP GET,200,,2026-10-07T19:50:11.037431+00:00,https://github.com/Sloeber/arduino-eclipse-plugin,,src/content/posts/2024/linux-alternatives.md
https://github.com/Soundnode/soundnode-app,retained,reachable,HTTP GET,200,,2026-10-07T19:49:19.347577+00:00,https://github.com/Soundnode/soundnode-app,,src/content/posts/2024/linux-alternatives.md
https://github.com/Soundux/Soundux,retained,reachable,HTTP GET,200,,2026-10-07T19:49:25.710996+00:00,https://github.com/Soundux/Soundux,,src/content/posts/2024/linux-alternatives.md
https://github.com/SpaceVim/SpaceVim,removed-or-replaced,reachable,HTTP GET,200,,2026-10-07T19:52:47.543374+00:00,https://github.com/wsdjeg/SpaceVim,,src/content/posts/2024/linux-alternatives.md
https://github.com/SpacingBat3/WebCord,retained,reachable,HTTP GET,200,,2026-10-07T19:49:28.174000+00:00,https://github.com/SpacingBat3/WebCord,,src/content/posts/2024/linux-alternatives.md
https://github.com/Standard-Unix-Notes/unix-notes,retained,reachable,HTTP GET,200,,2026-10-07T19:52:02.043456+00:00,https://github.com/Standard-Unix-Notes/unix-notes,,src/content/posts/2024/linux-alternatives.md
https://github.com/SteamDeckHomebrew/decky-loader,retained,reachable,HTTP GET,200,,2026-10-07T19:50:58.755072+00:00,https://github.com/SteamDeckHomebrew/decky-loader,,src/content/posts/2024/linux-alternatives.md
https://github.com/SteamGridDB/steam-rom-manager,retained,reachable,HTTP GET,200,,2026-10-07T19:51:02.126062+00:00,https://github.com/SteamGridDB/steam-rom-manager,,src/content/posts/2024/linux-alternatives.md
https://github.com/Stremio,retained,reachable,HTTP GET,200,,2026-10-07T19:53:17.085559+00:00,https://github.com/Stremio,,src/content/posts/2024/linux-alternatives.md
https://github.com/SuperTux/supertux/,retained,reachable,HTTP GET,200,,2026-10-07T19:50:47.548843+00:00,https://github.com/SuperTux/supertux/,,src/content/posts/2024/linux-alternatives.md
https://github.com/Swordfish90/cool-retro-term,retained,reachable,HTTP GET,200,,2026-10-07T19:52:33.130527+00:00,https://github.com/Swordfish90/cool-retro-term,,src/content/posts/2024/linux-alternatives.md
https://github.com/Sycnex/Windows10Debloater,retained,reachable,HTTP GET,200,,2026-10-07T19:48:03.525373+00:00,https://github.com/Sycnex/Windows10Debloater,,src/content/posts/2018/2018-09-09-debloat-windows-10.md;src/content/posts/2019/2019-10-14-clean-up-windows-10.md;src/content/posts/2020/debloat-windows10-2020.md
https://github.com/Syllo/nvtop,retained,reachable,HTTP GET,200,,2026-10-07T19:53:33.416288+00:00,https://github.com/Syllo/nvtop,,src/content/posts/2024/linux-alternatives.md
https://github.com/TASEmulators/desmume,retained,reachable,HTTP GET,200,,2026-10-07T19:51:10.253454+00:00,https://github.com/TASEmulators/desmume,,src/content/posts/2024/linux-alternatives.md
https://github.com/TeXworks/texworks,retained,reachable,HTTP GET,200,,2026-10-07T19:51:43.861068+00:00,https://github.com/TeXworks/texworks,,src/content/posts/2024/linux-alternatives.md
https://github.com/Termuellinator/ProtonUpdater,retained,reachable,HTTP GET,200,,2026-10-07T19:48:27.231150+00:00,https://github.com/Termuellinator/ProtonUpdater,,src/content/posts/2020/ultimate-linux-gaming-guide.md
https://github.com/TheAssassin/AppImageLauncher,retained,reachable,HTTP GET,200,,2026-10-07T19:52:52.550770+00:00,https://github.com/TheAssassin/AppImageLauncher,,src/content/posts/2024/linux-alternatives.md
https://github.com/TheTumultuousUnicornOfDarkness/CPU-X,retained,reachable,HTTP GET,200,,2026-10-07T19:52:57.911301+00:00,https://github.com/TheTumultuousUnicornOfDarkness/CPU-X,,src/content/posts/2024/linux-alternatives.md
https://github.com/TiddlyWiki/TiddlyDesktop,introduced,reachable,HTTP GET,200,,2026-10-07T19:55:07.236357+00:00,https://github.com/TiddlyWiki/TiddlyDesktop,,src/content/posts/2024/linux-alternatives.md
https://github.com/TriliumNext/Trilium,introduced,reachable,HTTP GET,200,,2026-10-07T19:54:59.591765+00:00,https://github.com/TriliumNext/Trilium,,src/content/posts/2024/linux-alternatives.md
https://github.com/Ulauncher/Ulauncher/,retained,reachable,HTTP GET,200,,2026-10-07T19:51:52.860591+00:00,https://github.com/Ulauncher/Ulauncher/,,src/content/posts/2024/linux-alternatives.md
https://github.com/Universal-Debloater-Alliance/universal-android-debloater-next-generation,retained,reachable,HTTP GET,200,,2026-10-07T19:54:09.580456+00:00,https://github.com/Universal-Debloater-Alliance/universal-android-debloater-next-generation,,src/content/posts/2024/universal-android-debloat.md
https://github.com/Universal-Debloater-Alliance/universal-android-debloater-next-generation/releases,retained,reachable,HTTP GET,200,,2026-10-07T19:48:39.959664+00:00,https://github.com/Universal-Debloater-Alliance/universal-android-debloater-next-generation/releases,,src/content/posts/2022/making-the-perfect-phone.md;src/content/posts/2024/universal-android-debloat.md
https://github.com/Unrud/video-downloader,retained,reachable,HTTP GET,200,,2026-10-07T19:51:37.140204+00:00,https://github.com/Unrud/video-downloader,,src/content/posts/2024/linux-alternatives.md
https://github.com/VCVRack/Rack,retained,reachable,HTTP GET,200,,2026-10-07T19:49:10.749303+00:00,https://github.com/VCVRack/Rack,,src/content/posts/2024/linux-alternatives.md
https://github.com/VSCodium/vscodium,retained,reachable,HTTP GET,200,,2026-10-07T19:48:30.849169+00:00,https://github.com/VSCodium/vscodium,,src/content/posts/2021/rocky-linux.md;src/content/posts/2024/linux-alternatives.md
https://github.com/ValveSoftware/Proton,retained,reachable,HTTP GET,200,,2026-10-07T19:51:03.776481+00:00,https://github.com/ValveSoftware/Proton,,src/content/posts/2024/linux-alternatives.md
https://github.com/ValveSoftware/gamescope,introduced,reachable,HTTP GET,200,,2026-10-07T20:07:32.303192+00:00,https://github.com/ValveSoftware/gamescope,,src/content/posts/2024/linux-alternatives.md
https://github.com/VandalByte/dedsec-grub2-theme,retained,reachable,HTTP GET,200,,2026-10-07T19:48:29.807097+00:00,https://github.com/VandalByte/dedsec-grub2-theme,,src/content/posts/2021/bootloader-themes.md
https://github.com/Vendicated/Vencord,retained,reachable,HTTP GET,200,,2026-10-07T19:49:31.134511+00:00,https://github.com/Vendicated/Vencord,,src/content/posts/2024/linux-alternatives.md
https://github.com/VirtuBox/img-optimize.git,retained,reachable,HTTP GET,200,,2026-10-07T19:48:55.396189+00:00,https://github.com/VirtuBox/img-optimize,,src/content/posts/2023/script-for-optimizing-images.md
https://github.com/Vita3K/Vita3K,retained,reachable,HTTP GET,200,,2026-10-07T19:51:14.740543+00:00,https://github.com/Vita3K/Vita3K,,src/content/posts/2024/linux-alternatives.md
https://github.com/VocalPodcastProject/vocal,introduced,reachable,HTTP GET,200,,2026-10-07T19:54:49.097403+00:00,https://github.com/VocalPodcastProject/vocal,,src/content/posts/2024/linux-alternatives.md
https://github.com/Vysp3r/ProtonPlus,retained,reachable,HTTP GET,200,,2026-10-07T19:51:04.292774+00:00,https://github.com/Vysp3r/ProtonPlus,,src/content/posts/2024/linux-alternatives.md
https://github.com/Warzone2100/warzone2100,retained,reachable,HTTP GET,200,,2026-10-07T19:50:51.068101+00:00,https://github.com/Warzone2100/warzone2100,,src/content/posts/2024/linux-alternatives.md
https://github.com/WaterfoxCo/Waterfox,removed-or-replaced,reachable,HTTP GET,200,,2026-10-07T19:51:35.885711+00:00,https://github.com/BrowserWorks/waterfox,,src/content/posts/2024/linux-alternatives.md
https://github.com/WayfireWM/wayfire,retained,reachable,HTTP GET,200,,2026-10-07T19:54:00.036365+00:00,https://github.com/WayfireWM/wayfire,,src/content/posts/2024/linux-alternatives.md
https://github.com/WebDB-App/app,retained,reachable,HTTP GET,200,,2026-10-07T19:50:01.792328+00:00,https://github.com/WebDB-App/app,,src/content/posts/2024/linux-alternatives.md
https://github.com/WindSoilder/hors,retained,reachable,HTTP GET,200,,2026-10-07T19:50:18.377087+00:00,https://github.com/WindSoilder/hors,,src/content/posts/2024/linux-alternatives.md
https://github.com/Windscribe/Desktop-App,retained,reachable,HTTP GET,200,,2026-10-07T19:53:19.165297+00:00,https://github.com/Windscribe/Desktop-App,,src/content/posts/2024/linux-alternatives.md
https://github.com/Winetricks/winetricks,retained,reachable,HTTP GET,200,,2026-10-07T19:51:05.714567+00:00,https://github.com/Winetricks/winetricks,,src/content/posts/2024/linux-alternatives.md
https://github.com/XargonWan/RetroDECK,removed-or-replaced,reachable,HTTP GET,200,,2026-10-07T19:51:08.860088+00:00,https://github.com/RetroDECK/RetroDECK,,src/content/posts/2024/linux-alternatives.md
https://github.com/YOUR-USER/YOUR-REPOSITORY.git,retained,example-or-local,HTTP GET,404,,2026-10-07T19:54:13.913384+00:00,https://github.com/YOUR-USER/YOUR-REPOSITORY,Illustrative URL; not a public destination contract,src/content/posts/2026/cloudflare-pagescms-website.md
https://github.com/ZDoom/gzdoom,introduced,reachable,HTTP GET,200,,2026-10-07T19:54:53.240515+00:00,https://github.com/ZDoom/gzdoom,,src/content/posts/2024/linux-alternatives.md
https://github.com/ZQuestClassic/ZQuestClassic,introduced,reachable,Firecrawl scrape,200,200,2026-10-07T19:54:07.846Z,https://github.com/ZQuestClassic/ZQuestClassic,,src/content/posts/2024/linux-alternatives.md
https://github.com/ZeldaClassic/ZeldaClassic,removed-or-replaced,missing,HTTP GET,404,,2026-10-07T19:50:49.528053+00:00,https://github.com/ZeldaClassic/ZeldaClassic,,src/content/posts/2024/linux-alternatives.md
https://github.com/aandrew-me/ytdownloader/,retained,reachable,HTTP GET,200,,2026-10-07T19:51:37.739014+00:00,https://github.com/aandrew-me/ytdownloader/,,src/content/posts/2024/linux-alternatives.md
https://github.com/aburch/simutrans,retained,reachable,HTTP GET,200,,2026-10-07T19:50:39.804223+00:00,https://github.com/aburch/simutrans,,src/content/posts/2024/linux-alternatives.md
https://github.com/acidanthera/AppleALC,retained,reachable,HTTP GET,200,,2026-10-07T19:48:17.868699+00:00,https://github.com/acidanthera/AppleALC,,src/content/posts/2020/common-computer-issues.md
https://github.com/acidanthera/OpenCorePkg,retained,reachable,HTTP GET,200,,2026-10-07T19:48:17.176393+00:00,https://github.com/acidanthera/OpenCorePkg,,src/content/posts/2020/common-computer-issues.md
https://github.com/acidanthera/OpenCorePkg/releases,retained,reachable,HTTP GET,200,,2026-10-07T19:48:23.831331+00:00,https://github.com/acidanthera/OpenCorePkg/releases,,src/content/posts/2020/opencore-mac.md
https://github.com/adgellida/ubunsys,retained,reachable,HTTP GET,200,,2026-10-07T19:53:11.445091+00:00,https://github.com/adgellida/ubunsys,,src/content/posts/2024/linux-alternatives.md
https://github.com/adobe/brackets,retained,reachable,Firecrawl scrape,,200,2026-10-07T20:15:26.808Z,https://github.com/adobe/brackets,,src/content/posts/2024/linux-alternatives.md
https://github.com/agalwood/Motrix/,retained,reachable,HTTP GET,200,,2026-10-07T19:52:26.568051+00:00,https://github.com/agalwood/Motrix/,,src/content/posts/2024/linux-alternatives.md
https://github.com/ajeetdsouza/zoxide,retained,reachable,HTTP GET,200,,2026-10-07T19:53:48.587019+00:00,https://github.com/ajeetdsouza/zoxide,,src/content/posts/2024/linux-alternatives.md;src/content/posts/2024/zoxide.md
https://github.com/aksakalli/gtop,retained,reachable,HTTP GET,200,,2026-10-07T19:53:31.640504+00:00,https://github.com/aksakalli/gtop,,src/content/posts/2024/linux-alternatives.md
https://github.com/alacritty/alacritty,introduced,reachable,HTTP GET,200,,2026-10-07T19:55:02.635334+00:00,https://github.com/alacritty/alacritty,,src/content/posts/2024/linux-alternatives.md
https://github.com/alainm23/planify,retained,reachable,HTTP GET,200,,2026-10-07T19:51:59.823501+00:00,https://github.com/alainm23/planify,,src/content/posts/2024/linux-alternatives.md
https://github.com/albertlauncher/albert,retained,reachable,HTTP GET,200,,2026-10-07T19:51:51.256020+00:00,https://github.com/albertlauncher/albert,,src/content/posts/2024/linux-alternatives.md
https://github.com/aleluff/uktools,introduced,reachable,HTTP GET,200,,2026-10-07T19:55:01.629712+00:00,https://github.com/aleluff/uktools,,src/content/posts/2024/linux-alternatives.md
https://github.com/alemart/opensurge,retained,reachable,HTTP GET,200,,2026-10-07T19:50:46.783660+00:00,https://github.com/alemart/opensurge,,src/content/posts/2024/linux-alternatives.md
https://github.com/alexandervdm/gummi,retained,reachable,HTTP GET,200,,2026-10-07T19:51:43.174253+00:00,https://github.com/alexandervdm/gummi,,src/content/posts/2024/linux-alternatives.md
https://github.com/alexdantas/nsnake,retained,reachable,HTTP GET,200,,2026-10-07T19:50:41.208372+00:00,https://github.com/alexdantas/nsnake,,src/content/posts/2024/linux-alternatives.md
https://github.com/alexdantas/pacman4console.debian,retained,reachable,HTTP GET,200,,2026-10-07T19:50:41.629514+00:00,https://github.com/alexdantas/pacman4console.debian,,src/content/posts/2024/linux-alternatives.md
https://github.com/alpcoskun/snake,removed-or-replaced,reachable,HTTP GET,200,,2026-10-07T19:50:47.221032+00:00,https://github.com/aprilcoskun/snake,,src/content/posts/2024/linux-alternatives.md
https://github.com/amanusk/s-tui,retained,reachable,HTTP GET,200,,2026-10-07T19:53:34.828142+00:00,https://github.com/amanusk/s-tui,,src/content/posts/2024/linux-alternatives.md
https://github.com/anbox/anbox,retained,reachable,HTTP GET,200,,2026-10-07T19:49:54.213710+00:00,https://github.com/anbox/anbox,,src/content/posts/2024/linux-alternatives.md
https://github.com/andreafeccomandi/bibisco,retained,reachable,HTTP GET,200,,2026-10-07T19:51:46.058139+00:00,https://github.com/andreafeccomandi/bibisco,,src/content/posts/2024/linux-alternatives.md
https://github.com/angristan/openvpn-install,retained,reachable,HTTP GET,200,,2026-10-07T19:48:08.551330+00:00,https://github.com/angristan/openvpn-install,,src/content/posts/2019/2019-09-18-ssh-guide.md;src/content/posts/2019/2019-09-20-openvpn-server.md
https://github.com/angryip/ipscan,retained,reachable,HTTP GET,200,,2026-10-07T19:52:59.460259+00:00,https://github.com/angryip/ipscan,,src/content/posts/2024/linux-alternatives.md
https://github.com/anthraxx/linux-hardened,retained,reachable,HTTP GET,200,,2026-10-07T19:53:49.050891+00:00,https://github.com/anthraxx/linux-hardened,,src/content/posts/2024/linux-alternatives.md
https://github.com/anyproto/anytype-ts,retained,reachable,HTTP GET,200,,2026-10-07T19:51:55.891867+00:00,https://github.com/anyproto/anytype-ts,,src/content/posts/2024/linux-alternatives.md
https://github.com/apache/cassandra,retained,reachable,HTTP GET,200,,2026-10-07T19:49:55.279279+00:00,https://github.com/apache/cassandra,,src/content/posts/2024/linux-alternatives.md
https://github.com/apache/couchdb,retained,reachable,HTTP GET,200,,2026-10-07T19:49:55.522339+00:00,https://github.com/apache/couchdb,,src/content/posts/2024/linux-alternatives.md
https://github.com/aprilcoskun/snake,introduced,reachable,HTTP GET,200,,2026-10-07T19:54:53.525089+00:00,https://github.com/aprilcoskun/snake,,src/content/posts/2024/linux-alternatives.md
https://github.com/aptana/studio3,removed-or-replaced,missing,HTTP GET,404,,2026-10-07T19:50:11.418360+00:00,https://github.com/aptana/studio3,,src/content/posts/2024/linux-alternatives.md
https://github.com/arduino/arduino-ide,retained,reachable,HTTP GET,200,,2026-10-07T19:50:10.013113+00:00,https://github.com/arduino/arduino-ide,,src/content/posts/2024/linux-alternatives.md
https://github.com/ares-emulator/ares,retained,reachable,HTTP GET,200,,2026-10-07T19:51:06.404965+00:00,https://github.com/ares-emulator/ares,,src/content/posts/2024/linux-alternatives.md
https://github.com/aria2/aria2,retained,reachable,HTTP GET,200,,2026-10-07T19:52:25.742491+00:00,https://github.com/aria2/aria2,,src/content/posts/2024/linux-alternatives.md
https://github.com/aristocratos/bpytop,retained,reachable,HTTP GET,200,,2026-10-07T19:53:30.138853+00:00,https://github.com/aristocratos/bpytop,,src/content/posts/2024/linux-alternatives.md
https://github.com/aristocratos/btop,retained,reachable,HTTP GET,200,,2026-10-07T19:53:30.386670+00:00,https://github.com/aristocratos/btop,,src/content/posts/2024/linux-alternatives.md
https://github.com/asciinema/asciinema,retained,reachable,HTTP GET,200,,2026-10-07T19:51:26.585876+00:00,https://github.com/asciinema/asciinema,,src/content/posts/2024/linux-alternatives.md
https://github.com/aseprite/aseprite/,retained,reachable,HTTP GET,200,,2026-10-07T19:51:15.114857+00:00,https://github.com/aseprite/aseprite/,,src/content/posts/2024/linux-alternatives.md
https://github.com/athityakumar/colorls,retained,reachable,HTTP GET,200,,2026-10-07T19:53:37.329072+00:00,https://github.com/athityakumar/colorls,,src/content/posts/2024/linux-alternatives.md
https://github.com/audacity/audacity,retained,reachable,HTTP GET,200,,2026-10-07T19:49:05.906942+00:00,https://github.com/audacity/audacity,,src/content/posts/2024/linux-alternatives.md
https://github.com/authpass/authpass,retained,reachable,HTTP GET,200,,2026-10-07T19:52:15.931337+00:00,https://github.com/authpass/authpass,,src/content/posts/2024/linux-alternatives.md
https://github.com/autokey/autokey,retained,reachable,HTTP GET,200,,2026-10-07T19:51:48.552234+00:00,https://github.com/autokey/autokey,,src/content/posts/2024/linux-alternatives.md
https://github.com/awesomeWM/awesome,retained,reachable,HTTP GET,200,,2026-10-07T19:54:04.971076+00:00,https://github.com/awesomeWM/awesome,,src/content/posts/2024/linux-alternatives.md
https://github.com/babluboy/bookworm,retained,reachable,HTTP GET,200,,2026-10-07T19:50:22.666500+00:00,https://github.com/babluboy/bookworm,,src/content/posts/2024/linux-alternatives.md
https://github.com/balena-io/etcher,retained,reachable,HTTP GET,200,,2026-10-07T19:52:50.275830+00:00,https://github.com/balena-io/etcher,,src/content/posts/2024/linux-alternatives.md
https://github.com/baskerville/bspwm,retained,reachable,HTTP GET,200,,2026-10-07T19:54:02.474591+00:00,https://github.com/baskerville/bspwm,,src/content/posts/2024/linux-alternatives.md
https://github.com/baskerville/bspwm/wiki,retained,reachable,HTTP GET,200,,2026-10-07T19:54:02.855261+00:00,https://github.com/baskerville/bspwm/wiki,,src/content/posts/2024/linux-alternatives.md
https://github.com/bayasdev/envycontrol,introduced,reachable,HTTP GET,200,,2026-10-07T19:54:45.525345+00:00,https://github.com/bayasdev/envycontrol,,src/content/posts/2022/laptop-power-management.md
https://github.com/bazaar-org/bazaar,retained,reachable,HTTP GET,200,,2026-10-07T19:54:25.604400+00:00,https://github.com/bazaar-org/bazaar,,src/content/posts/2026/top-linux-distros.md
https://github.com/bbidulock/blackboxwm,retained,reachable,HTTP GET,200,,2026-10-07T19:54:00.329072+00:00,https://github.com/bbidulock/blackboxwm,,src/content/posts/2024/linux-alternatives.md
https://github.com/bbidulock/xdm,retained,reachable,HTTP GET,200,,2026-10-07T19:53:57.952575+00:00,https://github.com/bbidulock/xdm,,src/content/posts/2024/linux-alternatives.md
https://github.com/beastsongithub/AwesomeWMRice,retained,reachable,HTTP GET,200,,2026-10-07T19:48:56.992519+00:00,https://github.com/beastsongithub/AwesomeWMRice,,src/content/posts/2023/the-perfect-system.md
https://github.com/beetbox/beets,retained,reachable,HTTP GET,200,,2026-10-07T19:49:11.520615+00:00,https://github.com/beetbox/beets,,src/content/posts/2024/linux-alternatives.md
https://github.com/benjamimgois/goverlay,retained,reachable,HTTP GET,200,,2026-10-07T19:50:59.387840+00:00,https://github.com/benjamimgois/goverlay,,src/content/posts/2024/linux-alternatives.md
https://github.com/bevyengine/bevy,retained,reachable,HTTP GET,200,,2026-10-07T19:50:02.111294+00:00,https://github.com/bevyengine/bevy,,src/content/posts/2024/linux-alternatives.md
https://github.com/bibletime/bibletime,retained,reachable,HTTP GET,200,,2026-10-07T19:50:28.561007+00:00,https://github.com/bibletime/bibletime,,src/content/posts/2024/linux-alternatives.md
https://github.com/bilelmoussaoui/Hardcode-Tray,retained,reachable,HTTP GET,200,,2026-10-07T19:49:52.183921+00:00,https://github.com/bilelmoussaoui/Hardcode-Tray,,src/content/posts/2024/linux-alternatives.md
https://github.com/billiob/terminology,removed-or-replaced,reachable,HTTP GET,200,,2026-10-07T19:52:36.687483+00:00,https://github.com/borisfaure/terminology,,src/content/posts/2024/linux-alternatives.md
https://github.com/bit-team/backintime/,retained,reachable,HTTP GET,200,,2026-10-07T19:49:37.571047+00:00,https://github.com/bit-team/backintime/,,src/content/posts/2024/linux-alternatives.md
https://github.com/bitwarden,retained,reachable,HTTP GET,200,,2026-10-07T19:52:16.545271+00:00,https://github.com/bitwarden,,src/content/posts/2024/linux-alternatives.md
https://github.com/bleachbit/bleachbit,retained,reachable,HTTP GET,200,,2026-10-07T19:52:54.104395+00:00,https://github.com/bleachbit/bleachbit,,src/content/posts/2024/linux-alternatives.md
https://github.com/bleachbit/cleanerml,retained,reachable,HTTP GET,200,,2026-10-07T19:48:43.372629+00:00,https://github.com/bleachbit/cleanerml,,src/content/posts/2022/pros-use-bleachbit.md
https://github.com/borgbase/vorta,retained,reachable,HTTP GET,200,,2026-10-07T19:49:40.653689+00:00,https://github.com/borgbase/vorta,,src/content/posts/2024/linux-alternatives.md
https://github.com/borisfaure/terminology,introduced,reachable,HTTP GET,200,,2026-10-07T19:55:03.369045+00:00,https://github.com/borisfaure/terminology,,src/content/posts/2024/linux-alternatives.md
https://github.com/bottlesdevs/,retained,reachable,HTTP GET,200,,2026-10-07T19:50:54.504322+00:00,https://github.com/bottlesdevs/,,src/content/posts/2024/linux-alternatives.md
https://github.com/brave/brave-browser,retained,reachable,HTTP GET,200,,2026-10-07T19:51:34.377624+00:00,https://github.com/brave/brave-browser,,src/content/posts/2024/linux-alternatives.md
https://github.com/brndnmtthws/conky,retained,reachable,HTTP GET,200,,2026-10-07T19:49:50.974866+00:00,https://github.com/brndnmtthws/conky,,src/content/posts/2024/linux-alternatives.md
https://github.com/bup/bup,retained,reachable,HTTP GET,200,,2026-10-07T19:49:38.009727+00:00,https://github.com/bup/bup,,src/content/posts/2024/linux-alternatives.md
https://github.com/busyloop/lolcat,retained,reachable,HTTP GET,200,,2026-10-07T19:53:41.449358+00:00,https://github.com/busyloop/lolcat,,src/content/posts/2024/linux-alternatives.md
https://github.com/buttercup/buttercup-desktop,retained,reachable,HTTP GET,200,,2026-10-07T19:52:16.649291+00:00,https://github.com/buttercup/buttercup-desktop,,src/content/posts/2024/linux-alternatives.md
https://github.com/bylee20/bomi,introduced,reachable,HTTP GET,200,,2026-10-07T19:55:06.073512+00:00,https://github.com/bylee20/bomi,,src/content/posts/2024/linux-alternatives.md
https://github.com/byuu/higan,retained,reachable,HTTP GET,200,,2026-10-07T19:51:07.094009+00:00,https://github.com/byuu/higan,,src/content/posts/2024/linux-alternatives.md
https://github.com/c0re100/qBittorrent-Enhanced-Edition,retained,reachable,HTTP GET,200,,2026-10-07T19:52:31.425368+00:00,https://github.com/c0re100/qBittorrent-Enhanced-Edition,,src/content/posts/2024/linux-alternatives.md
https://github.com/caarlos0/twitter-cleaner,retained,reachable,HTTP GET,200,,2026-10-07T19:48:48.362041+00:00,https://github.com/caarlos0/twitter-cleaner,,src/content/posts/2022/twitter-archive.md
https://github.com/cachedcapybara/Awesome-Linux-Software-zh_CN,introduced,reachable,HTTP GET,200,,2026-10-07T19:54:48.157785+00:00,https://github.com/cachedcapybara/Awesome-Linux-Software-zh_CN,,src/content/posts/2024/linux-alternatives.md
https://github.com/catppuccin,retained,reachable,HTTP GET,200,,2026-10-07T19:49:46.152662+00:00,https://github.com/catppuccin,,src/content/posts/2024/linux-alternatives.md
https://github.com/cboxdoerfer/fsearch,retained,reachable,HTTP GET,200,,2026-10-07T19:51:52.336824+00:00,https://github.com/cboxdoerfer/fsearch,,src/content/posts/2024/linux-alternatives.md
https://github.com/cdown/dwm,retained,reachable,HTTP GET,200,,2026-10-07T19:54:05.282206+00:00,https://github.com/cdown/dwm,,src/content/posts/2024/linux-alternatives.md
https://github.com/celluloid-player/celluloid,retained,reachable,HTTP GET,200,,2026-10-07T19:53:13.778372+00:00,https://github.com/celluloid-player/celluloid,,src/content/posts/2024/linux-alternatives.md
https://github.com/cemu-project/Cemu,retained,reachable,HTTP GET,200,,2026-10-07T19:51:09.878470+00:00,https://github.com/cemu-project/Cemu,,src/content/posts/2024/linux-alternatives.md
https://github.com/cerebroapp/cerebro,introduced,reachable,HTTP GET,200,,2026-10-07T19:54:58.488675+00:00,https://github.com/cerebroapp/cerebro,,src/content/posts/2024/linux-alternatives.md
https://github.com/cgsecurity/testdisk,retained,reachable,HTTP GET,200,,2026-10-07T19:49:39.082869+00:00,https://github.com/cgsecurity/testdisk,,src/content/posts/2024/linux-alternatives.md
https://github.com/chamfay/Curlew,retained,reachable,HTTP GET,200,,2026-10-07T19:53:00.286285+00:00,https://github.com/chamfay/Curlew,,src/content/posts/2024/linux-alternatives.md
https://github.com/charmbracelet/glow,retained,reachable,HTTP GET,200,,2026-10-07T19:53:03.271632+00:00,https://github.com/charmbracelet/glow,,src/content/posts/2024/linux-alternatives.md
https://github.com/charmbracelet/vhs,retained,reachable,HTTP GET,200,,2026-10-07T19:53:47.492449+00:00,https://github.com/charmbracelet/vhs,,src/content/posts/2024/linux-alternatives.md
https://github.com/chatterino/chatterino2,retained,reachable,HTTP GET,200,,2026-10-07T19:49:27.293340+00:00,https://github.com/chatterino/chatterino2,,src/content/posts/2024/linux-alternatives.md
https://github.com/chatty/chatty,retained,reachable,HTTP GET,200,,2026-10-07T19:49:27.636051+00:00,https://github.com/chatty/chatty,,src/content/posts/2024/linux-alternatives.md
https://github.com/cheat/cheat,retained,reachable,HTTP GET,200,,2026-10-07T19:53:00.230025+00:00,https://github.com/cheat/cheat,,src/content/posts/2024/linux-alternatives.md
https://github.com/cheesecakeufo/komorebi,removed-or-replaced,reachable,HTTP GET,200,,2026-10-07T19:53:05.161337+00:00,https://github.com/christianloopp/komorebi,,src/content/posts/2024/linux-alternatives.md
https://github.com/christianloopp/komorebi,introduced,reachable,HTTP GET,200,,2026-10-07T19:55:05.423996+00:00,https://github.com/christianloopp/komorebi,,src/content/posts/2024/linux-alternatives.md
https://github.com/christitustech,retained,reachable,HTTP GET,200,,2026-10-07T19:48:31.568284+00:00,https://github.com/christitustech,,src/content/posts/2022/be-a-better-programmer.md
https://github.com/christitustech/Neovim,retained,reachable,HTTP GET,200,,2026-10-07T19:48:41.238307+00:00,https://github.com/christitustech/Neovim,,src/content/posts/2022/neovim-is-better.md
https://github.com/christitustech/bootloader-themes,retained,reachable,HTTP GET,200,,2026-10-07T19:48:29.328546+00:00,https://github.com/christitustech/bootloader-themes,,src/content/posts/2021/bootloader-themes.md
https://github.com/christitustech/christitustech,retained,reachable,HTTP GET,200,,2026-10-07T19:48:31.884284+00:00,https://github.com/christitustech/christitustech,,src/content/posts/2022/be-a-better-programmer.md
https://github.com/christitustech/dwm-titus,retained,reachable,HTTP GET,200,,2026-10-07T19:54:26.800762+00:00,https://github.com/christitustech/dwm-titus,,src/content/posts/2026/what-can-AI-do-in-2026.md
https://github.com/christitustech/mybash,retained,reachable,HTTP GET,200,,2026-10-07T19:48:32.232758+00:00,https://github.com/christitustech/mybash,,src/content/posts/2022/beautiful-bash.md;src/content/posts/2024/mybash.md
https://github.com/christitustech/titusbooks,retained,reachable,HTTP GET,200,,2026-10-07T19:54:27.886763+00:00,https://github.com/christitustech/titusbooks,,src/content/posts/2026/what-can-AI-do-in-2026.md
https://github.com/christitustech/winutil,retained,reachable,HTTP GET,200,,2026-10-07T19:48:52.253213+00:00,https://github.com/christitustech/winutil,,src/content/posts/2023/do-not-makes-these-github-mistakes.md;src/content/posts/2024/home-theater-pc.md
https://github.com/chronitis/curseradio,retained,reachable,HTTP GET,200,,2026-10-07T19:49:21.463689+00:00,https://github.com/chronitis/curseradio,,src/content/posts/2024/linux-alternatives.md
https://github.com/ciderapp/cider,retained,reachable,HTTP GET,200,,2026-10-07T19:49:12.217439+00:00,https://github.com/ciderapp/cider,,src/content/posts/2024/linux-alternatives.md
https://github.com/cinelerra-cv-team/cinelerra-cv,retained,reachable,HTTP GET,200,,2026-10-07T19:51:32.098999+00:00,https://github.com/cinelerra-cv-team/cinelerra-cv,,src/content/posts/2024/linux-alternatives.md
https://github.com/clementine-player/Clementine,retained,reachable,HTTP GET,200,,2026-10-07T19:49:12.505444+00:00,https://github.com/clementine-player/Clementine,,src/content/posts/2024/linux-alternatives.md
https://github.com/cmus/cmus,retained,reachable,HTTP GET,200,,2026-10-07T19:49:12.985795+00:00,https://github.com/cmus/cmus,,src/content/posts/2024/linux-alternatives.md
https://github.com/coastalwhite/lemurs,retained,reachable,HTTP GET,200,,2026-10-07T19:53:54.766031+00:00,https://github.com/coastalwhite/lemurs,,src/content/posts/2024/linux-alternatives.md
https://github.com/code-charity/youtube,retained,reachable,HTTP GET,200,,2026-10-07T19:49:01.840751+00:00,https://github.com/code-charity/youtube,,src/content/posts/2024/improve-youtube.md
https://github.com/codic12/worm,retained,reachable,HTTP GET,200,,2026-10-07T19:54:06.147583+00:00,https://github.com/codic12/worm,,src/content/posts/2024/linux-alternatives.md
https://github.com/codito/gnome-pomodoro,removed-or-replaced,reachable,HTTP GET,200,,2026-10-07T19:52:04.397031+00:00,https://github.com/focustimerhq/FocusTimer,,src/content/posts/2024/linux-alternatives.md
https://github.com/coelckers/gzdoom,removed-or-replaced,reachable,HTTP GET,200,,2026-10-07T19:50:45.741493+00:00,https://github.com/ZDoom/gzdoom,,src/content/posts/2024/linux-alternatives.md
https://github.com/colinkeenan/silentcast,retained,reachable,HTTP GET,200,,2026-10-07T19:51:29.318929+00:00,https://github.com/colinkeenan/silentcast,,src/content/posts/2024/linux-alternatives.md
https://github.com/colobot,retained,reachable,HTTP GET,200,,2026-10-07T19:50:29.590836+00:00,https://github.com/colobot,,src/content/posts/2024/linux-alternatives.md
https://github.com/conformal/spectrwm,retained,reachable,HTTP GET,200,,2026-10-07T19:54:06.010666+00:00,https://github.com/conformal/spectrwm,,src/content/posts/2024/linux-alternatives.md
https://github.com/containers/toolbox,retained,reachable,HTTP GET,200,,2026-10-07T19:52:13.183184+00:00,https://github.com/containers/toolbox,,src/content/posts/2024/linux-alternatives.md
https://github.com/contour-terminal/contour/,retained,reachable,HTTP GET,200,,2026-10-07T19:52:32.703958+00:00,https://github.com/contour-terminal/contour/,,src/content/posts/2024/linux-alternatives.md
https://github.com/corpnewt/GenSMBIOS,retained,reachable,HTTP GET,200,,2026-10-07T19:48:25.707057+00:00,https://github.com/corpnewt/GenSMBIOS,,src/content/posts/2020/opencore-mac.md
https://github.com/corpnewt/ProperTree,retained,reachable,HTTP GET,200,,2026-10-07T19:48:24.911795+00:00,https://github.com/corpnewt/ProperTree,,src/content/posts/2020/opencore-mac.md
https://github.com/corpnewt/SSDTTime,retained,reachable,HTTP GET,200,,2026-10-07T19:48:25.299452+00:00,https://github.com/corpnewt/SSDTTime,,src/content/posts/2020/opencore-mac.md
https://github.com/corpnewt/gibMacOS,retained,reachable,HTTP GET,200,,2026-10-07T19:48:24.270059+00:00,https://github.com/corpnewt/gibMacOS,,src/content/posts/2020/opencore-mac.md
https://github.com/cosmos72/twin,retained,reachable,HTTP GET,200,,2026-10-07T19:52:38.365255+00:00,https://github.com/cosmos72/twin,,src/content/posts/2024/linux-alternatives.md
https://github.com/cosmos72/twin/,retained,reachable,HTTP GET,200,,2026-10-07T19:52:38.711161+00:00,https://github.com/cosmos72/twin/,,src/content/posts/2024/linux-alternatives.md
https://github.com/costales/anoise,retained,reachable,HTTP GET,200,,2026-10-07T19:51:53.223275+00:00,https://github.com/costales/anoise,,src/content/posts/2024/linux-alternatives.md
https://github.com/costales/gufw,retained,reachable,HTTP GET,200,,2026-10-07T19:52:14.640651+00:00,https://github.com/costales/gufw,,src/content/posts/2024/linux-alternatives.md
https://github.com/crosire/reshade-shaders,retained,reachable,HTTP GET,200,,2026-10-07T19:54:11.996941+00:00,https://github.com/crosire/reshade-shaders,,src/content/posts/2025/setting-up-reshade-on-linux.md
https://github.com/crosire/reshade-shaders.git,retained,reachable,HTTP GET,200,,2026-10-07T19:54:12.047920+00:00,https://github.com/crosire/reshade-shaders,,src/content/posts/2025/setting-up-reshade-on-linux.md
https://github.com/cryptomator/cryptomator,retained,reachable,HTTP GET,200,,2026-10-07T19:52:20.954475+00:00,https://github.com/cryptomator/cryptomator,,src/content/posts/2024/linux-alternatives.md
https://github.com/cxong/cdogs-sdl,retained,reachable,HTTP GET,200,,2026-10-07T19:50:53.667261+00:00,https://github.com/cxong/cdogs-sdl,,src/content/posts/2024/linux-alternatives.md
https://github.com/cylgom/ly,removed-or-replaced,reachable,HTTP GET,200,,2026-10-07T19:53:55.422976+00:00,https://github.com/fairyglade/ly,,src/content/posts/2024/linux-alternatives.md
https://github.com/cytopia/devilbox,retained,reachable,HTTP GET,200,,2026-10-07T19:50:16.520231+00:00,https://github.com/cytopia/devilbox,,src/content/posts/2024/linux-alternatives.md
https://github.com/dail8859/NotepadNext,retained,reachable,HTTP GET,200,,2026-10-07T19:52:48.955980+00:00,https://github.com/dail8859/NotepadNext,,src/content/posts/2024/linux-alternatives.md
https://github.com/damentz/liquorix-package,retained,reachable,HTTP GET,200,,2026-10-07T19:53:49.785571+00:00,https://github.com/damentz/liquorix-package,,src/content/posts/2024/linux-alternatives.md
https://github.com/danakj/openbox,retained,reachable,HTTP GET,200,,2026-10-07T19:54:01.878355+00:00,https://github.com/danakj/openbox,,src/content/posts/2024/linux-alternatives.md
https://github.com/danchoi/vmail,retained,reachable,HTTP GET,200,,2026-10-07T19:50:35.179856+00:00,https://github.com/danchoi/vmail,,src/content/posts/2024/linux-alternatives.md
https://github.com/dani-garcia/vaultwarden,retained,reachable,HTTP GET,200,,2026-10-07T19:52:18.427960+00:00,https://github.com/dani-garcia/vaultwarden,,src/content/posts/2024/linux-alternatives.md
https://github.com/daniruiz/Flat-Remix,retained,reachable,HTTP GET,200,,2026-10-07T19:49:41.614493+00:00,https://github.com/daniruiz/Flat-Remix,,src/content/posts/2024/linux-alternatives.md
https://github.com/daniruiz/Flat-Remix-GTK,retained,reachable,HTTP GET,200,,2026-10-07T19:49:46.782281+00:00,https://github.com/daniruiz/Flat-Remix-GTK,,src/content/posts/2024/linux-alternatives.md
https://github.com/darktable-org/darktable,retained,reachable,HTTP GET,200,,2026-10-07T19:51:18.721556+00:00,https://github.com/darktable-org/darktable,,src/content/posts/2024/linux-alternatives.md
https://github.com/davatorium/rofi,retained,reachable,HTTP GET,200,,2026-10-07T19:53:09.171818+00:00,https://github.com/davatorium/rofi,,src/content/posts/2024/linux-alternatives.md
https://github.com/davvid/lightdm,removed-or-replaced,missing,HTTP GET,404,,2026-10-07T19:53:56.418519+00:00,https://github.com/davvid/lightdm,,src/content/posts/2024/linux-alternatives.md
https://github.com/dbcli/mycli,retained,reachable,HTTP GET,200,,2026-10-07T19:49:56.735112+00:00,https://github.com/dbcli/mycli,,src/content/posts/2024/linux-alternatives.md
https://github.com/dbcli/pgcli,retained,reachable,HTTP GET,200,,2026-10-07T19:50:00.344638+00:00,https://github.com/dbcli/pgcli,,src/content/posts/2024/linux-alternatives.md
https://github.com/dbeaver/dbeaver,retained,reachable,HTTP GET,200,,2026-10-07T19:49:55.825313+00:00,https://github.com/dbeaver/dbeaver,,src/content/posts/2024/linux-alternatives.md
https://github.com/dbrgn/tealdeer,removed-or-replaced,reachable,HTTP GET,200,,2026-10-07T19:53:46.006647+00:00,https://github.com/tealdeer-rs/tealdeer,,src/content/posts/2024/linux-alternatives.md
https://github.com/debauchee/barrier/,retained,reachable,HTTP GET,200,,2026-10-07T19:52:30.271421+00:00,https://github.com/debauchee/barrier/,,src/content/posts/2024/linux-alternatives.md
https://github.com/deepjyoti30/ytmdl,retained,reachable,HTTP GET,200,,2026-10-07T19:53:28.881434+00:00,https://github.com/deepjyoti30/ytmdl,,src/content/posts/2024/linux-alternatives.md
https://github.com/defold/defold,retained,reachable,HTTP GET,200,,2026-10-07T19:50:02.560108+00:00,https://github.com/defold/defold,,src/content/posts/2024/linux-alternatives.md
https://github.com/denisidoro/navi,retained,reachable,HTTP GET,200,,2026-10-07T19:53:42.165299+00:00,https://github.com/denisidoro/navi,,src/content/posts/2024/linux-alternatives.md
https://github.com/dev47apps/droidcam,removed-or-replaced,reachable,HTTP GET,200,,2026-10-07T19:53:00.817771+00:00,https://github.com/dev47apps/droidcam-linux-client,,src/content/posts/2024/linux-alternatives.md
https://github.com/dev47apps/droidcam-linux-client,introduced,reachable,HTTP GET,200,,2026-10-07T19:55:04.813645+00:00,https://github.com/dev47apps/droidcam-linux-client,,src/content/posts/2024/linux-alternatives.md
https://github.com/deviantfero/wpgtk,retained,reachable,HTTP GET,200,,2026-10-07T19:49:53.838806+00:00,https://github.com/deviantfero/wpgtk,,src/content/posts/2024/linux-alternatives.md
https://github.com/dialect-app/dialect/,retained,reachable,HTTP GET,200,,2026-10-07T19:50:16.917872+00:00,https://github.com/dialect-app/dialect/,,src/content/posts/2024/linux-alternatives.md
https://github.com/dino/dino,retained,reachable,HTTP GET,200,,2026-10-07T19:49:32.939602+00:00,https://github.com/dino/dino,,src/content/posts/2024/linux-alternatives.md
https://github.com/docker/desktop-linux,retained,reachable,HTTP GET,200,,2026-10-07T19:50:17.392764+00:00,https://github.com/docker/desktop-linux,,src/content/posts/2024/linux-alternatives.md
https://github.com/dokuwiki/dokuwiki,introduced,reachable,HTTP GET,200,,2026-10-07T19:55:06.783984+00:00,https://github.com/dokuwiki/dokuwiki,,src/content/posts/2024/linux-alternatives.md
https://github.com/dolphin-emu/dolphin,retained,reachable,HTTP GET,200,,2026-10-07T19:51:10.598096+00:00,https://github.com/dolphin-emu/dolphin,,src/content/posts/2024/linux-alternatives.md
https://github.com/dopsi/console-tdm,retained,reachable,HTTP GET,200,,2026-10-07T19:53:54.141536+00:00,https://github.com/dopsi/console-tdm,,src/content/posts/2024/linux-alternatives.md
https://github.com/dosbox-staging/dosbox-staging,retained,reachable,HTTP GET,200,,2026-10-07T19:50:58.938328+00:00,https://github.com/dosbox-staging/dosbox-staging,,src/content/posts/2024/linux-alternatives.md
https://github.com/dracula/gtk,retained,reachable,HTTP GET,200,,2026-10-07T19:49:46.471106+00:00,https://github.com/dracula/gtk,,src/content/posts/2024/linux-alternatives.md
https://github.com/dragoonDorise/EmuDeck,retained,reachable,HTTP GET,200,,2026-10-07T19:51:06.765022+00:00,https://github.com/dragoonDorise/EmuDeck,,src/content/posts/2024/linux-alternatives.md
https://github.com/dreamer/boxtron,retained,reachable,HTTP GET,200,,2026-10-07T19:50:57.706177+00:00,https://github.com/dreamer/boxtron,,src/content/posts/2024/linux-alternatives.md
https://github.com/dreamer/luxtorpeda/,retained,reachable,HTTP GET,200,,2026-10-07T19:54:29.157806+00:00,https://github.com/dreamer/luxtorpeda/,,src/content/posts/old/ideas.md
https://github.com/dreamer/roberta,retained,reachable,HTTP GET,200,,2026-10-07T19:51:00.701611+00:00,https://github.com/dreamer/roberta,,src/content/posts/2024/linux-alternatives.md
https://github.com/drwhut/tabletop-club,retained,reachable,HTTP GET,200,,2026-10-07T19:50:48.468317+00:00,https://github.com/drwhut/tabletop-club,,src/content/posts/2024/linux-alternatives.md
https://github.com/dvershinin/green-recorder,retained,reachable,HTTP GET,200,,2026-10-07T19:51:26.877115+00:00,https://github.com/dvershinin/green-recorder,,src/content/posts/2024/linux-alternatives.md
https://github.com/dvorka/mindforger,retained,reachable,HTTP GET,200,,2026-10-07T19:51:58.671264+00:00,https://github.com/dvorka/mindforger,,src/content/posts/2024/linux-alternatives.md
https://github.com/dylanaraps/neofetch,retained,reachable,HTTP GET,200,,2026-10-07T19:53:33.098556+00:00,https://github.com/dylanaraps/neofetch,,src/content/posts/2024/linux-alternatives.md
https://github.com/dylanaraps/pfetch,retained,reachable,HTTP GET,200,,2026-10-07T19:53:33.758240+00:00,https://github.com/dylanaraps/pfetch,,src/content/posts/2024/linux-alternatives.md
https://github.com/dylanaraps/pywal,retained,reachable,HTTP GET,200,,2026-10-07T19:53:43.330701+00:00,https://github.com/dylanaraps/pywal,,src/content/posts/2024/linux-alternatives.md
https://github.com/ebruck/radiotray-ng,retained,reachable,HTTP GET,200,,2026-10-07T19:49:21.785846+00:00,https://github.com/ebruck/radiotray-ng,,src/content/posts/2024/linux-alternatives.md
https://github.com/element-hq/element-web,introduced,reachable,HTTP GET,200,,2026-10-07T19:54:49.444668+00:00,https://github.com/element-hq/element-web,,src/content/posts/2024/linux-alternatives.md
https://github.com/emacs-mirror/emacs,retained,reachable,HTTP GET,200,,2026-10-07T19:52:44.756714+00:00,https://github.com/emacs-mirror/emacs,,src/content/posts/2024/linux-alternatives.md
https://github.com/eniqiz/Awesome-Linux-Software-zh_CN,removed-or-replaced,reachable,HTTP GET,200,,2026-10-07T19:49:03.277278+00:00,https://github.com/cachedcapybara/Awesome-Linux-Software-zh_CN,,src/content/posts/2024/linux-alternatives.md
https://github.com/enzo1982/freac,retained,reachable,HTTP GET,200,,2026-10-07T19:49:23.394372+00:00,https://github.com/enzo1982/freac,,src/content/posts/2024/linux-alternatives.md
https://github.com/esjeon/krohnkite,retained,reachable,HTTP GET,200,,2026-10-07T19:54:05.658782+00:00,https://github.com/esjeon/krohnkite,,src/content/posts/2024/linux-alternatives.md
https://github.com/espanso/espanso,introduced,reachable,HTTP GET,200,,2026-10-07T19:54:58.251270+00:00,https://github.com/espanso/espanso,,src/content/posts/2024/linux-alternatives.md
https://github.com/eteran/edb-debugger,retained,reachable,HTTP GET,200,,2026-10-07T19:52:19.214804+00:00,https://github.com/eteran/edb-debugger,,src/content/posts/2024/linux-alternatives.md
https://github.com/evertiro/cdm,retained,reachable,HTTP GET,200,,2026-10-07T19:53:54.060980+00:00,https://github.com/evertiro/cdm,,src/content/posts/2024/linux-alternatives.md
https://github.com/evilsocket/opensnitch,retained,reachable,HTTP GET,200,,2026-10-07T19:52:14.965771+00:00,https://github.com/evilsocket/opensnitch,,src/content/posts/2024/linux-alternatives.md;src/content/posts/2026/check-network-security.md
https://github.com/evolus/pencil,retained,reachable,HTTP GET,200,,2026-10-07T19:50:19.774929+00:00,https://github.com/evolus/pencil,,src/content/posts/2024/linux-alternatives.md
https://github.com/fabiocolacio/Marker,retained,reachable,HTTP GET,200,,2026-10-07T19:51:44.407027+00:00,https://github.com/fabiocolacio/Marker,,src/content/posts/2024/linux-alternatives.md
https://github.com/facebook/PathPicker,retained,reachable,HTTP GET,200,,2026-10-07T19:53:43.232920+00:00,https://github.com/facebook/PathPicker,,src/content/posts/2024/linux-alternatives.md
https://github.com/fail2ban/fail2ban,retained,reachable,HTTP GET,200,,2026-10-07T19:52:21.290115+00:00,https://github.com/fail2ban/fail2ban,,src/content/posts/2024/linux-alternatives.md
https://github.com/fairyglade/ly,introduced,reachable,HTTP GET,200,,2026-10-07T20:07:32.132134+00:00,https://github.com/fairyglade/ly,,src/content/posts/2024/linux-alternatives.md
https://github.com/farag2/Sophia-Script-for-Windows,introduced,reachable,HTTP GET,200,,2026-10-07T19:54:45.006532+00:00,https://github.com/farag2/Sophia-Script-for-Windows,,src/content/posts/2020/debloat-windows10-2020.md
https://github.com/farag2/Windows-10-Setup-Script,removed-or-replaced,reachable,HTTP GET,200,,2026-10-07T19:48:20.370798+00:00,https://github.com/farag2/Sophia-Script-for-Windows,,src/content/posts/2020/debloat-windows10-2020.md
https://github.com/fastrizwaan/WineZGUI/,retained,reachable,HTTP GET,200,,2026-10-07T19:51:02.873070+00:00,https://github.com/fastrizwaan/WineZGUI/,,src/content/posts/2024/linux-alternatives.md
https://github.com/federico-terzi/espanso,removed-or-replaced,reachable,HTTP GET,200,,2026-10-07T19:51:49.588612+00:00,https://github.com/espanso/espanso,,src/content/posts/2024/linux-alternatives.md
https://github.com/federicotorrielli/Daily-Reddit-Wallpaper,retained,reachable,HTTP GET,200,,2026-10-07T19:53:22.477757+00:00,https://github.com/federicotorrielli/Daily-Reddit-Wallpaper,,src/content/posts/2024/linux-alternatives.md
https://github.com/fenrus75/powertop,retained,reachable,HTTP GET,200,,2026-10-07T19:53:07.797324+00:00,https://github.com/fenrus75/powertop,,src/content/posts/2024/linux-alternatives.md
https://github.com/ferdium/ferdium-app,retained,reachable,HTTP GET,200,,2026-10-07T19:49:28.630595+00:00,https://github.com/ferdium/ferdium-app,,src/content/posts/2024/linux-alternatives.md
https://github.com/firehol/blocklist-ipsets,retained,reachable,HTTP GET,200,,2026-10-07T19:52:23.479682+00:00,https://github.com/firehol/blocklist-ipsets,,src/content/posts/2024/linux-alternatives.md
https://github.com/firehol/firehol,retained,reachable,HTTP GET,200,,2026-10-07T19:52:13.942349+00:00,https://github.com/firehol/firehol,,src/content/posts/2024/linux-alternatives.md
https://github.com/firehol/iprange,retained,reachable,HTTP GET,200,,2026-10-07T19:52:21.784225+00:00,https://github.com/firehol/iprange,,src/content/posts/2024/linux-alternatives.md
https://github.com/firewalld/firewalld,retained,reachable,HTTP GET,200,,2026-10-07T19:52:14.229859+00:00,https://github.com/firewalld/firewalld,,src/content/posts/2024/linux-alternatives.md
https://github.com/fish-shell/fish-shell,retained,reachable,HTTP GET,200,,2026-10-07T19:50:12.034593+00:00,https://github.com/fish-shell/fish-shell,,src/content/posts/2024/linux-alternatives.md
https://github.com/flameshot-org/flameshot,introduced,reachable,HTTP GET,200,,2026-10-07T19:54:55.978916+00:00,https://github.com/flameshot-org/flameshot,,src/content/posts/2024/linux-alternatives.md
https://github.com/flareteam/flare-engine,retained,reachable,HTTP GET,200,,2026-10-07T19:50:49.180725+00:00,https://github.com/flareteam/flare-engine,,src/content/posts/2024/linux-alternatives.md
https://github.com/flightlessmango/MangoHud,retained,reachable,HTTP GET,200,,2026-10-07T19:51:00.298023+00:00,https://github.com/flightlessmango/MangoHud,,src/content/posts/2024/linux-alternatives.md
https://github.com/fluxbox/fluxbox,retained,reachable,HTTP GET,200,,2026-10-07T19:54:01.469075+00:00,https://github.com/fluxbox/fluxbox,,src/content/posts/2024/linux-alternatives.md
https://github.com/focustimerhq/FocusTimer,introduced,reachable,HTTP GET,200,,2026-10-07T19:55:00.179002+00:00,https://github.com/focustimerhq/FocusTimer,,src/content/posts/2024/linux-alternatives.md
https://github.com/fontforge/fontforge,retained,reachable,HTTP GET,200,,2026-10-07T19:53:20.778250+00:00,https://github.com/fontforge/fontforge,,src/content/posts/2024/linux-alternatives.md
https://github.com/fossfreedom/indicator-sysmonitor,retained,reachable,HTTP GET,200,,2026-10-07T19:52:58.192074+00:00,https://github.com/fossfreedom/indicator-sysmonitor,,src/content/posts/2024/linux-alternatives.md
https://github.com/foxlet/macOS-Simple-KVM,retained,reachable,HTTP GET,200,,2026-10-07T19:48:38.415961+00:00,https://github.com/foxlet/macOS-Simple-KVM,,src/content/posts/2022/macos-on-linux.md
https://github.com/foxlet/macOS-Simple-KVM/blob/master/docs/guide-passthrough.md,retained,reachable,HTTP GET,200,,2026-10-07T19:48:38.928032+00:00,https://github.com/foxlet/macOS-Simple-KVM/blob/master/docs/guide-passthrough.md,,src/content/posts/2022/macos-on-linux.md
https://github.com/foxlet/macOS-Simple-KVM/blob/master/docs/guide-screen-resolution.md,retained,reachable,HTTP GET,200,,2026-10-07T19:48:39.235763+00:00,https://github.com/foxlet/macOS-Simple-KVM/blob/master/docs/guide-screen-resolution.md,,src/content/posts/2022/macos-on-linux.md
https://github.com/fph/bastet,retained,reachable,HTTP GET,200,,2026-10-07T19:50:40.519368+00:00,https://github.com/fph/bastet,,src/content/posts/2024/linux-alternatives.md
https://github.com/freeciv/freeciv,retained,reachable,HTTP GET,200,,2026-10-07T19:50:54.360955+00:00,https://github.com/freeciv/freeciv,,src/content/posts/2024/linux-alternatives.md
https://github.com/freedoom/freedoom,retained,reachable,HTTP GET,200,,2026-10-07T19:50:44.831423+00:00,https://github.com/freedoom/freedoom,,src/content/posts/2024/linux-alternatives.md
https://github.com/fritzing/fritzing-app,retained,reachable,HTTP GET,200,,2026-10-07T19:50:10.663239+00:00,https://github.com/fritzing/fritzing-app,,src/content/posts/2024/linux-alternatives.md
https://github.com/gap-system/gap,retained,reachable,HTTP GET,200,,2026-10-07T19:50:29.995406+00:00,https://github.com/gap-system/gap,,src/content/posts/2024/linux-alternatives.md
https://github.com/gaphor/gaphor,retained,reachable,HTTP GET,200,,2026-10-07T19:50:17.646328+00:00,https://github.com/gaphor/gaphor,,src/content/posts/2024/linux-alternatives.md
https://github.com/gcla/termshark,retained,reachable,HTTP GET,200,,2026-10-07T19:52:15.811387+00:00,https://github.com/gcla/termshark,,src/content/posts/2024/linux-alternatives.md
https://github.com/gdm-settings/gdm-settings,introduced,reachable,HTTP GET,200,,2026-10-07T19:54:50.231613+00:00,https://github.com/gdm-settings/gdm-settings,,src/content/posts/2024/linux-alternatives.md
https://github.com/geminis3/EnvyControl,removed-or-replaced,reachable,HTTP GET,200,,2026-10-07T19:48:37.689883+00:00,https://github.com/bayasdev/envycontrol,,src/content/posts/2022/laptop-power-management.md
https://github.com/geogebra/geogebra,retained,reachable,HTTP GET,200,,2026-10-07T19:50:30.181281+00:00,https://github.com/geogebra/geogebra,,src/content/posts/2024/linux-alternatives.md
https://github.com/geometer/FBReader,retained,reachable,HTTP GET,200,,2026-10-07T19:50:24.612362+00:00,https://github.com/geometer/FBReader,,src/content/posts/2024/linux-alternatives.md
https://github.com/gerardog/gsudo,retained,reachable,HTTP GET,200,,2026-10-07T19:54:09.716848+00:00,https://github.com/gerardog/gsudo,,src/content/posts/2024/windows-24h2.md
https://github.com/gerardpuig/ubuntu-cleaner,retained,reachable,HTTP GET,200,,2026-10-07T19:52:55.947884+00:00,https://github.com/gerardpuig/ubuntu-cleaner,,src/content/posts/2024/linux-alternatives.md
https://github.com/ggreer/the_silver_searcher,retained,reachable,HTTP GET,200,,2026-10-07T19:53:44.796208+00:00,https://github.com/ggreer/the_silver_searcher,,src/content/posts/2024/linux-alternatives.md
https://github.com/gijsdev/ublock-hide-yt-shorts,retained,reachable,HTTP GET,200,,2026-10-07T19:54:08.091544+00:00,https://github.com/gijsdev/ublock-hide-yt-shorts,,src/content/posts/2024/remove-youtube-shorts.md
https://github.com/gijsdev/ublock-hide-yt-shorts/blob/master/LICENSE.md,retained,reachable,HTTP GET,200,,2026-10-07T19:54:08.516707+00:00,https://github.com/gijsdev/ublock-hide-yt-shorts/blob/master/LICENSE.md,,src/content/posts/2024/remove-youtube-shorts.md
https://github.com/gilbertchen/duplicacy,retained,reachable,HTTP GET,200,,2026-10-07T19:49:38.464964+00:00,https://github.com/gilbertchen/duplicacy,,src/content/posts/2024/linux-alternatives.md
https://github.com/git-cola/git-cola,retained,reachable,HTTP GET,200,,2026-10-07T19:50:06.881349+00:00,https://github.com/git-cola/git-cola,,src/content/posts/2024/linux-alternatives.md
https://github.com/git/git,retained,reachable,HTTP GET,200,,2026-10-07T19:50:06.736411+00:00,https://github.com/git/git,,src/content/posts/2024/linux-alternatives.md
https://github.com/gitlabhq/gitlabhq,retained,reachable,HTTP GET,200,,2026-10-07T19:50:07.596052+00:00,https://github.com/gitlabhq/gitlabhq,,src/content/posts/2024/linux-alternatives.md
https://github.com/giuspen/cherrytree,retained,reachable,HTTP GET,200,,2026-10-07T19:51:56.955361+00:00,https://github.com/giuspen/cherrytree,,src/content/posts/2024/linux-alternatives.md
https://github.com/gkarsay/parlatype,retained,reachable,HTTP GET,200,,2026-10-07T19:49:17.339597+00:00,https://github.com/gkarsay/parlatype,,src/content/posts/2024/linux-alternatives.md
https://github.com/glzr-io/glazewm/releases,retained,reachable,HTTP GET,200,,2026-10-07T19:49:01.534561+00:00,https://github.com/glzr-io/glazewm/releases,,src/content/posts/2024/glazewm-tiling-window-management.md
https://github.com/gnunn1/tilix,retained,reachable,HTTP GET,200,,2026-10-07T19:52:37.799681+00:00,https://github.com/gnunn1/tilix,,src/content/posts/2024/linux-alternatives.md
https://github.com/go-gitea/,retained,reachable,HTTP GET,200,,2026-10-07T19:50:07.196559+00:00,https://github.com/go-gitea/,,src/content/posts/2024/linux-alternatives.md
https://github.com/godotengine,retained,reachable,HTTP GET,200,,2026-10-07T19:50:03.695447+00:00,https://github.com/godotengine,,src/content/posts/2024/linux-alternatives.md
https://github.com/gogs/gogs,retained,reachable,HTTP GET,200,,2026-10-07T19:50:08.607817+00:00,https://github.com/gogs/gogs,,src/content/posts/2024/linux-alternatives.md
https://github.com/gohugo-ananke/ananke,retained,reachable,HTTP GET,200,,2026-10-07T19:48:37.499735+00:00,https://github.com/gohugo-ananke/ananke,,src/content/posts/2022/how-i-setup-my-website.md
https://github.com/gohugoio/hugo,retained,reachable,HTTP GET,200,,2026-10-07T19:48:22.222526+00:00,https://github.com/gohugoio/hugo,,src/content/posts/2020/hugo-guide.md
https://github.com/google-code-export/photivo,retained,reachable,HTTP GET,200,,2026-10-07T19:51:20.076197+00:00,https://github.com/google-code-export/photivo,,src/content/posts/2024/linux-alternatives.md
https://github.com/gopasspw/gopass,retained,reachable,HTTP GET,200,,2026-10-07T19:52:17.097619+00:00,https://github.com/gopasspw/gopass,,src/content/posts/2024/linux-alternatives.md
https://github.com/gpodder/gpodder,retained,reachable,HTTP GET,200,,2026-10-07T19:49:14.032759+00:00,https://github.com/gpodder/gpodder,,src/content/posts/2024/linux-alternatives.md
https://github.com/gramps-project/gramps,retained,reachable,HTTP GET,200,,2026-10-07T19:53:03.953802+00:00,https://github.com/gramps-project/gramps,,src/content/posts/2024/linux-alternatives.md
https://github.com/gsingh93/slim-display-manager,retained,reachable,HTTP GET,200,,2026-10-07T19:53:57.506745+00:00,https://github.com/gsingh93/slim-display-manager,,src/content/posts/2024/linux-alternatives.md
https://github.com/haad/proxychains,retained,reachable,HTTP GET,200,,2026-10-07T19:52:09.071189+00:00,https://github.com/haad/proxychains,,src/content/posts/2024/linux-alternatives.md
https://github.com/haiwen/seafile,retained,reachable,HTTP GET,200,,2026-10-07T19:52:25.336878+00:00,https://github.com/haiwen/seafile,,src/content/posts/2024/linux-alternatives.md
https://github.com/hamaluik/timecop,retained,reachable,HTTP GET,200,,2026-10-07T19:52:07.849983+00:00,https://github.com/hamaluik/timecop,,src/content/posts/2024/linux-alternatives.md
https://github.com/hardentools/hardentools,introduced,reachable,HTTP GET,200,,2026-10-07T19:54:45.702708+00:00,https://github.com/hardentools/hardentools,,src/content/posts/2022/not-safe-windows.md;src/content/posts/2023/atlasos-review.md
https://github.com/harishnkr/bsol,retained,reachable,HTTP GET,200,,2026-10-07T19:48:30.497602+00:00,https://github.com/harishnkr/bsol,,src/content/posts/2021/bootloader-themes.md
https://github.com/harmonoid/harmonoid,retained,reachable,HTTP GET,200,,2026-10-07T19:49:14.410056+00:00,https://github.com/harmonoid/harmonoid,,src/content/posts/2024/linux-alternatives.md
https://github.com/hashicorp/vagrant,retained,reachable,HTTP GET,200,,2026-10-07T19:53:46.902609+00:00,https://github.com/hashicorp/vagrant,,src/content/posts/2024/linux-alternatives.md
https://github.com/haxeflixel/flixel,retained,reachable,HTTP GET,200,,2026-10-07T19:50:04.065860+00:00,https://github.com/haxeflixel/flixel,,src/content/posts/2024/linux-alternatives.md
https://github.com/helix-editor/helix,retained,reachable,HTTP GET,200,,2026-10-07T19:52:42.143228+00:00,https://github.com/helix-editor/helix,,src/content/posts/2024/linux-alternatives.md
https://github.com/henrypp/simplewall,retained,reachable,HTTP GET,200,,2026-10-07T19:54:13.675109+00:00,https://github.com/henrypp/simplewall,,src/content/posts/2026/check-network-security.md
https://github.com/heppu/gkill,retained,reachable,HTTP GET,200,,2026-10-07T19:53:40.184276+00:00,https://github.com/heppu/gkill,,src/content/posts/2024/linux-alternatives.md
https://github.com/herbstluftwm/herbstluftwm,retained,reachable,HTTP GET,200,,2026-10-07T19:54:03.569910+00:00,https://github.com/herbstluftwm/herbstluftwm,,src/content/posts/2024/linux-alternatives.md
https://github.com/heussd/fivefilters-full-text-rss-docker,retained,reachable,HTTP GET,200,,2026-10-07T19:48:50.376483+00:00,https://github.com/heussd/fivefilters-full-text-rss-docker,,src/content/posts/2022/why-we-dont-browse-the-internet-anymore.md
https://github.com/hexchat,retained,reachable,HTTP GET,200,,2026-10-07T19:49:31.497516+00:00,https://github.com/hexchat,,src/content/posts/2024/linux-alternatives.md
https://github.com/higan-emu/higan,retained,reachable,HTTP GET,200,,2026-10-07T19:51:07.441503+00:00,https://github.com/higan-emu/higan,,src/content/posts/2024/linux-alternatives.md
https://github.com/hishamhm/htop,retained,reachable,HTTP GET,200,,2026-10-07T19:53:31.934570+00:00,https://github.com/hishamhm/htop,,src/content/posts/2024/linux-alternatives.md
https://github.com/hledgerorg/hledger,introduced,reachable,HTTP GET,200,,2026-10-07T19:54:57.414694+00:00,https://github.com/hledgerorg/hledger,,src/content/posts/2024/linux-alternatives.md
https://github.com/hluk/CopyQ,retained,reachable,HTTP GET,200,,2026-10-07T19:51:53.894207+00:00,https://github.com/hluk/CopyQ,,src/content/posts/2024/linux-alternatives.md
https://github.com/holoiso-eol/holoiso,introduced,reachable,HTTP GET,200,,2026-10-07T19:54:45.950852+00:00,https://github.com/holoiso-eol/holoiso,,src/content/posts/2022/unlock-steam-deck.md
https://github.com/hrydgard/ppsspp,retained,reachable,HTTP GET,200,,2026-10-07T19:51:13.746752+00:00,https://github.com/hrydgard/ppsspp,,src/content/posts/2024/linux-alternatives.md
https://github.com/hydrogen-music/hydrogen,retained,reachable,HTTP GET,200,,2026-10-07T19:49:08.431856+00:00,https://github.com/hydrogen-music/hydrogen,,src/content/posts/2024/linux-alternatives.md
https://github.com/hyprwm/Hyprland,retained,reachable,HTTP GET,200,,2026-10-07T19:48:53.609696+00:00,https://github.com/hyprwm/Hyprland,,src/content/posts/2023/my-new-desktop-hyprland.md;src/content/posts/2024/linux-alternatives.md;src/content/posts/old/ideas.md
https://github.com/i3/i3,retained,reachable,HTTP GET,200,,2026-10-07T19:54:03.761266+00:00,https://github.com/i3/i3,,src/content/posts/2024/linux-alternatives.md
https://github.com/iamadamdev?tab=repositories,retained,reachable,HTTP GET,200,,2026-10-07T19:48:32.816891+00:00,https://github.com/iamadamdev,,src/content/posts/2022/bypass-paywalls.md
https://github.com/iamtalhaasghar/yewtube,retained,reachable,HTTP GET,200,,2026-10-07T19:53:27.804959+00:00,https://github.com/iamtalhaasghar/yewtube,,src/content/posts/2024/linux-alternatives.md
https://github.com/ice-wm/icewm,retained,reachable,HTTP GET,200,,2026-10-07T19:54:01.547148+00:00,https://github.com/ice-wm/icewm,,src/content/posts/2024/linux-alternatives.md
https://github.com/iczelia/bzip3,introduced,reachable,HTTP GET,200,,2026-10-07T19:54:51.442833+00:00,https://github.com/iczelia/bzip3,,src/content/posts/2024/linux-alternatives.md
https://github.com/imsnif/bandwhich,retained,reachable,HTTP GET,200,,2026-10-07T19:52:57.267650+00:00,https://github.com/imsnif/bandwhich,,src/content/posts/2024/linux-alternatives.md
https://github.com/imsnif/diskonaut,retained,reachable,HTTP GET,200,,2026-10-07T19:52:49.566953+00:00,https://github.com/imsnif/diskonaut,,src/content/posts/2024/linux-alternatives.md
https://github.com/inkscape/inkscape,retained,reachable,HTTP GET,200,,2026-10-07T19:51:16.220751+00:00,https://github.com/inkscape/inkscape,,src/content/posts/2024/linux-alternatives.md
https://github.com/ionuttbara/windows-defender-remover,introduced,reachable,HTTP GET,200,,2026-10-07T19:54:45.168626+00:00,https://github.com/ionuttbara/windows-defender-remover,,src/content/posts/2022/disable-win-defender.md
https://github.com/ipython/ipython,retained,reachable,HTTP GET,200,,2026-10-07T19:50:12.757697+00:00,https://github.com/ipython/ipython,,src/content/posts/2024/linux-alternatives.md
https://github.com/irssi/irssi,retained,reachable,HTTP GET,200,,2026-10-07T19:49:31.892986+00:00,https://github.com/irssi/irssi,,src/content/posts/2024/linux-alternatives.md
https://github.com/itchio/itch,retained,reachable,HTTP GET,200,,2026-10-07T19:50:56.293256+00:00,https://github.com/itchio/itch,,src/content/posts/2024/linux-alternatives.md
https://github.com/ivandokov/phockup,retained,reachable,HTTP GET,200,,2026-10-07T19:51:23.101008+00:00,https://github.com/ivandokov/phockup,,src/content/posts/2024/linux-alternatives.md
https://github.com/jaagr/polybar,removed-or-replaced,reachable,HTTP GET,200,,2026-10-07T19:49:53.456654+00:00,https://github.com/polybar/polybar,,src/content/posts/2024/linux-alternatives.md
https://github.com/jacquetc/skribisto,retained,reachable,HTTP GET,200,,2026-10-07T19:51:46.695400+00:00,https://github.com/jacquetc/skribisto,,src/content/posts/2024/linux-alternatives.md
https://github.com/jagrosh/MusicBot,retained,reachable,HTTP GET,200,,2026-10-07T19:49:30.463220+00:00,https://github.com/jagrosh/MusicBot,,src/content/posts/2024/linux-alternatives.md
https://github.com/jamiemcg/remarkable,retained,reachable,HTTP GET,200,,2026-10-07T19:51:45.266870+00:00,https://github.com/jamiemcg/remarkable,,src/content/posts/2024/linux-alternatives.md
https://github.com/janeczku/calibre-web,retained,reachable,HTTP GET,200,,2026-10-07T19:50:23.791948+00:00,https://github.com/janeczku/calibre-web,,src/content/posts/2024/linux-alternatives.md
https://github.com/jarun/Buku,retained,reachable,HTTP GET,200,,2026-10-07T19:53:36.228940+00:00,https://github.com/jarun/Buku,,src/content/posts/2024/linux-alternatives.md
https://github.com/jarun/bcal,retained,reachable,HTTP GET,200,,2026-10-07T19:51:53.658967+00:00,https://github.com/jarun/bcal,,src/content/posts/2024/linux-alternatives.md
https://github.com/jarun/ddgr,retained,reachable,HTTP GET,200,,2026-10-07T19:53:23.287155+00:00,https://github.com/jarun/ddgr,,src/content/posts/2024/linux-alternatives.md
https://github.com/jarun/googler,retained,reachable,HTTP GET,200,,2026-10-07T19:53:23.933811+00:00,https://github.com/jarun/googler,,src/content/posts/2024/linux-alternatives.md
https://github.com/jarun/imgp,retained,reachable,HTTP GET,200,,2026-10-07T19:51:19.402608+00:00,https://github.com/jarun/imgp,,src/content/posts/2024/linux-alternatives.md
https://github.com/jarun/nnn,retained,reachable,HTTP GET,200,,2026-10-07T19:50:37.274367+00:00,https://github.com/jarun/nnn,,src/content/posts/2024/linux-alternatives.md
https://github.com/jarun/pdd,retained,reachable,HTTP GET,200,,2026-10-07T19:51:54.671377+00:00,https://github.com/jarun/pdd,,src/content/posts/2024/linux-alternatives.md
https://github.com/jarun/spy,retained,reachable,HTTP GET,200,,2026-10-07T19:52:22.077852+00:00,https://github.com/jarun/spy,,src/content/posts/2024/linux-alternatives.md
https://github.com/jbara2002/windows-defender-remover,removed-or-replaced,reachable,HTTP GET,200,,2026-10-07T19:48:36.277291+00:00,https://github.com/ionuttbara/windows-defender-remover,,src/content/posts/2022/disable-win-defender.md
https://github.com/jeena/FeedTheMonkey,retained,reachable,HTTP GET,200,,2026-10-07T19:51:38.440463+00:00,https://github.com/jeena/FeedTheMonkey,,src/content/posts/2024/linux-alternatives.md
https://github.com/jellyfin/jellyfin-desktop,introduced,reachable,HTTP GET,200,,2026-10-07T19:55:06.579645+00:00,https://github.com/jellyfin/jellyfin-desktop,,src/content/posts/2024/linux-alternatives.md
https://github.com/jellyfin/jellyfin-media-player,removed-or-replaced,reachable,HTTP GET,200,,2026-10-07T19:53:15.099611+00:00,https://github.com/jellyfin/jellyfin-desktop,,src/content/posts/2024/linux-alternatives.md
https://github.com/jely2002/youtube-dl-gui,retained,reachable,HTTP GET,200,,2026-10-07T19:51:37.476239+00:00,https://github.com/jely2002/youtube-dl-gui,,src/content/posts/2024/linux-alternatives.md
https://github.com/jesseduffield/lazydocker,retained,reachable,HTTP GET,200,,2026-10-07T19:50:19.353439+00:00,https://github.com/jesseduffield/lazydocker,,src/content/posts/2024/linux-alternatives.md
https://github.com/jesseduffield/lazygit,retained,reachable,HTTP GET,200,,2026-10-07T19:50:08.945488+00:00,https://github.com/jesseduffield/lazygit,,src/content/posts/2024/linux-alternatives.md
https://github.com/jiahaog/nativefier,removed-or-replaced,reachable,HTTP GET,200,,2026-10-07T19:53:07.235321+00:00,https://github.com/nativefier/nativefier,,src/content/posts/2024/linux-alternatives.md
https://github.com/jitsi,retained,reachable,HTTP GET,200,,2026-10-07T19:49:33.617366+00:00,https://github.com/jitsi,,src/content/posts/2024/linux-alternatives.md
https://github.com/jliljebl/flowblade,retained,reachable,HTTP GET,200,,2026-10-07T19:51:32.504566+00:00,https://github.com/jliljebl/flowblade,,src/content/posts/2024/linux-alternatives.md
https://github.com/jml/undistract-me,retained,reachable,HTTP GET,200,,2026-10-07T19:51:55.541071+00:00,https://github.com/jml/undistract-me,,src/content/posts/2024/linux-alternatives.md
https://github.com/jnsh/arc-theme,retained,reachable,HTTP GET,200,,2026-10-07T19:49:45.658949+00:00,https://github.com/jnsh/arc-theme,,src/content/posts/2024/linux-alternatives.md
https://github.com/johannesjo/super-productivity,removed-or-replaced,reachable,HTTP GET,200,,2026-10-07T19:52:05.470708+00:00,https://github.com/super-productivity/super-productivity,,src/content/posts/2024/linux-alternatives.md
https://github.com/johnfactotum/foliate,retained,reachable,HTTP GET,200,,2026-10-07T19:50:24.854652+00:00,https://github.com/johnfactotum/foliate,,src/content/posts/2024/linux-alternatives.md
https://github.com/jonls/redshift,removed-or-replaced,reachable,HTTP GET,200,,2026-10-07T19:51:55.096470+00:00,https://github.com/sharpbracket/redshift,,src/content/posts/2024/linux-alternatives.md
https://github.com/jordansissel/keynav,retained,reachable,HTTP GET,200,,2026-10-07T19:53:04.574727+00:00,https://github.com/jordansissel/keynav,,src/content/posts/2024/linux-alternatives.md
https://github.com/jorgebucaran/fisher,retained,reachable,HTTP GET,200,,2026-10-07T19:50:12.651136+00:00,https://github.com/jorgebucaran/fisher,,src/content/posts/2024/linux-alternatives.md
https://github.com/josef109/spksrc,retained,reachable,HTTP GET,200,,2026-10-07T19:48:49.340089+00:00,https://github.com/josef109/spksrc,,src/content/posts/2022/urbackup.md
https://github.com/jpd002/Play-,retained,reachable,HTTP GET,200,,2026-10-07T19:51:13.501297+00:00,https://github.com/jpd002/Play-,,src/content/posts/2024/linux-alternatives.md
https://github.com/junegunn/fzf,retained,reachable,HTTP GET,200,,2026-10-07T19:53:39.443311+00:00,https://github.com/junegunn/fzf,,src/content/posts/2024/linux-alternatives.md
https://github.com/junrrein/pdfslicer,retained,reachable,HTTP GET,200,,2026-10-07T19:50:27.094281+00:00,https://github.com/junrrein/pdfslicer,,src/content/posts/2024/linux-alternatives.md
https://github.com/jwilm/alacritty,removed-or-replaced,reachable,HTTP GET,200,,2026-10-07T19:52:32.407461+00:00,https://github.com/alacritty/alacritty,,src/content/posts/2024/linux-alternatives.md
https://github.com/kamhix/todoist-linux,retained,reachable,HTTP GET,200,,2026-10-07T19:52:06.950269+00:00,https://github.com/kamhix/todoist-linux,,src/content/posts/2024/linux-alternatives.md
https://github.com/kanryu/quickviewer,retained,reachable,HTTP GET,200,,2026-10-07T19:51:23.907568+00:00,https://github.com/kanryu/quickviewer,,src/content/posts/2024/linux-alternatives.md
https://github.com/karlstav/cava,retained,reachable,HTTP GET,200,,2026-10-07T19:49:22.462975+00:00,https://github.com/karlstav/cava,,src/content/posts/2024/linux-alternatives.md
https://github.com/keeferrourke/la-capitaine-icon-theme,retained,reachable,HTTP GET,200,,2026-10-07T19:49:42.351089+00:00,https://github.com/keeferrourke/la-capitaine-icon-theme,,src/content/posts/2024/linux-alternatives.md
https://github.com/keepassxreboot/keepassxc,retained,reachable,HTTP GET,200,,2026-10-07T19:52:17.448026+00:00,https://github.com/keepassxreboot/keepassxc,,src/content/posts/2024/linux-alternatives.md
https://github.com/keeweb/keeweb,retained,reachable,HTTP GET,200,,2026-10-07T19:52:17.981058+00:00,https://github.com/keeweb/keeweb,,src/content/posts/2024/linux-alternatives.md
https://github.com/kholia/OSX-KVM,retained,reachable,HTTP GET,200,,2026-10-07T19:48:38.028489+00:00,https://github.com/kholia/OSX-KVM,,src/content/posts/2022/macos-on-linux.md
https://github.com/klaudiosinani/taskbook,introduced,reachable,HTTP GET,200,,2026-10-07T19:55:01.029297+00:00,https://github.com/klaudiosinani/taskbook,,src/content/posts/2024/linux-alternatives.md
https://github.com/klaudiosinani/tusk,introduced,reachable,HTTP GET,200,,2026-10-07T19:54:59.829672+00:00,https://github.com/klaudiosinani/tusk,,src/content/posts/2024/linux-alternatives.md
https://github.com/klaussinani/taskbook,removed-or-replaced,reachable,HTTP GET,200,,2026-10-07T19:52:05.753337+00:00,https://github.com/klaudiosinani/taskbook,,src/content/posts/2024/linux-alternatives.md
https://github.com/klaussinani/tusk,removed-or-replaced,reachable,HTTP GET,200,,2026-10-07T19:52:03.376902+00:00,https://github.com/klaudiosinani/tusk,,src/content/posts/2024/linux-alternatives.md
https://github.com/koalaman/shellcheck,retained,reachable,HTTP GET,200,,2026-10-07T19:50:14.524526+00:00,https://github.com/koalaman/shellcheck,,src/content/posts/2024/linux-alternatives.md
https://github.com/kopia/kopia/,retained,reachable,HTTP GET,200,,2026-10-07T19:49:38.843470+00:00,https://github.com/kopia/kopia/,,src/content/posts/2024/linux-alternatives.md
https://github.com/kovidgoyal/calibre,retained,reachable,HTTP GET,200,,2026-10-07T19:50:23.547774+00:00,https://github.com/kovidgoyal/calibre,,src/content/posts/2024/linux-alternatives.md
https://github.com/kovidgoyal/kitty,retained,reachable,HTTP GET,200,,2026-10-07T19:52:35.888712+00:00,https://github.com/kovidgoyal/kitty,,src/content/posts/2024/linux-alternatives.md
https://github.com/kozec/sc-controller,retained,reachable,HTTP GET,200,,2026-10-07T19:51:01.032353+00:00,https://github.com/kozec/sc-controller,,src/content/posts/2024/linux-alternatives.md
https://github.com/kozec/syncthing-gtk/releases,retained,reachable,HTTP GET,200,,2026-10-07T19:48:55.706240+00:00,https://github.com/kozec/syncthing-gtk/releases,,src/content/posts/2023/sync-local-files.md
https://github.com/kra-mo/cartridges,retained,reachable,Firecrawl scrape,200,200,2026-10-07T19:54:07.847Z,https://github.com/kra-mo/cartridges,,src/content/posts/2024/linux-alternatives.md
https://github.com/krtirtho/spotube,removed-or-replaced,reachable,HTTP GET,200,,2026-10-07T19:49:20.026892+00:00,https://github.com/team-spotube/spotube,,src/content/posts/2024/linux-alternatives.md
https://github.com/ksnip/ksnip,retained,reachable,HTTP GET,200,,2026-10-07T19:51:30.407179+00:00,https://github.com/ksnip/ksnip,,src/content/posts/2024/linux-alternatives.md
https://github.com/kspalaiologos/bzip3,removed-or-replaced,reachable,HTTP GET,200,,2026-10-07T19:50:15.206878+00:00,https://github.com/iczelia/bzip3,,src/content/posts/2024/linux-alternatives.md
https://github.com/kvirc/KVIrc,retained,reachable,HTTP GET,200,,2026-10-07T19:49:32.159908+00:00,https://github.com/kvirc/KVIrc,,src/content/posts/2024/linux-alternatives.md
https://github.com/lanoxx/tilda,retained,reachable,HTTP GET,200,,2026-10-07T19:52:37.374852+00:00,https://github.com/lanoxx/tilda,,src/content/posts/2024/linux-alternatives.md
https://github.com/lapce/lapce,retained,reachable,HTTP GET,200,,2026-10-07T19:52:42.661523+00:00,https://github.com/lapce/lapce,,src/content/posts/2024/linux-alternatives.md
https://github.com/laurent22/joplin,retained,reachable,HTTP GET,200,,2026-10-07T19:51:57.451130+00:00,https://github.com/laurent22/joplin,,src/content/posts/2024/linux-alternatives.md
https://github.com/lbalazscs/Pixelitor,retained,reachable,HTTP GET,200,,2026-10-07T19:51:20.835595+00:00,https://github.com/lbalazscs/Pixelitor,,src/content/posts/2024/linux-alternatives.md
https://github.com/lcarsde/application-starter/releases/download/21.1/lcarsde-application-starter_21.1_amd64.deb,retained,reachable,HTTP GET,200,,2026-10-07T19:48:46.540518+00:00,https://release-assets.githubusercontent.com/github-production-release-asset/296089052/77296f86-35b6-4d51-b1bf-954448a496f4,,src/content/posts/2022/star-trek-os.md
https://github.com/lcarsde/lcarswm/releases/download/22.1/lcarswm_22.1_amd64.deb,retained,reachable,HTTP GET,200,,2026-10-07T19:48:45.570256+00:00,https://release-assets.githubusercontent.com/github-production-release-asset/296089980/95a57735-e6b4-4dfa-be90-cbaf79fc9fbe,,src/content/posts/2022/star-trek-os.md
https://github.com/lcarsde/logout/releases/download/20.1/lcarsde-logout_20.1_amd64.deb,retained,reachable,HTTP GET,200,,2026-10-07T19:48:46.949895+00:00,https://release-assets.githubusercontent.com/github-production-release-asset/303452782/d8e4674d-fa9f-424a-b29b-345148393599,,src/content/posts/2022/star-trek-os.md
https://github.com/lcarsde/menu/releases/download/22.1/lcarsde-app-menu_22.1_amd64.deb,retained,reachable,HTTP GET,200,,2026-10-07T19:48:45.898610+00:00,https://release-assets.githubusercontent.com/github-production-release-asset/296087864/5d400a8e-46a1-4a11-add8-700ccd5aecfe,,src/content/posts/2022/star-trek-os.md
https://github.com/lcarsde/status-bar/releases/download/22.2/status-bar_22.2_amd64.deb,retained,reachable,HTTP GET,200,,2026-10-07T19:48:46.245549+00:00,https://release-assets.githubusercontent.com/github-production-release-asset/296088324/a4bb0edf-0518-4fc5-8eaa-b50f9503ba9e,,src/content/posts/2022/star-trek-os.md
https://github.com/leo-arch/clifm,retained,reachable,HTTP GET,200,,2026-10-07T19:50:36.080558+00:00,https://github.com/leo-arch/clifm,,src/content/posts/2024/linux-alternatives.md
https://github.com/lettier/gifcurry,retained,reachable,HTTP GET,200,,2026-10-07T19:51:15.827961+00:00,https://github.com/lettier/gifcurry,,src/content/posts/2024/linux-alternatives.md
https://github.com/lettier/movie-monad,retained,reachable,HTTP GET,200,,2026-10-07T19:53:16.300254+00:00,https://github.com/lettier/movie-monad,,src/content/posts/2024/linux-alternatives.md
https://github.com/libratbag/piper,retained,reachable,HTTP GET,200,,2026-10-07T19:53:21.558998+00:00,https://github.com/libratbag/piper,,src/content/posts/2024/linux-alternatives.md
https://github.com/libretro/RetroArch,retained,reachable,HTTP GET,200,,2026-10-07T19:51:08.485333+00:00,https://github.com/libretro/RetroArch,,src/content/posts/2024/linux-alternatives.md
https://github.com/linagora/Twake,removed-or-replaced,reachable,HTTP GET,200,,2026-10-07T19:49:36.504106+00:00,https://github.com/linagora/twake-workplace,,src/content/posts/2024/linux-alternatives.md
https://github.com/linagora/twake-workplace,introduced,reachable,HTTP GET,200,,2026-10-07T19:54:49.747698+00:00,https://github.com/linagora/twake-workplace,,src/content/posts/2024/linux-alternatives.md
https://github.com/linuxdeepin/dde-file-manager,introduced,reachable,HTTP GET,200,,2026-10-07T20:07:31.995487+00:00,https://github.com/linuxdeepin/dde-file-manager,,src/content/posts/2024/linux-alternatives.md
https://github.com/linuxdeepin/dde-file-manager/tree/develop2.0,removed-or-replaced,missing,HTTP GET,404,,2026-10-07T19:53:51.413475+00:00,https://github.com/linuxdeepin/dde-file-manager/tree/develop2.0,,src/content/posts/2024/linux-alternatives.md
https://github.com/linuxdeepin/deepin-music,retained,reachable,HTTP GET,200,,2026-10-07T19:49:13.613836+00:00,https://github.com/linuxdeepin/deepin-music,,src/content/posts/2024/linux-alternatives.md
https://github.com/linuxmint/Cinnamon,retained,reachable,HTTP GET,200,,2026-10-07T19:53:50.884412+00:00,https://github.com/linuxmint/Cinnamon,,src/content/posts/2024/linux-alternatives.md
https://github.com/linuxmint/cinnamon,introduced,reachable,HTTP GET,200,,2026-10-07T19:55:07.562482+00:00,https://github.com/linuxmint/cinnamon,,src/content/posts/2024/linux-alternatives.md
https://github.com/linuxmint/mdm,retained,reachable,HTTP GET,200,,2026-10-07T19:53:56.648578+00:00,https://github.com/linuxmint/mdm,,src/content/posts/2024/linux-alternatives.md
https://github.com/linuxmint/nemo,retained,reachable,HTTP GET,200,,2026-10-07T19:50:36.872728+00:00,https://github.com/linuxmint/nemo,,src/content/posts/2024/linux-alternatives.md
https://github.com/linuxmint/timeshift,retained,reachable,HTTP GET,200,,2026-10-07T19:49:40.325696+00:00,https://github.com/linuxmint/timeshift,,src/content/posts/2024/linux-alternatives.md
https://github.com/linuxmint/warpinator,retained,reachable,HTTP GET,200,,2026-10-07T19:52:29.536129+00:00,https://github.com/linuxmint/warpinator,,src/content/posts/2024/linux-alternatives.md
https://github.com/linuxmobile/hyprland-dots,retained,reachable,HTTP GET,200,,2026-10-07T19:48:54.120071+00:00,https://github.com/linuxmobile/hyprland-dots,,src/content/posts/2023/my-new-desktop-hyprland.md
https://github.com/liquidprompt/liquidprompt,introduced,reachable,HTTP GET,200,,2026-10-07T20:07:31.551867+00:00,https://github.com/liquidprompt/liquidprompt,,src/content/posts/2024/linux-alternatives.md
https://github.com/logisim-evolution/logisim-evolution,retained,reachable,HTTP GET,200,,2026-10-07T19:50:28.165056+00:00,https://github.com/logisim-evolution/logisim-evolution,,src/content/posts/2024/linux-alternatives.md
https://github.com/logseq/logseq,retained,reachable,HTTP GET,200,,2026-10-07T19:51:58.004393+00:00,https://github.com/logseq/logseq,,src/content/posts/2024/linux-alternatives.md
https://github.com/lostindark/DriverStoreExplorer,retained,reachable,HTTP GET,200,,2026-10-07T19:49:00.082616+00:00,https://github.com/lostindark/DriverStoreExplorer,,src/content/posts/2024/drivers-in-windows.md
https://github.com/lostindark/DriverStoreExplorer/releases,retained,reachable,HTTP GET,200,,2026-10-07T19:49:00.433992+00:00,https://github.com/lostindark/DriverStoreExplorer/releases,,src/content/posts/2024/drivers-in-windows.md
https://github.com/lsd-rs/lsd,introduced,reachable,HTTP GET,200,,2026-10-07T20:07:31.697473+00:00,https://github.com/lsd-rs/lsd,,src/content/posts/2024/linux-alternatives.md
https://github.com/luanti-org/luanti,introduced,reachable,HTTP GET,200,,2026-10-07T19:54:53.849111+00:00,https://github.com/luanti-org/luanti,,src/content/posts/2024/linux-alternatives.md
https://github.com/luong-komorebi/Awesome-Linux-Software,introduced,reachable,HTTP GET,200,,2026-10-07T19:54:46.865478+00:00,https://github.com/luong-komorebi/Awesome-Linux-Software,,src/content/posts/2024/linux-alternatives.md
https://github.com/luong-komorebi/Awesome-Linux-Software/blob/master/README_es-ES.md,introduced,reachable,HTTP GET,200,,2026-10-07T19:54:48.270903+00:00,https://github.com/luong-komorebi/Awesome-Linux-Software/blob/master/README_es-ES.md,,src/content/posts/2024/linux-alternatives.md
https://github.com/luong-komorebi/Awesome-Linux-Software/blob/master/README_pt-BR.md,introduced,reachable,HTTP GET,200,,2026-10-07T19:54:47.423896+00:00,https://github.com/luong-komorebi/Awesome-Linux-Software/blob/master/README_pt-BR.md,,src/content/posts/2024/linux-alternatives.md
https://github.com/luong-komorebi/Awesome-Linux-Software/blob/master/README_th-TH.md,introduced,reachable,HTTP GET,200,,2026-10-07T19:54:48.519843+00:00,https://github.com/luong-komorebi/Awesome-Linux-Software/blob/master/README_th-TH.md,,src/content/posts/2024/linux-alternatives.md
https://github.com/luong-komorebi/Awesome-Linux-Software/blob/master/README_zh-CN.md,introduced,reachable,HTTP GET,200,,2026-10-07T19:54:47.816617+00:00,https://github.com/luong-komorebi/Awesome-Linux-Software/blob/master/README_zh-CN.md,,src/content/posts/2024/linux-alternatives.md
https://github.com/luong-komorebi/Awesome-Linux-Software/graphs/contributors,introduced,reachable,HTTP GET,200,,2026-10-07T20:07:32.324907+00:00,https://github.com/luong-komorebi/Awesome-Linux-Software/graphs/contributors,,src/content/posts/2024/linux-alternatives.md
https://github.com/lupoDharkael/flameshot,removed-or-replaced,reachable,HTTP GET,200,,2026-10-07T19:51:30.092866+00:00,https://github.com/flameshot-org/flameshot,,src/content/posts/2024/linux-alternatives.md
https://github.com/lutris/lutris,retained,reachable,HTTP GET,200,,2026-10-07T19:50:56.578833+00:00,https://github.com/lutris/lutris,,src/content/posts/2024/linux-alternatives.md
https://github.com/luxtorpeda-dev/luxtorpeda,retained,reachable,HTTP GET,200,,2026-10-07T19:50:59.653224+00:00,https://github.com/luxtorpeda-dev/luxtorpeda,,src/content/posts/2024/linux-alternatives.md
https://github.com/lxde,retained,reachable,HTTP GET,200,,2026-10-07T19:53:51.975606+00:00,https://github.com/lxde,,src/content/posts/2024/linux-alternatives.md
https://github.com/lxgr-linux/pokete/,retained,reachable,HTTP GET,200,,2026-10-07T19:50:41.908155+00:00,https://github.com/lxgr-linux/pokete/,,src/content/posts/2024/linux-alternatives.md
https://github.com/lxqt/lxqt,retained,reachable,HTTP GET,200,,2026-10-07T19:53:52.253671+00:00,https://github.com/lxqt/lxqt,,src/content/posts/2024/linux-alternatives.md
https://github.com/maaslalani/draw,retained,reachable,HTTP GET,200,,2026-10-07T19:53:37.579382+00:00,https://github.com/maaslalani/draw,,src/content/posts/2024/linux-alternatives.md
https://github.com/maaslalani/gambit,retained,reachable,HTTP GET,200,,2026-10-07T19:50:40.949964+00:00,https://github.com/maaslalani/gambit,,src/content/posts/2024/linux-alternatives.md
https://github.com/maaslalani/slides,retained,reachable,HTTP GET,200,,2026-10-07T19:53:43.832538+00:00,https://github.com/maaslalani/slides,,src/content/posts/2024/linux-alternatives.md
https://github.com/mafintosh/airpaste,retained,reachable,HTTP GET,200,,2026-10-07T19:52:27.278337+00:00,https://github.com/mafintosh/airpaste,,src/content/posts/2024/linux-alternatives.md
https://github.com/magic-wormhole/magic-wormhole,introduced,reachable,HTTP GET,200,,2026-10-07T19:55:02.279191+00:00,https://github.com/magic-wormhole/magic-wormhole,,src/content/posts/2024/linux-alternatives.md
https://github.com/maharmstone/quibble,retained,reachable,HTTP GET,200,,2026-10-07T19:54:29.708815+00:00,https://github.com/maharmstone/quibble,,src/content/posts/old/ideas.md
https://github.com/mamedev/mame,retained,reachable,HTTP GET,200,,2026-10-07T19:51:07.776815+00:00,https://github.com/mamedev/mame,,src/content/posts/2024/linux-alternatives.md
https://github.com/maoschanz/drawing,retained,reachable,HTTP GET,200,,2026-10-07T19:51:15.358908+00:00,https://github.com/maoschanz/drawing,,src/content/posts/2024/linux-alternatives.md
https://github.com/marhkb/pods,retained,reachable,HTTP GET,200,,2026-10-07T19:52:12.782974+00:00,https://github.com/marhkb/pods,,src/content/posts/2024/linux-alternatives.md
https://github.com/marktext/marktext,retained,reachable,HTTP GET,200,,2026-10-07T19:51:44.927684+00:00,https://github.com/marktext/marktext,,src/content/posts/2024/linux-alternatives.md
https://github.com/martahilmar/gnome-books,retained,reachable,HTTP GET,200,,2026-10-07T19:50:25.344831+00:00,https://github.com/martahilmar/gnome-books,,src/content/posts/2024/linux-alternatives.md
https://github.com/martinrotter/rssguard,retained,reachable,HTTP GET,200,,2026-10-07T19:51:40.318594+00:00,https://github.com/martinrotter/rssguard,,src/content/posts/2024/linux-alternatives.md
https://github.com/martpie/museeks,retained,reachable,HTTP GET,200,,2026-10-07T19:49:16.552661+00:00,https://github.com/martpie/museeks,,src/content/posts/2024/linux-alternatives.md
https://github.com/mate-desktop/,retained,reachable,HTTP GET,200,,2026-10-07T19:53:52.483422+00:00,https://github.com/mate-desktop/,,src/content/posts/2024/linux-alternatives.md
https://github.com/mate-desktop/caja,retained,reachable,HTTP GET,200,,2026-10-07T19:50:35.789202+00:00,https://github.com/mate-desktop/caja,,src/content/posts/2024/linux-alternatives.md
https://github.com/material-ocean/material-ocean,retained,reachable,HTTP GET,200,,2026-10-07T19:49:48.624336+00:00,https://github.com/material-ocean/material-ocean,,src/content/posts/2024/linux-alternatives.md
https://github.com/mattermost/,retained,reachable,HTTP GET,200,,2026-10-07T19:49:33.973777+00:00,https://github.com/mattermost/,,src/content/posts/2024/linux-alternatives.md
https://github.com/mautosoft/maxautoclicker/,retained,reachable,HTTP GET,200,,2026-10-07T19:51:50.163508+00:00,https://github.com/mautosoft/maxautoclicker/,,src/content/posts/2024/linux-alternatives.md
https://github.com/mawww/kakoune,retained,reachable,HTTP GET,200,,2026-10-07T19:52:44.975742+00:00,https://github.com/mawww/kakoune,,src/content/posts/2024/linux-alternatives.md
https://github.com/maximumadmin/zramd,removed-or-replaced,missing,HTTP GET,404,,2026-10-07T19:53:48.817779+00:00,https://github.com/maximumadmin/zramd,,src/content/posts/2024/linux-alternatives.md
https://github.com/mborgerson/xemu,retained,reachable,HTTP GET,200,,2026-10-07T19:51:09.628291+00:00,https://github.com/mborgerson/xemu,,src/content/posts/2024/linux-alternatives.md
https://github.com/mbusb/multibootusb,retained,reachable,HTTP GET,200,,2026-10-07T19:52:51.468943+00:00,https://github.com/mbusb/multibootusb,,src/content/posts/2024/linux-alternatives.md
https://github.com/meetfranz/franz,retained,reachable,HTTP GET,200,,2026-10-07T19:49:29.040713+00:00,https://github.com/meetfranz/franz,,src/content/posts/2024/linux-alternatives.md
https://github.com/meganz/MEGAsync,retained,reachable,HTTP GET,200,,2026-10-07T19:52:24.169035+00:00,https://github.com/meganz/MEGAsync,,src/content/posts/2024/linux-alternatives.md
https://github.com/melonDS-emu/melonDS,introduced,reachable,HTTP GET,200,,2026-10-07T19:54:54.572643+00:00,https://github.com/melonDS-emu/melonDS,,src/content/posts/2024/linux-alternatives.md
https://github.com/meowtec/Imagine,removed-or-replaced,reachable,HTTP GET,200,,2026-10-07T19:51:22.075436+00:00,https://github.com/meowtec/imgo,,src/content/posts/2024/linux-alternatives.md
https://github.com/meowtec/imgo,introduced,reachable,HTTP GET,200,,2026-10-07T19:54:55.328441+00:00,https://github.com/meowtec/imgo,,src/content/posts/2024/linux-alternatives.md
https://github.com/metabrainz/picard,retained,reachable,HTTP GET,200,,2026-10-07T19:49:16.681874+00:00,https://github.com/metabrainz/picard,,src/content/posts/2024/linux-alternatives.md
https://github.com/mgba-emu,retained,reachable,HTTP GET,200,,2026-10-07T19:51:11.291246+00:00,https://github.com/mgba-emu,,src/content/posts/2024/linux-alternatives.md
https://github.com/mhogomchungu/sirikali,retained,reachable,HTTP GET,200,,2026-10-07T19:52:22.749888+00:00,https://github.com/mhogomchungu/sirikali,,src/content/posts/2024/linux-alternatives.md
https://github.com/micahflee/onionshare,removed-or-replaced,reachable,HTTP GET,200,,2026-10-07T19:52:28.413481+00:00,https://github.com/onionshare/onionshare,,src/content/posts/2024/linux-alternatives.md
https://github.com/michaldaniel/Ebook-Viewer,retained,reachable,HTTP GET,200,,2026-10-07T19:50:24.099541+00:00,https://github.com/michaldaniel/Ebook-Viewer,,src/content/posts/2024/linux-alternatives.md
https://github.com/micro-editor/micro,introduced,reachable,HTTP GET,200,,2026-10-07T19:55:04.448152+00:00,https://github.com/micro-editor/micro,,src/content/posts/2024/linux-alternatives.md
https://github.com/microsoft/WSL/issues/4103,retained,reachable,HTTP GET,200,,2026-10-07T19:48:28.274990+00:00,https://github.com/microsoft/WSL/issues/4103,,src/content/posts/2020/wsl2.md
https://github.com/microsoft/winget-cli/releases/download/v1.2.10271/Microsoft.DesktopAppInstaller_8wekyb3d8bbwe.msixbundle,retained,missing,HTTP GET,404,,2026-10-07T19:48:44.701906+00:00,https://github.com/microsoft/winget-cli/releases/download/v1.2.10271/Microsoft.DesktopAppInstaller_8wekyb3d8bbwe.msixbundle,Historical code/text retained; explanatory notice or endpoint context in source. No command was executed.,src/content/posts/2022/setting-up-the-ultimate-windows-11.md
https://github.com/microsoft/winget-cli/releases/download/v1.2.10271/b0a0692da1034339b76dce1c298a1e42_License1.xml,retained,missing,HTTP GET,404,,2026-10-07T19:48:45.077966+00:00,https://github.com/microsoft/winget-cli/releases/download/v1.2.10271/b0a0692da1034339b76dce1c298a1e42_License1.xml,Historical code/text retained; explanatory notice or endpoint context in source. No command was executed.,src/content/posts/2022/setting-up-the-ultimate-windows-11.md
https://github.com/mifi/lossless-cut,retained,reachable,HTTP GET,200,,2026-10-07T19:53:15.494228+00:00,https://github.com/mifi/lossless-cut,,src/content/posts/2024/linux-alternatives.md
https://github.com/mikf/gallery-dl,retained,reachable,HTTP GET,200,,2026-10-07T19:53:23.874438+00:00,https://github.com/mikf/gallery-dl,,src/content/posts/2024/linux-alternatives.md
https://github.com/minbrowser/min,retained,reachable,HTTP GET,200,,2026-10-07T19:51:34.614256+00:00,https://github.com/minbrowser/min,,src/content/posts/2024/linux-alternatives.md
https://github.com/minecraft-linux/mcpelauncher-manifest,retained,reachable,HTTP GET,200,,2026-10-07T19:50:51.516808+00:00,https://github.com/minecraft-linux/mcpelauncher-manifest,,src/content/posts/2024/linux-alternatives.md
https://github.com/minetest/minetest/,removed-or-replaced,reachable,HTTP GET,200,,2026-10-07T19:50:51.791177+00:00,https://github.com/luanti-org/luanti,,src/content/posts/2024/linux-alternatives.md
https://github.com/mitmproxy/mitmproxy,retained,reachable,HTTP GET,200,,2026-10-07T19:52:08.661271+00:00,https://github.com/mitmproxy/mitmproxy,,src/content/posts/2024/linux-alternatives.md
https://github.com/mixxxdj/mixxx,retained,reachable,HTTP GET,200,,2026-10-07T19:49:09.930114+00:00,https://github.com/mixxxdj/mixxx,,src/content/posts/2024/linux-alternatives.md
https://github.com/mjakeman/extension-manager,retained,reachable,HTTP GET,200,,2026-10-07T19:49:51.492124+00:00,https://github.com/mjakeman/extension-manager,,src/content/posts/2024/linux-alternatives.md
https://github.com/mltframework/shotcut,retained,reachable,HTTP GET,200,,2026-10-07T19:51:33.661771+00:00,https://github.com/mltframework/shotcut,,src/content/posts/2024/linux-alternatives.md
https://github.com/mobile-shell/mosh,retained,reachable,HTTP GET,200,,2026-10-07T19:53:05.811687+00:00,https://github.com/mobile-shell/mosh,,src/content/posts/2024/linux-alternatives.md
https://github.com/mongodb/mongo,retained,reachable,HTTP GET,200,,2026-10-07T19:49:56.286452+00:00,https://github.com/mongodb/mongo,,src/content/posts/2024/linux-alternatives.md
https://github.com/moodle/moodle,retained,reachable,HTTP GET,200,,2026-10-07T19:50:31.023671+00:00,https://github.com/moodle/moodle,,src/content/posts/2024/linux-alternatives.md
https://github.com/mopidy/mopidy,retained,reachable,HTTP GET,200,,2026-10-07T19:49:15.854722+00:00,https://github.com/mopidy/mopidy,,src/content/posts/2024/linux-alternatives.md
https://github.com/morganamilo/paru,retained,reachable,HTTP GET,200,,2026-10-07T19:52:54.919276+00:00,https://github.com/morganamilo/paru,,src/content/posts/2024/linux-alternatives.md
https://github.com/mozilla-mobile/mozilla-vpn-client,retained,reachable,HTTP GET,200,,2026-10-07T19:53:17.337782+00:00,https://github.com/mozilla-mobile/mozilla-vpn-client,,src/content/posts/2024/linux-alternatives.md
https://github.com/mpereira/tty-solitaire,retained,reachable,HTTP GET,200,,2026-10-07T19:50:42.201800+00:00,https://github.com/mpereira/tty-solitaire,,src/content/posts/2024/linux-alternatives.md
https://github.com/mps-youtube/mps-youtube,removed-or-replaced,reachable,HTTP GET,200,,2026-10-07T19:53:24.708854+00:00,https://github.com/mps-youtube/yewtube,,src/content/posts/2024/linux-alternatives.md
https://github.com/mps-youtube/yewtube,introduced,reachable,HTTP GET,200,,2026-10-07T20:07:31.443945+00:00,https://github.com/mps-youtube/yewtube,,src/content/posts/2024/linux-alternatives.md
https://github.com/mpv-player/mpv,retained,reachable,HTTP GET,200,,2026-10-07T19:53:16.696472+00:00,https://github.com/mpv-player/mpv,,src/content/posts/2024/linux-alternatives.md
https://github.com/mtytel/helm,retained,reachable,HTTP GET,200,,2026-10-07T19:49:06.863562+00:00,https://github.com/mtytel/helm,,src/content/posts/2024/linux-alternatives.md
https://github.com/muesli/duf,retained,reachable,HTTP GET,200,,2026-10-07T19:53:38.178587+00:00,https://github.com/muesli/duf,,src/content/posts/2024/linux-alternatives.md
https://github.com/mullvad/mullvadvpn-app,retained,reachable,HTTP GET,200,,2026-10-07T19:53:17.726673+00:00,https://github.com/mullvad/mullvadvpn-app,,src/content/posts/2024/linux-alternatives.md
https://github.com/multani/sonata/,retained,reachable,HTTP GET,200,,2026-10-07T19:49:18.967333+00:00,https://github.com/multani/sonata/,,src/content/posts/2024/linux-alternatives.md
https://github.com/musescore/MuseScore,retained,reachable,HTTP GET,200,,2026-10-07T19:49:10.235647+00:00,https://github.com/musescore/MuseScore,,src/content/posts/2024/linux-alternatives.md
https://github.com/mydzor/bash2048,removed-or-replaced,reachable,HTTP GET,200,,2026-10-07T19:50:40.465639+00:00,https://github.com/JosefZIla/bash2048,,src/content/posts/2024/linux-alternatives.md
https://github.com/mypaint/mypaint,retained,reachable,HTTP GET,200,,2026-10-07T19:51:16.540681+00:00,https://github.com/mypaint/mypaint,,src/content/posts/2024/linux-alternatives.md
https://github.com/mysql/mysql-server,retained,reachable,HTTP GET,200,,2026-10-07T19:49:57.115899+00:00,https://github.com/mysql/mysql-server,,src/content/posts/2024/linux-alternatives.md
https://github.com/mysql/mysql-workbench,retained,reachable,HTTP GET,200,,2026-10-07T19:49:57.458634+00:00,https://github.com/mysql/mysql-workbench,,src/content/posts/2024/linux-alternatives.md
https://github.com/naggie/dstask,retained,reachable,HTTP GET,200,,2026-10-07T19:54:29.133031+00:00,https://github.com/naggie/dstask,,src/content/posts/old/ideas.md
https://github.com/nanovms/ops/,retained,reachable,HTTP GET,200,,2026-10-07T19:52:12.681902+00:00,https://github.com/nanovms/ops/,,src/content/posts/2024/linux-alternatives.md
https://github.com/nativefier/nativefier,introduced,reachable,HTTP GET,200,,2026-10-07T19:55:05.844012+00:00,https://github.com/nativefier/nativefier,,src/content/posts/2024/linux-alternatives.md
https://github.com/ncw/rclone,removed-or-replaced,reachable,HTTP GET,200,,2026-10-07T19:49:39.261218+00:00,https://github.com/rclone/rclone,,src/content/posts/2024/linux-alternatives.md
https://github.com/needle-and-thread/vocal,removed-or-replaced,reachable,HTTP GET,200,,2026-10-07T19:49:22.142134+00:00,https://github.com/VocalPodcastProject/vocal,,src/content/posts/2024/linux-alternatives.md
https://github.com/neovim/neovim,retained,reachable,HTTP GET,200,,2026-10-07T19:52:46.539665+00:00,https://github.com/neovim/neovim,,src/content/posts/2024/linux-alternatives.md
https://github.com/netblue30/firejail,retained,reachable,HTTP GET,200,,2026-10-07T19:52:12.375928+00:00,https://github.com/netblue30/firejail,,src/content/posts/2024/linux-alternatives.md
https://github.com/netdata/netdata,retained,reachable,HTTP GET,200,,2026-10-07T19:52:58.809405+00:00,https://github.com/netdata/netdata,,src/content/posts/2024/linux-alternatives.md
https://github.com/neutrinolabs/pipewire-module-xrdp,retained,reachable,HTTP GET,200,,2026-10-07T19:49:01.052875+00:00,https://github.com/neutrinolabs/pipewire-module-xrdp,,src/content/posts/2024/enhanced-linux-in-windows.md
https://github.com/neutrinolabs/pulseaudio-module-xrdp,retained,reachable,HTTP GET,200,,2026-10-07T19:49:00.790542+00:00,https://github.com/neutrinolabs/pulseaudio-module-xrdp,,src/content/posts/2024/enhanced-linux-in-windows.md
https://github.com/newsboat/newsboat,retained,reachable,HTTP GET,200,,2026-10-07T19:53:25.944158+00:00,https://github.com/newsboat/newsboat,,src/content/posts/2024/linux-alternatives.md
https://github.com/nextcloud,retained,reachable,HTTP GET,200,,2026-10-07T19:52:24.518881+00:00,https://github.com/nextcloud,,src/content/posts/2024/linux-alternatives.md
https://github.com/nicolargo/glances,retained,reachable,HTTP GET,200,,2026-10-07T19:53:30.879514+00:00,https://github.com/nicolargo/glances,,src/content/posts/2024/linux-alternatives.md
https://github.com/nitroshare/nitroshare-desktop,retained,reachable,HTTP GET,200,,2026-10-07T19:52:28.068334+00:00,https://github.com/nitroshare/nitroshare-desktop,,src/content/posts/2024/linux-alternatives.md
https://github.com/nmap/nmap,retained,reachable,HTTP GET,200,,2026-10-07T19:53:06.801699+00:00,https://github.com/nmap/nmap,,src/content/posts/2024/linux-alternatives.md
https://github.com/noahbliss/mortar,retained,reachable,HTTP GET,200,,2026-10-07T19:52:10.331656+00:00,https://github.com/noahbliss/mortar,,src/content/posts/2024/linux-alternatives.md
https://github.com/nodiscc/awesome-linuxaudio,retained,reachable,HTTP GET,200,,2026-10-07T19:49:05.036940+00:00,https://github.com/nodiscc/awesome-linuxaudio,,src/content/posts/2024/linux-alternatives.md
https://github.com/nojhan/liquidprompt,removed-or-replaced,reachable,HTTP GET,200,,2026-10-07T19:53:41.023195+00:00,https://github.com/liquidprompt/liquidprompt,,src/content/posts/2024/linux-alternatives.md
https://github.com/nomacs/nomacs/tree/master,retained,reachable,HTTP GET,200,,2026-10-07T19:51:22.672249+00:00,https://github.com/nomacs/nomacs/tree/master,,src/content/posts/2024/linux-alternatives.md
https://github.com/nomic-ai/gpt4all,retained,reachable,HTTP GET,200,,2026-10-07T19:53:03.699109+00:00,https://github.com/nomic-ai/gpt4all,,src/content/posts/2024/linux-alternatives.md
https://github.com/nonstop/termit,retained,reachable,HTTP GET,200,,2026-10-07T19:52:37.083803+00:00,https://github.com/nonstop/termit,,src/content/posts/2024/linux-alternatives.md
https://github.com/nornagon/twitter-bookmark-archiver,retained,reachable,HTTP GET,200,,2026-10-07T19:48:47.970849+00:00,https://github.com/nornagon/twitter-bookmark-archiver,,src/content/posts/2022/twitter-archive.md
https://github.com/notepadqq/notepadqq,retained,reachable,HTTP GET,200,,2026-10-07T19:52:48.506131+00:00,https://github.com/notepadqq/notepadqq,,src/content/posts/2024/linux-alternatives.md
https://github.com/ntdevlabs/tiny11builder,retained,reachable,HTTP GET,200,,2026-10-07T19:48:57.779549+00:00,https://github.com/ntdevlabs/tiny11builder,,src/content/posts/2023/tiny11-has-problems.md;src/content/posts/2026/winutil-in-2026.md
https://github.com/nukeop/nuclear,retained,reachable,HTTP GET,200,,2026-10-07T19:49:17.009364+00:00,https://github.com/nukeop/nuclear,,src/content/posts/2024/linux-alternatives.md
https://github.com/numixproject/numix-icon-theme,retained,reachable,HTTP GET,200,,2026-10-07T19:49:42.913031+00:00,https://github.com/numixproject/numix-icon-theme,,src/content/posts/2024/linux-alternatives.md
https://github.com/nushell/nushell,retained,reachable,HTTP GET,200,,2026-10-07T19:50:13.005857+00:00,https://github.com/nushell/nushell,,src/content/posts/2024/linux-alternatives.md
https://github.com/nuttyartist/notes,retained,reachable,HTTP GET,200,,2026-10-07T19:51:59.023291+00:00,https://github.com/nuttyartist/notes,,src/content/posts/2024/linux-alternatives.md
https://github.com/nvbn/thefuck,retained,reachable,HTTP GET,200,,2026-10-07T19:53:45.748549+00:00,https://github.com/nvbn/thefuck,,src/content/posts/2024/linux-alternatives.md
https://github.com/nvim-lua/kickstart.nvim,retained,reachable,HTTP GET,200,,2026-10-07T19:48:49.677799+00:00,https://github.com/nvim-lua/kickstart.nvim,,src/content/posts/2022/vim-the-ultimate-editor.md;src/content/posts/2023/my-new-editor.md
https://github.com/nxengine/nxengine-evo,retained,reachable,HTTP GET,200,,2026-10-07T19:50:43.025852+00:00,https://github.com/nxengine/nxengine-evo,,src/content/posts/2024/linux-alternatives.md
https://github.com/nylas/nylas-mail,retained,reachable,HTTP GET,200,,2026-10-07T19:50:34.438600+00:00,https://github.com/nylas/nylas-mail,,src/content/posts/2024/linux-alternatives.md
https://github.com/o2sh/onefetch,retained,reachable,HTTP GET,200,,2026-10-07T19:53:42.534973+00:00,https://github.com/o2sh/onefetch,,src/content/posts/2024/linux-alternatives.md
https://github.com/o3de/o3de/,retained,reachable,HTTP GET,200,,2026-10-07T19:50:05.056793+00:00,https://github.com/o3de/o3de/,,src/content/posts/2024/linux-alternatives.md
https://github.com/obsproject/obs-studio,retained,reachable,HTTP GET,200,,2026-10-07T19:51:28.562889+00:00,https://github.com/obsproject/obs-studio,,src/content/posts/2024/linux-alternatives.md
https://github.com/oceanbase/oceanbase,retained,reachable,HTTP GET,200,,2026-10-07T19:49:57.737052+00:00,https://github.com/oceanbase/oceanbase,,src/content/posts/2024/linux-alternatives.md
https://github.com/oferkv/phototonic,retained,reachable,HTTP GET,200,,2026-10-07T19:51:23.441725+00:00,https://github.com/oferkv/phototonic,,src/content/posts/2024/linux-alternatives.md
https://github.com/ogham/exa,retained,reachable,HTTP GET,200,,2026-10-07T19:53:38.677245+00:00,https://github.com/ogham/exa,,src/content/posts/2024/linux-alternatives.md
https://github.com/oguzhaninan/Buka,retained,reachable,HTTP GET,200,,2026-10-07T19:50:22.680895+00:00,https://github.com/oguzhaninan/Buka,,src/content/posts/2024/linux-alternatives.md
https://github.com/oguzhaninan/Buka/,retained,reachable,HTTP GET,200,,2026-10-07T19:50:23.238039+00:00,https://github.com/oguzhaninan/Buka/,,src/content/posts/2024/linux-alternatives.md
https://github.com/oguzhaninan/Stacer,retained,reachable,HTTP GET,200,,2026-10-07T19:52:55.563700+00:00,https://github.com/oguzhaninan/Stacer,,src/content/posts/2024/linux-alternatives.md
https://github.com/oguzhaninan/korkut,retained,reachable,HTTP GET,200,,2026-10-07T19:53:40.947595+00:00,https://github.com/oguzhaninan/korkut,,src/content/posts/2024/linux-alternatives.md
https://github.com/oh-my-fish/oh-my-fish,retained,reachable,HTTP GET,200,,2026-10-07T19:50:13.426297+00:00,https://github.com/oh-my-fish/oh-my-fish,,src/content/posts/2024/linux-alternatives.md
https://github.com/ohmyzsh/ohmyzsh,introduced,reachable,HTTP GET,200,,2026-10-07T19:54:50.772257+00:00,https://github.com/ohmyzsh/ohmyzsh,,src/content/posts/2024/linux-alternatives.md
https://github.com/oils-for-unix/oils,introduced,reachable,HTTP GET,200,,2026-10-07T19:54:51.212001+00:00,https://github.com/oils-for-unix/oils,,src/content/posts/2024/linux-alternatives.md
https://github.com/oilshell/oil,removed-or-replaced,reachable,HTTP GET,200,,2026-10-07T19:50:14.108994+00:00,https://github.com/oils-for-unix/oils,,src/content/posts/2024/linux-alternatives.md
https://github.com/olav-st/screencloud,retained,reachable,HTTP GET,200,,2026-10-07T19:51:30.891524+00:00,https://github.com/olav-st/screencloud,,src/content/posts/2024/linux-alternatives.md
https://github.com/olive-editor/olive,retained,reachable,HTTP GET,200,,2026-10-07T19:51:32.821910+00:00,https://github.com/olive-editor/olive,,src/content/posts/2024/linux-alternatives.md
https://github.com/olivierkes/manuskript,retained,reachable,HTTP GET,200,,2026-10-07T19:51:46.375865+00:00,https://github.com/olivierkes/manuskript,,src/content/posts/2024/linux-alternatives.md
https://github.com/onionshare/onionshare,introduced,reachable,HTTP GET,200,,2026-10-07T19:55:01.919805+00:00,https://github.com/onionshare/onionshare,,src/content/posts/2024/linux-alternatives.md
https://github.com/oniony/TMSU,retained,reachable,HTTP GET,200,,2026-10-07T19:53:09.875100+00:00,https://github.com/oniony/TMSU,,src/content/posts/2024/linux-alternatives.md
https://github.com/openmaptiles,retained,reachable,HTTP GET,200,,2026-10-07T19:50:31.496308+00:00,https://github.com/openmaptiles,,src/content/posts/2024/linux-alternatives.md
https://github.com/opp11/chemtool/,retained,reachable,HTTP GET,200,,2026-10-07T19:50:29.131810+00:00,https://github.com/opp11/chemtool/,,src/content/posts/2024/linux-alternatives.md
https://github.com/orakaro/rainbowstream,retained,reachable,HTTP GET,200,,2026-10-07T19:53:25.983787+00:00,https://github.com/orakaro/rainbowstream,,src/content/posts/2024/linux-alternatives.md
https://github.com/orbitalquark/textadept,retained,reachable,HTTP GET,200,,2026-10-07T19:52:43.681037+00:00,https://github.com/orbitalquark/textadept,,src/content/posts/2024/linux-alternatives.md
https://github.com/orf/gping,retained,reachable,HTTP GET,200,,2026-10-07T19:53:40.383832+00:00,https://github.com/orf/gping,,src/content/posts/2024/linux-alternatives.md
https://github.com/orhun/kermit,retained,reachable,HTTP GET,200,,2026-10-07T19:52:35.046788+00:00,https://github.com/orhun/kermit,,src/content/posts/2024/linux-alternatives.md
https://github.com/orhun/kmon,retained,reachable,HTTP GET,200,,2026-10-07T19:53:32.817177+00:00,https://github.com/orhun/kmon,,src/content/posts/2024/linux-alternatives.md
https://github.com/orhun/linuxwave,retained,reachable,HTTP GET,200,,2026-10-07T19:49:24.317093+00:00,https://github.com/orhun/linuxwave,,src/content/posts/2024/linux-alternatives.md
https://github.com/orhun/menyoki,retained,reachable,HTTP GET,200,,2026-10-07T19:51:27.731848+00:00,https://github.com/orhun/menyoki,,src/content/posts/2024/linux-alternatives.md
https://github.com/original-owner/repo-name,retained,example-or-local,HTTP GET,404,,2026-10-07T19:54:14.802260+00:00,https://github.com/original-owner/repo-name,Illustrative URL; not a public destination contract,src/content/posts/2026/gitea.md
https://github.com/original-owner/repo-name.git,retained,example-or-local,HTTP GET,404,,2026-10-07T19:54:15.097126+00:00,https://github.com/original-owner/repo-name,Illustrative URL; not a public destination contract,src/content/posts/2026/gitea.md
https://github.com/osdlyrics/osdlyrics,retained,reachable,HTTP GET,200,,2026-10-07T19:49:25.074354+00:00,https://github.com/osdlyrics/osdlyrics,,src/content/posts/2024/linux-alternatives.md
https://github.com/owenthereal/ccat,retained,reachable,HTTP GET,200,,2026-10-07T19:53:36.578241+00:00,https://github.com/owenthereal/ccat,,src/content/posts/2024/linux-alternatives.md
https://github.com/owncloud,retained,reachable,HTTP GET,200,,2026-10-07T19:52:25.120162+00:00,https://github.com/owncloud,,src/content/posts/2024/linux-alternatives.md
https://github.com/oxen-io,retained,reachable,HTTP GET,200,,2026-10-07T19:49:35.372486+00:00,https://github.com/oxen-io,,src/content/posts/2024/linux-alternatives.md
https://github.com/ozmartian/vidcutter,retained,reachable,HTTP GET,200,,2026-10-07T19:51:33.927931+00:00,https://github.com/ozmartian/vidcutter,,src/content/posts/2024/linux-alternatives.md
https://github.com/p-e-w/plotinus,retained,reachable,HTTP GET,200,,2026-10-07T19:51:52.580798+00:00,https://github.com/p-e-w/plotinus,,src/content/posts/2024/linux-alternatives.md
https://github.com/padloc/padloc,retained,reachable,HTTP GET,200,,2026-10-07T19:52:18.213998+00:00,https://github.com/padloc/padloc,,src/content/posts/2024/linux-alternatives.md
https://github.com/patrikx3/onenote,retained,reachable,HTTP GET,200,,2026-10-07T19:51:59.605526+00:00,https://github.com/patrikx3/onenote,,src/content/posts/2024/linux-alternatives.md
https://github.com/pbek/QOwnNotes,retained,reachable,HTTP GET,200,,2026-10-07T19:52:00.654448+00:00,https://github.com/pbek/QOwnNotes,,src/content/posts/2024/linux-alternatives.md
https://github.com/pculture/miro,retained,reachable,HTTP GET,200,,2026-10-07T19:53:15.721280+00:00,https://github.com/pculture/miro,,src/content/posts/2024/linux-alternatives.md
https://github.com/pdfarranger/pdfarranger,retained,reachable,HTTP GET,200,,2026-10-07T19:50:26.008197+00:00,https://github.com/pdfarranger/pdfarranger,,src/content/posts/2024/linux-alternatives.md
https://github.com/pear-devs/pear-desktop,introduced,reachable,Firecrawl scrape,200,200,2026-10-07T19:50:40.185Z,https://github.com/pear-devs/pear-desktop,,src/content/posts/2024/linux-alternatives.md
https://github.com/percona/percona-server,retained,reachable,HTTP GET,200,,2026-10-07T19:49:59.684256+00:00,https://github.com/percona/percona-server,,src/content/posts/2024/linux-alternatives.md
https://github.com/percona/percona-server-mongodb,retained,reachable,HTTP GET,200,,2026-10-07T19:49:58.502797+00:00,https://github.com/percona/percona-server-mongodb,,src/content/posts/2024/linux-alternatives.md
https://github.com/percona/percona-xtradb-cluster,retained,reachable,HTTP GET,200,,2026-10-07T19:50:00.070381+00:00,https://github.com/percona/percona-xtradb-cluster,,src/content/posts/2024/linux-alternatives.md
https://github.com/percona/pmm-server,retained,reachable,HTTP GET,200,,2026-10-07T19:49:59.270263+00:00,https://github.com/percona/pmm-server,,src/content/posts/2024/linux-alternatives.md
https://github.com/peterlevi/ojo,retained,reachable,HTTP GET,200,,2026-10-07T19:51:22.782383+00:00,https://github.com/peterlevi/ojo,,src/content/posts/2024/linux-alternatives.md
https://github.com/peterlevi/variety-slideshow,retained,reachable,HTTP GET,200,,2026-10-07T19:53:12.002654+00:00,https://github.com/peterlevi/variety-slideshow,,src/content/posts/2024/linux-alternatives.md
https://github.com/pgkt04/defender-control,introduced,reachable,HTTP GET,200,,2026-10-07T19:54:45.365275+00:00,https://github.com/pgkt04/defender-control,,src/content/posts/2022/disable-win-defender.md
https://github.com/phillipberndt/autorandr,retained,reachable,HTTP GET,200,,2026-10-07T19:48:16.410692+00:00,https://github.com/phillipberndt/autorandr,,src/content/posts/2020/common-computer-issues.md
https://github.com/phoronix-test-suite/phoronix-test-suite,retained,reachable,HTTP GET,200,,2026-10-07T19:54:15.821176+00:00,https://github.com/phoronix-test-suite/phoronix-test-suite,,src/content/posts/2026/how-to-benchmark-in-linux.md
https://github.com/phoronix-test-suite/phoronix-test-suite.git,retained,reachable,HTTP GET,200,,2026-10-07T19:54:16.219739+00:00,https://github.com/phoronix-test-suite/phoronix-test-suite,,src/content/posts/2026/how-to-benchmark-in-linux.md
https://github.com/phw/peek,retained,reachable,HTTP GET,200,,2026-10-07T19:51:28.906403+00:00,https://github.com/phw/peek,,src/content/posts/2024/linux-alternatives.md
https://github.com/pi-hole/pi-hole,retained,reachable,HTTP GET,200,,2026-10-07T19:53:07.253994+00:00,https://github.com/pi-hole/pi-hole,,src/content/posts/2024/linux-alternatives.md
https://github.com/pia-foss/desktop,retained,reachable,HTTP GET,200,,2026-10-07T19:53:18.210773+00:00,https://github.com/pia-foss/desktop,,src/content/posts/2024/linux-alternatives.md
https://github.com/pimlie/ubuntu-mainline-kernel.sh,retained,reachable,HTTP GET,200,,2026-10-07T19:48:26.271552+00:00,https://github.com/pimlie/ubuntu-mainline-kernel.sh,,src/content/posts/2020/ultimate-linux-gaming-guide.md
https://github.com/piskelapp/piskel,retained,reachable,HTTP GET,200,,2026-10-07T19:51:20.536950+00:00,https://github.com/piskelapp/piskel,,src/content/posts/2024/linux-alternatives.md
https://github.com/pithos/pithos,retained,reachable,HTTP GET,200,,2026-10-07T19:49:17.749479+00:00,https://github.com/pithos/pithos,,src/content/posts/2024/linux-alternatives.md
https://github.com/pkulchenko/ZeroBraneStudio,retained,reachable,HTTP GET,200,,2026-10-07T19:52:44.645668+00:00,https://github.com/pkulchenko/ZeroBraneStudio,,src/content/posts/2024/linux-alternatives.md
https://github.com/polybar/polybar,introduced,reachable,HTTP GET,200,,2026-10-07T19:54:50.442285+00:00,https://github.com/polybar/polybar,,src/content/posts/2024/linux-alternatives.md
https://github.com/polychromatic/polychromatic,retained,reachable,HTTP GET,200,,2026-10-07T19:53:21.960549+00:00,https://github.com/polychromatic/polychromatic,,src/content/posts/2024/linux-alternatives.md
https://github.com/pop-os/cosmic-epoch/issues/1591,retained,reachable,HTTP GET,200,,2026-10-07T19:54:23.271863+00:00,https://github.com/pop-os/cosmic-epoch/issues/1591,,src/content/posts/2026/system76-sucks.md
https://github.com/pop-os/cosmic-epoch/issues/2013,retained,reachable,HTTP GET,200,,2026-10-07T19:54:22.601243+00:00,https://github.com/pop-os/cosmic-epoch/issues/2013,,src/content/posts/2026/system76-sucks.md
https://github.com/pop-os/cosmic-epoch/issues/2122,retained,reachable,HTTP GET,200,,2026-10-07T19:54:21.048396+00:00,https://github.com/pop-os/cosmic-epoch/issues/2122,,src/content/posts/2026/system76-sucks.md
https://github.com/pop-os/cosmic-epoch/issues/2920,retained,reachable,HTTP GET,200,,2026-10-07T19:54:21.967929+00:00,https://github.com/pop-os/cosmic-epoch/issues/2920,,src/content/posts/2026/system76-sucks.md
https://github.com/pop-os/cosmic-epoch/issues/3026,retained,reachable,HTTP GET,200,,2026-10-07T19:54:25.263276+00:00,https://github.com/pop-os/cosmic-epoch/issues/3026,,src/content/posts/2026/system76-sucks.md
https://github.com/pop-os/cosmic-epoch/issues/3074,retained,reachable,HTTP GET,200,,2026-10-07T19:54:24.190400+00:00,https://github.com/pop-os/cosmic-epoch/issues/3074,,src/content/posts/2026/system76-sucks.md
https://github.com/pop-os/cosmic-epoch/issues/3094,retained,reachable,HTTP GET,200,,2026-10-07T19:54:24.677896+00:00,https://github.com/pop-os/pipewire/issues/87,,src/content/posts/2026/system76-sucks.md
https://github.com/pop-os/cosmic-epoch/issues/3224,retained,reachable,HTTP GET,200,,2026-10-07T19:54:21.342931+00:00,https://github.com/pop-os/cosmic-epoch/issues/3224,,src/content/posts/2026/system76-sucks.md
https://github.com/pop-os/cosmic-epoch/issues/3249,retained,reachable,HTTP GET,200,,2026-10-07T19:54:23.999275+00:00,https://github.com/pop-os/cosmic-epoch/issues/3249,,src/content/posts/2026/system76-sucks.md
https://github.com/pop-os/cosmic-epoch/issues/3270,retained,reachable,HTTP GET,200,,2026-10-07T19:54:23.910960+00:00,https://github.com/pop-os/cosmic-epoch/issues/3270,,src/content/posts/2026/system76-sucks.md
https://github.com/pop-os/popsicle,retained,reachable,HTTP GET,200,,2026-10-07T19:52:51.736867+00:00,https://github.com/pop-os/popsicle,,src/content/posts/2024/linux-alternatives.md
https://github.com/pop-os/shell,retained,reachable,HTTP GET,200,,2026-10-07T19:54:03.900313+00:00,https://github.com/pop-os/shell,,src/content/posts/2024/linux-alternatives.md
https://github.com/popcorn-official/popcorn-desktop,removed-or-replaced,reachable,HTTP GET,200,,2026-10-07T19:51:39.953760+00:00,https://github.com/popcorntime/popcorntime,,src/content/posts/2024/linux-alternatives.md
https://github.com/popcorntime/popcorntime,introduced,reachable,HTTP GET,200,,2026-10-07T19:54:57.030101+00:00,https://github.com/popcorntime/popcorntime,,src/content/posts/2024/linux-alternatives.md
https://github.com/popey/unsnap,retained,reachable,HTTP GET,200,,2026-10-07T19:53:11.604063+00:00,https://github.com/popey/unsnap,,src/content/posts/2024/linux-alternatives.md
https://github.com/postgres/postgres,retained,reachable,HTTP GET,200,,2026-10-07T19:50:00.733505+00:00,https://github.com/postgres/postgres,,src/content/posts/2024/linux-alternatives.md
https://github.com/prateekmedia/appimagepool,retained,reachable,HTTP GET,200,,2026-10-07T19:52:53.507715+00:00,https://github.com/prateekmedia/appimagepool,,src/content/posts/2024/linux-alternatives.md
https://github.com/pulb/mailnag,retained,reachable,HTTP GET,200,,2026-10-07T19:50:34.162413+00:00,https://github.com/pulb/mailnag,,src/content/posts/2024/linux-alternatives.md
https://github.com/pulsar-edit/pulsar,retained,reachable,HTTP GET,200,,2026-10-07T19:52:43.282574+00:00,https://github.com/pulsar-edit/pulsar,,src/content/posts/2024/linux-alternatives.md
https://github.com/pulseaudio/pulseaudio,retained,reachable,HTTP GET,200,,2026-10-07T19:53:08.491748+00:00,https://github.com/pulseaudio/pulseaudio,,src/content/posts/2024/linux-alternatives.md
https://github.com/pwmt/zathura,introduced,reachable,HTTP GET,200,,2026-10-07T19:54:51.794278+00:00,https://github.com/pwmt/zathura,,src/content/posts/2024/linux-alternatives.md
https://github.com/pwr-Solaar/Solaar,retained,reachable,HTTP GET,200,,2026-10-07T19:53:09.203822+00:00,https://github.com/pwr-Solaar/Solaar,,src/content/posts/2024/linux-alternatives.md
https://github.com/pystardust/ytfzf,retained,reachable,HTTP GET,200,,2026-10-07T19:51:41.191746+00:00,https://github.com/pystardust/ytfzf,,src/content/posts/2024/linux-alternatives.md
https://github.com/qTox/qTox,retained,reachable,HTTP GET,200,,2026-10-07T19:49:34.273601+00:00,https://github.com/qTox/qTox,,src/content/posts/2024/linux-alternatives.md
https://github.com/qarmin/czkawka,retained,reachable,HTTP GET,200,,2026-10-07T19:50:16.041370+00:00,https://github.com/qarmin/czkawka,,src/content/posts/2024/linux-alternatives.md
https://github.com/qbittorrent/qBittorrent,retained,reachable,HTTP GET,200,,2026-10-07T19:52:30.890051+00:00,https://github.com/qbittorrent/qBittorrent,,src/content/posts/2024/linux-alternatives.md
https://github.com/qmc2/qmc2-mame-fe,retained,reachable,HTTP GET,200,,2026-10-07T19:51:08.177516+00:00,https://github.com/qmc2/qmc2-mame-fe,,src/content/posts/2024/linux-alternatives.md
https://github.com/qt-creator/qt-creator,retained,reachable,HTTP GET,200,,2026-10-07T19:49:54.790256+00:00,https://github.com/qt-creator/qt-creator,,src/content/posts/2024/linux-alternatives.md
https://github.com/qtile/qtile,retained,reachable,HTTP GET,200,,2026-10-07T19:54:04.574614+00:00,https://github.com/qtile/qtile,,src/content/posts/2024/linux-alternatives.md
https://github.com/qtkite/defender-control,removed-or-replaced,reachable,HTTP GET,200,,2026-10-07T19:48:36.705009+00:00,https://github.com/pgkt04/defender-control,,src/content/posts/2022/disable-win-defender.md
https://github.com/quickemu-project/quickemu,retained,reachable,HTTP GET,200,,2026-10-07T19:48:43.725703+00:00,https://github.com/quickemu-project/quickemu,,src/content/posts/2022/quickemu.md;src/content/posts/2024/linux-alternatives.md
https://github.com/quickemu-project/quickemu/wiki/01-Installation,retained,reachable,HTTP GET,200,,2026-10-07T19:48:44.031364+00:00,https://github.com/quickemu-project/quickemu/wiki/01-Installation,,src/content/posts/2022/quickemu.md
https://github.com/quickemu-project/quickgui,retained,reachable,HTTP GET,200,,2026-10-07T19:48:44.364781+00:00,https://github.com/quickemu-project/quickgui,,src/content/posts/2022/quickemu.md
https://github.com/quodlibet/quodlibet,retained,reachable,HTTP GET,200,,2026-10-07T19:49:18.128712+00:00,https://github.com/quodlibet/quodlibet,,src/content/posts/2024/linux-alternatives.md
https://github.com/qutebrowser/qutebrowser,retained,reachable,HTTP GET,200,,2026-10-07T19:51:35.094019+00:00,https://github.com/qutebrowser/qutebrowser,,src/content/posts/2024/linux-alternatives.md
https://github.com/rabbitvcs/rabbitvcs,retained,reachable,HTTP GET,200,,2026-10-07T19:50:20.673037+00:00,https://github.com/rabbitvcs/rabbitvcs,,src/content/posts/2024/linux-alternatives.md
https://github.com/radareorg/radare2/releases,retained,reachable,HTTP GET,200,,2026-10-07T19:52:20.074306+00:00,https://github.com/radareorg/radare2/releases,,src/content/posts/2024/linux-alternatives.md
https://github.com/rafaelmardojai/blanket,retained,reachable,HTTP GET,200,,2026-10-07T19:51:49.123062+00:00,https://github.com/rafaelmardojai/blanket,,src/content/posts/2024/linux-alternatives.md
https://github.com/ranger/ranger,retained,reachable,HTTP GET,200,,2026-10-07T19:50:38.352125+00:00,https://github.com/ranger/ranger,,src/content/posts/2024/linux-alternatives.md
https://github.com/ransome1/sleek,retained,reachable,HTTP GET,200,,2026-10-07T19:52:05.192925+00:00,https://github.com/ransome1/sleek,,src/content/posts/2024/linux-alternatives.md
https://github.com/rastapasta/mapscii,retained,reachable,HTTP GET,200,,2026-10-07T19:53:05.365176+00:00,https://github.com/rastapasta/mapscii,,src/content/posts/2024/linux-alternatives.md
https://github.com/rcaelers/workrave,retained,reachable,HTTP GET,200,,2026-10-07T19:53:12.654372+00:00,https://github.com/rcaelers/workrave,,src/content/posts/2024/linux-alternatives.md
https://github.com/rclone/rclone,introduced,reachable,HTTP GET,200,,2026-10-07T19:54:49.922919+00:00,https://github.com/rclone/rclone,,src/content/posts/2024/linux-alternatives.md
https://github.com/realmazharhussain/gdm-settings,removed-or-replaced,reachable,HTTP GET,200,,2026-10-07T19:49:52.683029+00:00,https://github.com/gdm-settings/gdm-settings,,src/content/posts/2024/linux-alternatives.md
https://github.com/red-eclipse/base,removed-or-replaced,reachable,HTTP GET,200,,2026-10-07T19:50:45.073510+00:00,https://github.com/redeclipse/base,,src/content/posts/2024/linux-alternatives.md
https://github.com/redeclipse/base,introduced,reachable,HTTP GET,200,,2026-10-07T19:54:52.808055+00:00,https://github.com/redeclipse/base,,src/content/posts/2024/linux-alternatives.md
https://github.com/restic/restic,retained,reachable,HTTP GET,200,,2026-10-07T19:49:39.612634+00:00,https://github.com/restic/restic,,src/content/posts/2024/linux-alternatives.md
https://github.com/retext-project/retext,retained,reachable,HTTP GET,200,,2026-10-07T19:51:45.708694+00:00,https://github.com/retext-project/retext,,src/content/posts/2024/linux-alternatives.md
https://github.com/revoltchat,retained,reachable,HTTP GET,200,,2026-10-07T19:49:34.628517+00:00,https://github.com/revoltchat,,src/content/posts/2024/linux-alternatives.md
https://github.com/rg3/youtube-dl,removed-or-replaced,reachable,HTTP GET,200,,2026-10-07T19:53:28.500317+00:00,https://github.com/ytdl-org/youtube-dl,,src/content/posts/2024/linux-alternatives.md
https://github.com/riverwm/river,retained,reachable,HTTP GET,200,,2026-10-07T19:53:58.990188+00:00,https://github.com/riverwm/river,,src/content/posts/2024/linux-alternatives.md
https://github.com/rizinorg/cutter,retained,reachable,HTTP GET,200,,2026-10-07T19:52:18.842411+00:00,https://github.com/rizinorg/cutter,,src/content/posts/2024/linux-alternatives.md
https://github.com/robbyrussell/oh-my-zsh,removed-or-replaced,reachable,HTTP GET,200,,2026-10-07T19:50:13.779338+00:00,https://github.com/ohmyzsh/ohmyzsh,,src/content/posts/2024/linux-alternatives.md
https://github.com/robiot/xclicker,retained,reachable,HTTP GET,200,,2026-10-07T19:51:50.325786+00:00,https://github.com/robiot/xclicker,,src/content/posts/2024/linux-alternatives.md
https://github.com/romkatv/powerlevel10k.git,retained,reachable,HTTP GET,200,,2026-10-07T19:48:28.980953+00:00,https://github.com/romkatv/powerlevel10k,,src/content/posts/2020/zsh.md
https://github.com/router-for-me/CLIProxyAPI,retained,reachable,HTTP GET,200,,2026-10-07T19:54:15.576764+00:00,https://github.com/router-for-me/CLIProxyAPI,,src/content/posts/2026/github-copilot-on-linux.md
https://github.com/rpcs3,retained,reachable,HTTP GET,200,,2026-10-07T19:51:14.345203+00:00,https://github.com/rpcs3,,src/content/posts/2024/linux-alternatives.md
https://github.com/rsnapshot/rsnapshot,retained,reachable,HTTP GET,200,,2026-10-07T19:49:39.909187+00:00,https://github.com/rsnapshot/rsnapshot,,src/content/posts/2024/linux-alternatives.md
https://github.com/rustdesk/rustdesk,retained,reachable,HTTP GET,200,,2026-10-07T19:52:30.725285+00:00,https://github.com/rustdesk/rustdesk,,src/content/posts/2024/linux-alternatives.md
https://github.com/safing/portmaster,retained,reachable,HTTP GET,200,,2026-10-07T19:52:15.295311+00:00,https://github.com/safing/portmaster,,src/content/posts/2024/linux-alternatives.md
https://github.com/sagemath/sage,retained,reachable,HTTP GET,200,,2026-10-07T19:50:31.740310+00:00,https://github.com/sagemath/sage,,src/content/posts/2024/linux-alternatives.md
https://github.com/sahib/rmlint,retained,reachable,HTTP GET,200,,2026-10-07T19:52:55.176470+00:00,https://github.com/sahib/rmlint,,src/content/posts/2024/linux-alternatives.md
https://github.com/salty-horse/ibus-uniemoji,retained,reachable,HTTP GET,200,,2026-10-07T19:48:21.669230+00:00,https://github.com/salty-horse/ibus-uniemoji,,src/content/posts/2020/emoji.md
https://github.com/saulpw/visidata,retained,reachable,HTTP GET,200,,2026-10-07T19:52:39.155161+00:00,https://github.com/saulpw/visidata,,src/content/posts/2024/linux-alternatives.md
https://github.com/scantailor/scantailor,retained,reachable,HTTP GET,200,,2026-10-07T19:51:17.657035+00:00,https://github.com/scantailor/scantailor,,src/content/posts/2024/linux-alternatives.md
https://github.com/scantailor/scantailor/wiki/User-Guide,retained,reachable,HTTP GET,200,,2026-10-07T19:51:18.088915+00:00,https://github.com/scantailor/scantailor/wiki/User-Guide,,src/content/posts/2024/linux-alternatives.md
https://github.com/schollz/croc,retained,reachable,HTTP GET,200,,2026-10-07T19:52:27.708747+00:00,https://github.com/schollz/croc,,src/content/posts/2024/linux-alternatives.md
https://github.com/scipy/scipy,retained,reachable,HTTP GET,200,,2026-10-07T19:50:32.059229+00:00,https://github.com/scipy/scipy,,src/content/posts/2024/linux-alternatives.md
https://github.com/scratchfoundation/scratch-flash,introduced,reachable,HTTP GET,200,,2026-10-07T19:54:52.201860+00:00,https://github.com/scratchfoundation/scratch-flash,,src/content/posts/2024/linux-alternatives.md
https://github.com/scribusproject/scribus,retained,reachable,HTTP GET,200,,2026-10-07T19:51:47.141912+00:00,https://github.com/scribusproject/scribus,,src/content/posts/2024/linux-alternatives.md
https://github.com/scriptingosx/desktoppr/releases,retained,reachable,HTTP GET,200,,2026-10-07T19:48:14.779773+00:00,https://github.com/scriptingosx/desktoppr/releases,,src/content/posts/2020/change-wallpaper.md
https://github.com/scummvm/scummvm,retained,reachable,HTTP GET,200,,2026-10-07T19:51:01.405760+00:00,https://github.com/scummvm/scummvm,,src/content/posts/2024/linux-alternatives.md
https://github.com/sddm/sddm,retained,reachable,HTTP GET,200,,2026-10-07T19:53:57.021494+00:00,https://github.com/sddm/sddm,,src/content/posts/2024/linux-alternatives.md
https://github.com/sdushantha/tmpmail,retained,reachable,HTTP GET,200,,2026-10-07T19:53:27.061958+00:00,https://github.com/sdushantha/tmpmail,,src/content/posts/2024/linux-alternatives.md
https://github.com/securitywithoutborders/hardentools,removed-or-replaced,reachable,HTTP GET,200,,2026-10-07T19:48:41.961416+00:00,https://github.com/hardentools/hardentools,,src/content/posts/2022/not-safe-windows.md;src/content/posts/2023/atlasos-review.md
https://github.com/setvisible/ArrowDL,retained,reachable,HTTP GET,200,,2026-10-07T19:52:26.050877+00:00,https://github.com/setvisible/ArrowDL,,src/content/posts/2024/linux-alternatives.md
https://github.com/shadowsocks/shadowsocks-qt5,retained,reachable,HTTP GET,200,,2026-10-07T19:52:09.729672+00:00,https://github.com/shadowsocks/shadowsocks-qt5,,src/content/posts/2024/linux-alternatives.md
https://github.com/sharkdp/bat,retained,reachable,HTTP GET,200,,2026-10-07T19:53:35.373395+00:00,https://github.com/sharkdp/bat,,src/content/posts/2024/linux-alternatives.md
https://github.com/sharkdp/fd,retained,reachable,HTTP GET,200,,2026-10-07T19:53:38.850478+00:00,https://github.com/sharkdp/fd,,src/content/posts/2024/linux-alternatives.md
https://github.com/sharkdp/hyperfine,retained,reachable,HTTP GET,200,,2026-10-07T19:53:31.977820+00:00,https://github.com/sharkdp/hyperfine,,src/content/posts/2024/linux-alternatives.md
https://github.com/sharkwouter/minigalaxy,retained,reachable,HTTP GET,200,,2026-10-07T19:50:56.829154+00:00,https://github.com/sharkwouter/minigalaxy,,src/content/posts/2024/linux-alternatives.md
https://github.com/sharpbracket/redshift,introduced,reachable,HTTP GET,200,,2026-10-07T19:54:58.789958+00:00,https://github.com/sharpbracket/redshift,,src/content/posts/2024/linux-alternatives.md
https://github.com/shundhammer/qdirstat,retained,reachable,HTTP GET,200,,2026-10-07T19:50:37.758342+00:00,https://github.com/shundhammer/qdirstat,,src/content/posts/2024/linux-alternatives.md
https://github.com/shutter-project/shutter,retained,reachable,HTTP GET,200,,2026-10-07T19:51:31.104104+00:00,https://github.com/shutter-project/shutter,,src/content/posts/2024/linux-alternatives.md
https://github.com/sickcodes/osx-optimizer,retained,reachable,HTTP GET,200,,2026-10-07T19:48:36.970538+00:00,https://github.com/sickcodes/osx-optimizer,,src/content/posts/2022/docker-macos.md;src/content/posts/2022/macos-on-linux.md
https://github.com/sidneys/pb-for-desktop,retained,reachable,HTTP GET,200,,2026-10-07T19:52:28.745547+00:00,https://github.com/sidneys/pb-for-desktop,,src/content/posts/2024/linux-alternatives.md
https://github.com/signalapp,retained,reachable,HTTP GET,200,,2026-10-07T19:49:35.715970+00:00,https://github.com/signalapp,,src/content/posts/2024/linux-alternatives.md
https://github.com/simeononsecurity/FireFox-Privacy-Script,retained,reachable,HTTP GET,200,,2026-10-07T19:48:51.496952+00:00,https://github.com/simeononsecurity/FireFox-Privacy-Script,,src/content/posts/2023/creating-a-secure-system.md
https://github.com/simonmichael/hledger,removed-or-replaced,reachable,HTTP GET,200,,2026-10-07T19:51:42.388752+00:00,https://github.com/hledgerorg/hledger,,src/content/posts/2024/linux-alternatives.md
https://github.com/sindresorhus/caprine,retained,reachable,Firecrawl scrape,200,200,2026-10-07T19:50:40.186Z,https://github.com/sindresorhus/caprine,,src/content/posts/2024/linux-alternatives.md
https://github.com/sindresorhus/fast-cli,retained,reachable,HTTP GET,200,,2026-10-07T19:53:01.970691+00:00,https://github.com/sindresorhus/fast-cli,,src/content/posts/2024/linux-alternatives.md
https://github.com/sindresorhus/fkill-cli,retained,reachable,HTTP GET,200,,2026-10-07T19:53:40.108547+00:00,https://github.com/sindresorhus/fkill-cli,,src/content/posts/2024/linux-alternatives.md
https://github.com/sitaramc/gitolite,retained,reachable,HTTP GET,200,,2026-10-07T19:50:08.195820+00:00,https://github.com/sitaramc/gitolite,,src/content/posts/2024/linux-alternatives.md
https://github.com/skywind3000/z.lua,retained,reachable,HTTP GET,200,,2026-10-07T19:53:48.131325+00:00,https://github.com/skywind3000/z.lua,,src/content/posts/2024/linux-alternatives.md
https://github.com/snes9xgit/snes9x,retained,reachable,HTTP GET,200,,2026-10-07T19:51:12.431857+00:00,https://github.com/snes9xgit/snes9x,,src/content/posts/2024/linux-alternatives.md
https://github.com/snwh/moka-icon-theme,retained,reachable,HTTP GET,200,,2026-10-07T19:49:42.692431+00:00,https://github.com/snwh/moka-icon-theme,,src/content/posts/2024/linux-alternatives.md
https://github.com/soimort/translate-shell,retained,reachable,HTTP GET,200,,2026-10-07T19:53:27.091783+00:00,https://github.com/soimort/translate-shell,,src/content/posts/2024/linux-alternatives.md
https://github.com/sonic2kk/steamtinkerlaunch,retained,reachable,HTTP GET,200,,2026-10-07T19:51:02.479633+00:00,https://github.com/sonic2kk/steamtinkerlaunch,,src/content/posts/2024/linux-alternatives.md
https://github.com/sonnyp/Tangram,retained,reachable,HTTP GET,200,,2026-10-07T19:49:29.387093+00:00,https://github.com/sonnyp/Tangram,,src/content/posts/2024/linux-alternatives.md
https://github.com/sonnyp/Workbench,retained,reachable,HTTP GET,200,,2026-10-07T19:50:21.676653+00:00,https://github.com/sonnyp/Workbench,,src/content/posts/2024/linux-alternatives.md
https://github.com/spanezz/nodm,retained,reachable,HTTP GET,200,,2026-10-07T19:53:55.426114+00:00,https://github.com/spanezz/nodm,,src/content/posts/2024/linux-alternatives.md
https://github.com/spicetify/cli,introduced,reachable,HTTP GET,200,,2026-10-07T19:54:49.320631+00:00,https://github.com/spicetify/cli,,src/content/posts/2024/linux-alternatives.md
https://github.com/spicetify/spicetify-cli,removed-or-replaced,reachable,HTTP GET,200,,2026-10-07T19:49:26.162834+00:00,https://github.com/spicetify/cli,,src/content/posts/2024/linux-alternatives.md
https://github.com/splitbrain/dokuwiki,removed-or-replaced,reachable,HTTP GET,200,,2026-10-07T19:53:19.677034+00:00,https://github.com/dokuwiki/dokuwiki,,src/content/posts/2024/linux-alternatives.md
https://github.com/spotDL/spotify-downloader,retained,reachable,HTTP GET,200,,2026-10-07T19:51:36.707797+00:00,https://github.com/spotDL/spotify-downloader,,src/content/posts/2024/linux-alternatives.md
https://github.com/spsdco/notes,retained,reachable,HTTP GET,200,,2026-10-07T19:52:01.115681+00:00,https://github.com/spsdco/notes,,src/content/posts/2024/linux-alternatives.md
https://github.com/sqlitebrowser/sqlitebrowser,retained,reachable,HTTP GET,200,,2026-10-07T19:50:01.508373+00:00,https://github.com/sqlitebrowser/sqlitebrowser,,src/content/posts/2024/linux-alternatives.md
https://github.com/srwi/EverythingToolbar/releases,introduced,reachable,HTTP GET,200,,2026-10-07T19:54:46.396003+00:00,https://github.com/srwi/EverythingToolbar/releases,,src/content/posts/2023/everything-toolbar.md
https://github.com/standardnotes/,retained,reachable,HTTP GET,200,,2026-10-07T19:52:01.472352+00:00,https://github.com/standardnotes/,,src/content/posts/2024/linux-alternatives.md
https://github.com/staniel359/muffon,retained,reachable,HTTP GET,200,,2026-10-07T19:49:16.176440+00:00,https://github.com/staniel359/muffon,,src/content/posts/2024/linux-alternatives.md
https://github.com/starship/starship,retained,reachable,HTTP GET,200,,2026-10-07T19:53:44.981959+00:00,https://github.com/starship/starship,,src/content/posts/2024/linux-alternatives.md
https://github.com/stefanha/nfs-utils,retained,reachable,HTTP GET,200,,2026-10-07T19:54:14.383545+00:00,https://github.com/stefanha/nfs-utils,,src/content/posts/2026/fix-nfs-network-drives.md
https://github.com/stella-emu/stella,retained,reachable,HTTP GET,200,,2026-10-07T19:51:09.248510+00:00,https://github.com/stella-emu/stella,,src/content/posts/2024/linux-alternatives.md
https://github.com/stnkl/EverythingToolbar/releases,removed-or-replaced,reachable,HTTP GET,200,,2026-10-07T19:48:52.647822+00:00,https://github.com/srwi/EverythingToolbar/releases,,src/content/posts/2023/everything-toolbar.md
https://github.com/strawberrymusicplayer/strawberry,retained,reachable,HTTP GET,200,,2026-10-07T19:49:20.374151+00:00,https://github.com/strawberrymusicplayer/strawberry,,src/content/posts/2024/linux-alternatives.md
https://github.com/streamlink/streamlink,retained,reachable,HTTP GET,200,,2026-10-07T19:53:26.446174+00:00,https://github.com/streamlink/streamlink,,src/content/posts/2024/linux-alternatives.md
https://github.com/streamlink/streamlink-twitch-gui,retained,reachable,HTTP GET,200,,2026-10-07T19:51:40.649507+00:00,https://github.com/streamlink/streamlink-twitch-gui,,src/content/posts/2024/linux-alternatives.md
https://github.com/streetwriters/notesnook,retained,reachable,HTTP GET,200,,2026-10-07T19:51:59.219013+00:00,https://github.com/streetwriters/notesnook,,src/content/posts/2024/linux-alternatives.md
https://github.com/stride3d/stride,retained,reachable,HTTP GET,200,,2026-10-07T19:50:05.629122+00:00,https://github.com/stride3d/stride,,src/content/posts/2024/linux-alternatives.md
https://github.com/stuartlangridge/ColourPicker,retained,reachable,HTTP GET,200,,2026-10-07T19:50:20.233340+00:00,https://github.com/stuartlangridge/ColourPicker,,src/content/posts/2024/linux-alternatives.md
https://github.com/subhra74/xdm,retained,reachable,HTTP GET,200,,2026-10-07T19:52:26.819578+00:00,https://github.com/subhra74/xdm,,src/content/posts/2024/linux-alternatives.md
https://github.com/sugarlabs/sugar,retained,reachable,HTTP GET,200,,2026-10-07T19:50:32.625331+00:00,https://github.com/sugarlabs/sugar,,src/content/posts/2024/linux-alternatives.md
https://github.com/super-productivity/super-productivity,introduced,reachable,HTTP GET,200,,2026-10-07T19:55:00.628883+00:00,https://github.com/super-productivity/super-productivity,,src/content/posts/2024/linux-alternatives.md
https://github.com/supertuxkart/stk-code,retained,reachable,HTTP GET,200,,2026-10-07T19:50:48.775824+00:00,https://github.com/supertuxkart/stk-code,,src/content/posts/2024/linux-alternatives.md
https://github.com/swaywm/sway,retained,reachable,HTTP GET,200,,2026-10-07T19:53:59.253407+00:00,https://github.com/swaywm/sway,,src/content/posts/2024/linux-alternatives.md
https://github.com/syl20bnr/spacemacs,retained,reachable,HTTP GET,200,,2026-10-07T19:52:47.027226+00:00,https://github.com/syl20bnr/spacemacs,,src/content/posts/2024/linux-alternatives.md
https://github.com/sylveon/SearchWithMyBrowser,retained,reachable,HTTP GET,200,,2026-10-07T19:48:06.508465+00:00,https://github.com/sylveon/SearchWithMyBrowser,,src/content/posts/2018/2018-10-17-change-cortana-search.md
https://github.com/syncthing/syncthing,retained,reachable,HTTP GET,200,,2026-10-07T19:52:29.142311+00:00,https://github.com/syncthing/syncthing,,src/content/posts/2024/linux-alternatives.md
https://github.com/syncthing/syncthing-macos,retained,reachable,HTTP GET,200,,2026-10-07T19:48:56.063595+00:00,https://github.com/syncthing/syncthing-macos,,src/content/posts/2023/sync-local-files.md
https://github.com/synfig/synfig,retained,reachable,HTTP GET,200,,2026-10-07T19:51:17.278932+00:00,https://github.com/synfig/synfig,,src/content/posts/2024/linux-alternatives.md
https://github.com/szTheory/exifcleaner,retained,reachable,HTTP GET,200,,2026-10-07T19:51:21.582816+00:00,https://github.com/szTheory/exifcleaner,,src/content/posts/2024/linux-alternatives.md
https://github.com/tailscale,retained,reachable,HTTP GET,200,,2026-10-07T19:53:19.003695+00:00,https://github.com/tailscale,,src/content/posts/2024/linux-alternatives.md
https://github.com/tchx84/flatseal,retained,reachable,HTTP GET,200,,2026-10-07T19:53:02.177378+00:00,https://github.com/tchx84/flatseal,,src/content/posts/2024/linux-alternatives.md
https://github.com/tealdeer-rs/tealdeer,introduced,reachable,HTTP GET,200,,2026-10-07T20:07:31.826238+00:00,https://github.com/tealdeer-rs/tealdeer,,src/content/posts/2024/linux-alternatives.md
https://github.com/team-spotube/spotube,introduced,reachable,HTTP GET,200,,2026-10-07T19:54:48.783233+00:00,https://github.com/team-spotube/spotube,,src/content/posts/2024/linux-alternatives.md
https://github.com/telegramdesktop/tdesktop,retained,reachable,HTTP GET,200,,2026-10-07T19:49:36.061975+00:00,https://github.com/telegramdesktop/tdesktop,,src/content/posts/2024/linux-alternatives.md
https://github.com/texstudio-org/texstudio,retained,reachable,HTTP GET,200,,2026-10-07T19:51:43.449001+00:00,https://github.com/texstudio-org/texstudio,,src/content/posts/2024/linux-alternatives.md
https://github.com/th-ch/youtube-music,removed-or-replaced,reachable,HTTP GET,200,,2026-10-07T19:49:21.123202+00:00,https://github.com/pear-devs/pear-desktop,,src/content/posts/2024/linux-alternatives.md
https://github.com/theVakhovskeIsTaken/holoiso,removed-or-replaced,reachable,HTTP GET,200,,2026-10-07T19:48:49.005436+00:00,https://github.com/holoiso-eol/holoiso,,src/content/posts/2022/unlock-steam-deck.md
https://github.com/themix-project/themix-gui,retained,reachable,HTTP GET,200,,2026-10-07T19:49:53.328563+00:00,https://github.com/themix-project/themix-gui,,src/content/posts/2024/linux-alternatives.md
https://github.com/thezbyg/gpick,retained,reachable,HTTP GET,200,,2026-10-07T19:51:54.178791+00:00,https://github.com/thezbyg/gpick,,src/content/posts/2024/linux-alternatives.md
https://github.com/thjaeger/easystroke,retained,reachable,HTTP GET,200,,2026-10-07T19:53:01.611105+00:00,https://github.com/thjaeger/easystroke,,src/content/posts/2024/linux-alternatives.md
https://github.com/timhutton/twitter-archive-parser,retained,reachable,HTTP GET,200,,2026-10-07T19:48:47.683468+00:00,https://github.com/timhutton/twitter-archive-parser,,src/content/posts/2022/twitter-archive.md
https://github.com/tkashkin/GameHub,retained,reachable,Firecrawl scrape,200,200,2026-10-07T19:50:40.186Z,https://github.com/tkashkin/GameHub,,src/content/posts/2024/linux-alternatives.md
https://github.com/tldr-pages/tldr,retained,reachable,HTTP GET,200,,2026-10-07T19:53:45.813305+00:00,https://github.com/tldr-pages/tldr,,src/content/posts/2024/linux-alternatives.md
https://github.com/tmux/tmux,retained,reachable,HTTP GET,200,,2026-10-07T19:53:46.505594+00:00,https://github.com/tmux/tmux,,src/content/posts/2024/linux-alternatives.md
https://github.com/todotxt/todo.txt-android,retained,reachable,HTTP GET,200,,2026-10-07T19:52:06.438682+00:00,https://github.com/todotxt/todo.txt-android,,src/content/posts/2024/linux-alternatives.md
https://github.com/tom-james-watson/breaktimer-app/,retained,reachable,HTTP GET,200,,2026-10-07T19:52:04.099329+00:00,https://github.com/tom-james-watson/breaktimer-app/,,src/content/posts/2024/linux-alternatives.md
https://github.com/tomas/entrance,retained,reachable,HTTP GET,200,,2026-10-07T19:53:56.064022+00:00,https://github.com/tomas/entrance,,src/content/posts/2024/linux-alternatives.md
https://github.com/tomboy-notes/tomboy,retained,reachable,HTTP GET,200,,2026-10-07T19:52:02.239898+00:00,https://github.com/tomboy-notes/tomboy,,src/content/posts/2024/linux-alternatives.md
https://github.com/topgrade-rs/topgrade/blob/main/config.example.toml,retained,reachable,HTTP GET,200,,2026-10-07T19:54:25.754146+00:00,https://github.com/topgrade-rs/topgrade/blob/main/config.example.toml,,src/content/posts/2026/topgrade-linux.md
https://github.com/topgrade-rs/topgrade/releases,retained,reachable,HTTP GET,200,,2026-10-07T19:54:25.672854+00:00,https://github.com/topgrade-rs/topgrade/releases,,src/content/posts/2026/topgrade-linux.md
https://github.com/topics/rainmeter-skin,retained,reachable,Firecrawl scrape,429,200,2026-10-07T20:05:34.972Z,https://github.com/topics/rainmeter-skin,,src/content/posts/2023/theming-windows-with-rainmeter.md
https://github.com/torakiki/pdfsam,retained,reachable,HTTP GET,200,,2026-10-07T19:50:26.543692+00:00,https://github.com/torakiki/pdfsam,,src/content/posts/2024/linux-alternatives.md
https://github.com/transmission-remote-gui/transgui,retained,reachable,HTTP GET,200,,2026-10-07T19:52:31.841181+00:00,https://github.com/transmission-remote-gui/transgui,,src/content/posts/2024/linux-alternatives.md
https://github.com/trazyn/ieaseMusic,retained,reachable,HTTP GET,200,,2026-10-07T19:49:14.725943+00:00,https://github.com/trazyn/ieaseMusic,,src/content/posts/2024/linux-alternatives.md
https://github.com/trelby/trelby,retained,reachable,HTTP GET,200,,2026-10-07T19:51:47.581460+00:00,https://github.com/trelby/trelby,,src/content/posts/2024/linux-alternatives.md
https://github.com/trigg/Discover,retained,reachable,HTTP GET,200,,2026-10-07T19:49:30.112974+00:00,https://github.com/trigg/Discover,,src/content/posts/2024/linux-alternatives.md
https://github.com/triplea-game/triplea/,retained,reachable,HTTP GET,200,,2026-10-07T19:50:50.710031+00:00,https://github.com/triplea-game/triplea/,,src/content/posts/2024/linux-alternatives.md
https://github.com/tsujan/Kvantum.git,retained,reachable,HTTP GET,200,,2026-10-07T19:48:31.242912+00:00,https://github.com/tsujan/Kvantum,,src/content/posts/2021/rocky-linux.md
https://github.com/turanszkij/WickedEngine,retained,reachable,HTTP GET,200,,2026-10-07T19:50:05.857207+00:00,https://github.com/turanszkij/WickedEngine,,src/content/posts/2024/linux-alternatives.md
https://github.com/turtl,retained,reachable,HTTP GET,200,,2026-10-07T19:52:03.043818+00:00,https://github.com/turtl,,src/content/posts/2024/linux-alternatives.md
https://github.com/ublue-os/bazzite,retained,reachable,HTTP GET,200,,2026-10-07T19:48:59.724186+00:00,https://github.com/ublue-os/bazzite,,src/content/posts/2024/bazzite-linux.md
https://github.com/ubports/unity8,retained,reachable,HTTP GET,200,,2026-10-07T19:53:53.307799+00:00,https://github.com/ubports/unity8,,src/content/posts/2024/linux-alternatives.md
https://github.com/ubuntu/lightdm,introduced,reachable,HTTP GET,200,,2026-10-07T20:07:32.233670+00:00,https://github.com/ubuntu/lightdm,,src/content/posts/2024/linux-alternatives.md
https://github.com/ugeneunipro/ugene,retained,reachable,HTTP GET,200,,2026-10-07T19:50:32.968630+00:00,https://github.com/ugeneunipro/ugene,,src/content/posts/2024/linux-alternatives.md
https://github.com/ukui/ukui-desktop-environment,retained,reachable,HTTP GET,200,,2026-10-07T19:53:52.981374+00:00,https://github.com/ukui/ukui-desktop-environment,,src/content/posts/2024/linux-alternatives.md
https://github.com/uncrustify/uncrustify,retained,reachable,HTTP GET,200,,2026-10-07T19:50:21.377947+00:00,https://github.com/uncrustify/uncrustify,,src/content/posts/2024/linux-alternatives.md
https://github.com/unetbootin/unetbootin,retained,reachable,HTTP GET,200,,2026-10-07T19:52:52.126285+00:00,https://github.com/unetbootin/unetbootin,,src/content/posts/2024/linux-alternatives.md
https://github.com/ungoogled-software/ungoogled-chromium,introduced,reachable,HTTP GET,200,,2026-10-07T19:54:56.357248+00:00,https://github.com/ungoogled-software/ungoogled-chromium,,src/content/posts/2024/linux-alternatives.md
https://github.com/unknown-horizons/unknown-horizons,retained,reachable,HTTP GET,200,,2026-10-07T19:50:40.128703+00:00,https://github.com/unknown-horizons/unknown-horizons,,src/content/posts/2024/linux-alternatives.md
https://github.com/upscayl/upscayl,retained,reachable,HTTP GET,200,,2026-10-07T19:53:11.969447+00:00,https://github.com/upscayl/upscayl,,src/content/posts/2024/linux-alternatives.md
https://github.com/usbkey9/uktools,removed-or-replaced,reachable,HTTP GET,200,,2026-10-07T19:52:23.112774+00:00,https://github.com/aleluff/uktools,,src/content/posts/2024/linux-alternatives.md
https://github.com/users/ChrisTitusTech/projects/1/views/1,retained,reachable,HTTP GET,200,,2026-10-07T19:48:42.580682+00:00,https://github.com/users/ChrisTitusTech/projects/1/views/1,,src/content/posts/2022/one-tool-for-everything.md
https://github.com/vagnum08/cpupower-gui,retained,reachable,HTTP GET,200,,2026-10-07T19:52:57.271900+00:00,https://github.com/vagnum08/cpupower-gui,,src/content/posts/2024/linux-alternatives.md
https://github.com/varmd/wine-wayland,retained,reachable,HTTP GET,200,,2026-10-07T19:51:06.113470+00:00,https://github.com/varmd/wine-wayland,,src/content/posts/2024/linux-alternatives.md
https://github.com/vasani-arpit/WBOT,retained,reachable,HTTP GET,200,,2026-10-07T19:53:27.733188+00:00,https://github.com/vasani-arpit/WBOT,,src/content/posts/2024/linux-alternatives.md
https://github.com/vector-im/element-web,removed-or-replaced,reachable,HTTP GET,200,,2026-10-07T19:49:33.242590+00:00,https://github.com/element-hq/element-web,,src/content/posts/2024/linux-alternatives.md
https://github.com/venam/2bwm,retained,reachable,HTTP GET,200,,2026-10-07T19:54:00.040334+00:00,https://github.com/venam/2bwm,,src/content/posts/2024/linux-alternatives.md
https://github.com/ventoy/Ventoy,retained,reachable,HTTP GET,200,,2026-10-07T19:52:52.491746+00:00,https://github.com/ventoy/Ventoy,,src/content/posts/2024/linux-alternatives.md
https://github.com/veracrypt/VeraCrypt,retained,reachable,HTTP GET,200,,2026-10-07T19:52:23.911522+00:00,https://github.com/veracrypt/VeraCrypt,,src/content/posts/2024/linux-alternatives.md
https://github.com/vercel/hyper,introduced,reachable,HTTP GET,200,,2026-10-07T19:55:03.163196+00:00,https://github.com/vercel/hyper,,src/content/posts/2024/linux-alternatives.md
https://github.com/vergoh/vnstat,retained,reachable,HTTP GET,200,,2026-10-07T19:52:59.104506+00:00,https://github.com/vergoh/vnstat,,src/content/posts/2024/linux-alternatives.md
https://github.com/veyon/veyon,retained,reachable,HTTP GET,200,,2026-10-07T19:50:33.464944+00:00,https://github.com/veyon/veyon,,src/content/posts/2024/linux-alternatives.md
https://github.com/viewizard/astromenace,retained,reachable,HTTP GET,200,,2026-10-07T19:50:53.332895+00:00,https://github.com/viewizard/astromenace,,src/content/posts/2024/linux-alternatives.md
https://github.com/vifm/vifm,retained,reachable,HTTP GET,200,,2026-10-07T19:50:38.712286+00:00,https://github.com/vifm/vifm,,src/content/posts/2024/linux-alternatives.md
https://github.com/vim/vim,retained,reachable,HTTP GET,200,,2026-10-07T19:52:48.113433+00:00,https://github.com/vim/vim,,src/content/posts/2024/linux-alternatives.md
https://github.com/vimux/mainroad,retained,reachable,HTTP GET,200,,2026-10-07T19:48:22.738221+00:00,https://github.com/vimux/mainroad,,src/content/posts/2020/hugo-guide.md
https://github.com/vinceliuice/Fluent-icon-theme,retained,reachable,HTTP GET,200,,2026-10-07T19:49:41.881645+00:00,https://github.com/vinceliuice/Fluent-icon-theme,,src/content/posts/2024/linux-alternatives.md
https://github.com/vinceliuice/Graphite-gtk-theme,retained,reachable,HTTP GET,200,,2026-10-07T19:49:47.139982+00:00,https://github.com/vinceliuice/Graphite-gtk-theme,,src/content/posts/2024/linux-alternatives.md
https://github.com/vinceliuice/Layan-gtk-theme,retained,reachable,HTTP GET,200,,2026-10-07T19:49:48.151803+00:00,https://github.com/vinceliuice/Layan-gtk-theme,,src/content/posts/2024/linux-alternatives.md
https://github.com/vinceliuice/Mojave-gtk-theme,retained,reachable,HTTP GET,200,,2026-10-07T19:49:48.752685+00:00,https://github.com/vinceliuice/Mojave-gtk-theme,,src/content/posts/2024/linux-alternatives.md
https://github.com/vinceliuice/Orchis-theme,retained,reachable,HTTP GET,200,,2026-10-07T19:49:49.525878+00:00,https://github.com/vinceliuice/Orchis-theme,,src/content/posts/2024/linux-alternatives.md
https://github.com/vinceliuice/Qogir-icon-theme,retained,reachable,HTTP GET,200,,2026-10-07T19:49:43.513481+00:00,https://github.com/vinceliuice/Qogir-icon-theme,,src/content/posts/2024/linux-alternatives.md
https://github.com/vinceliuice/Qogir-theme,retained,reachable,HTTP GET,200,,2026-10-07T19:49:49.951672+00:00,https://github.com/vinceliuice/Qogir-theme,,src/content/posts/2024/linux-alternatives.md
https://github.com/vinceliuice/Tela-icon-theme,retained,reachable,HTTP GET,200,,2026-10-07T19:49:44.369646+00:00,https://github.com/vinceliuice/Tela-icon-theme,,src/content/posts/2024/linux-alternatives.md
https://github.com/vinceliuice/WhiteSur-gtk-theme,retained,reachable,HTTP GET,200,,2026-10-07T19:49:50.702701+00:00,https://github.com/vinceliuice/WhiteSur-gtk-theme,,src/content/posts/2024/linux-alternatives.md
https://github.com/vinceliuice/WhiteSur-icon-theme,retained,reachable,HTTP GET,200,,2026-10-07T19:49:44.681536+00:00,https://github.com/vinceliuice/WhiteSur-icon-theme,,src/content/posts/2024/linux-alternatives.md
https://github.com/vinifmor/bauh,retained,reachable,HTTP GET,200,,2026-10-07T19:52:53.785989+00:00,https://github.com/vinifmor/bauh,,src/content/posts/2024/linux-alternatives.md
https://github.com/virt-manager/virt-manager,retained,reachable,HTTP GET,200,,2026-10-07T19:52:13.527894+00:00,https://github.com/virt-manager/virt-manager,,src/content/posts/2024/linux-alternatives.md
https://github.com/virtio-win/virtio-win-pkg-scripts,retained,reachable,HTTP GET,200,,2026-10-07T19:48:50.765776+00:00,https://github.com/virtio-win/virtio-win-pkg-scripts,,src/content/posts/2022/windows-inside-linux.md
https://github.com/virtual-puppet-project/vpuppr,retained,reachable,HTTP GET,200,,2026-10-07T19:51:31.772139+00:00,https://github.com/virtual-puppet-project/vpuppr,,src/content/posts/2024/linux-alternatives.md
https://github.com/visualboyadvance-m/visualboyadvance-m,retained,reachable,HTTP GET,200,,2026-10-07T19:51:12.680382+00:00,https://github.com/visualboyadvance-m/visualboyadvance-m,,src/content/posts/2024/linux-alternatives.md
https://github.com/visualfc/liteide,retained,reachable,HTTP GET,200,,2026-10-07T19:50:09.306870+00:00,https://github.com/visualfc/liteide,,src/content/posts/2024/linux-alternatives.md
https://github.com/vkohaupt/vokoscreen,retained,reachable,HTTP GET,200,,2026-10-07T19:51:29.806498+00:00,https://github.com/vkohaupt/vokoscreen,,src/content/posts/2024/linux-alternatives.md
https://github.com/vladimiry/ElectronMail,retained,reachable,HTTP GET,200,,2026-10-07T19:50:33.694733+00:00,https://github.com/vladimiry/ElectronMail,,src/content/posts/2024/linux-alternatives.md
https://github.com/walaura/Twitter-photo-downloader,retained,reachable,HTTP GET,200,,2026-10-07T19:48:48.630910+00:00,https://github.com/walaura/Twitter-photo-downloader,,src/content/posts/2022/twitter-archive.md
https://github.com/warner/magic-wormhole,removed-or-replaced,reachable,HTTP GET,200,,2026-10-07T19:52:29.814050+00:00,https://github.com/magic-wormhole/magic-wormhole,,src/content/posts/2024/linux-alternatives.md
https://github.com/wavetermdev/waveterm,retained,reachable,HTTP GET,200,,2026-10-07T19:52:39.529583+00:00,https://github.com/wavetermdev/waveterm,,src/content/posts/2024/linux-alternatives.md
https://github.com/waydroid/waydroid,retained,reachable,HTTP GET,200,,2026-10-07T19:49:54.485944+00:00,https://github.com/waydroid/waydroid,,src/content/posts/2024/linux-alternatives.md
https://github.com/waylaidwanderer/steam-deck-repo-manager,introduced,reachable,Firecrawl scrape,200,200,2026-10-07T19:54:07.847Z,https://github.com/waylaidwanderer/steam-deck-repo-manager,,src/content/posts/2024/linux-alternatives.md
https://github.com/webtorrent/webtorrent-desktop,retained,reachable,HTTP GET,200,,2026-10-07T19:52:32.220609+00:00,https://github.com/webtorrent/webtorrent-desktop,,src/content/posts/2024/linux-alternatives.md
https://github.com/weechat/weechat,retained,reachable,HTTP GET,200,,2026-10-07T19:49:32.539608+00:00,https://github.com/weechat/weechat,,src/content/posts/2024/linux-alternatives.md
https://github.com/wereturtle/ghostwriter,removed-or-replaced,reachable,HTTP GET,200,,2026-10-07T19:51:44.117474+00:00,https://github.com/KDE/ghostwriter,,src/content/posts/2024/linux-alternatives.md
https://github.com/wesnoth/wesnoth,retained,reachable,HTTP GET,200,,2026-10-07T19:50:54.096566+00:00,https://github.com/wesnoth/wesnoth,,src/content/posts/2024/linux-alternatives.md
https://github.com/wez/wezterm,removed-or-replaced,reachable,HTTP GET,200,,2026-10-07T19:52:39.904291+00:00,https://github.com/wezterm/wezterm,,src/content/posts/2024/linux-alternatives.md
https://github.com/wezterm/wezterm,introduced,reachable,HTTP GET,200,,2026-10-07T19:55:03.695537+00:00,https://github.com/wezterm/wezterm,,src/content/posts/2024/linux-alternatives.md
https://github.com/wheybags/freeablo,retained,reachable,HTTP GET,200,,2026-10-07T19:50:42.588137+00:00,https://github.com/wheybags/freeablo,,src/content/posts/2024/linux-alternatives.md
https://github.com/wimpysworld/deb-get,retained,reachable,HTTP GET,200,,2026-10-07T19:53:00.433714+00:00,https://github.com/wimpysworld/deb-get,,src/content/posts/2024/linux-alternatives.md
https://github.com/winsw/winsw,retained,reachable,HTTP GET,200,,2026-10-07T19:48:18.482563+00:00,https://github.com/winsw/winsw,,src/content/posts/2020/create-windows-service.md
https://github.com/wireapp,retained,reachable,HTTP GET,200,,2026-10-07T19:49:36.856490+00:00,https://github.com/wireapp,,src/content/posts/2024/linux-alternatives.md
https://github.com/wizteam/wizqtclient,retained,reachable,HTTP GET,200,,2026-10-07T19:52:03.710927+00:00,https://github.com/wizteam/wizqtclient,,src/content/posts/2024/linux-alternatives.md
https://github.com/wsdjeg/SpaceVim,introduced,reachable,HTTP GET,200,,2026-10-07T19:55:03.976722+00:00,https://github.com/wsdjeg/SpaceVim,,src/content/posts/2024/linux-alternatives.md
https://github.com/wwmm/easyeffects,retained,reachable,HTTP GET,200,,2026-10-07T19:49:06.349802+00:00,https://github.com/wwmm/easyeffects,,src/content/posts/2024/linux-alternatives.md
https://github.com/xbmc/xbmc,retained,reachable,HTTP GET,200,,2026-10-07T19:53:15.480074+00:00,https://github.com/xbmc/xbmc,,src/content/posts/2024/linux-alternatives.md
https://github.com/xfce-mirror,retained,reachable,HTTP GET,200,,2026-10-07T19:53:53.791558+00:00,https://github.com/xfce-mirror,,src/content/posts/2024/linux-alternatives.md
https://github.com/xinntao/Real-ESRGAN,retained,reachable,HTTP GET,200,,2026-10-07T19:54:17.952158+00:00,https://github.com/xinntao/Real-ESRGAN,,src/content/posts/2026/image-upscale-conversion-linux.md
https://github.com/xmonad/xmonad,retained,reachable,HTTP GET,200,,2026-10-07T19:54:06.642350+00:00,https://github.com/xmonad/xmonad,,src/content/posts/2024/linux-alternatives.md
https://github.com/xou816/spot,retained,reachable,HTTP GET,200,,2026-10-07T19:49:19.644036+00:00,https://github.com/xou816/spot,,src/content/posts/2024/linux-alternatives.md
https://github.com/xylosper/bomi,removed-or-replaced,reachable,HTTP GET,200,,2026-10-07T19:53:13.421346+00:00,https://github.com/bylee20/bomi,,src/content/posts/2024/linux-alternatives.md
https://github.com/yang991178/fluent-reader,retained,reachable,HTTP GET,200,,2026-10-07T19:51:38.851052+00:00,https://github.com/yang991178/fluent-reader,,src/content/posts/2024/linux-alternatives.md
https://github.com/yeyushengfan258/Reversal-icon-theme,retained,reachable,HTTP GET,200,,2026-10-07T19:49:43.794101+00:00,https://github.com/yeyushengfan258/Reversal-icon-theme,,src/content/posts/2024/linux-alternatives.md
https://github.com/yktoo/indicator-sound-switcher,retained,reachable,HTTP GET,200,,2026-10-07T19:52:08.222956+00:00,https://github.com/yktoo/indicator-sound-switcher,,src/content/posts/2024/linux-alternatives.md
https://github.com/yourusername/dotfiles,retained,example-or-local,HTTP GET,404,,2026-10-07T19:48:33.193302+00:00,https://github.com/yourusername/dotfiles,Illustrative URL; not a public destination contract,src/content/posts/2022/chezmoi.md
https://github.com/yshui/picom,retained,reachable,HTTP GET,200,,2026-10-07T19:53:58.622286+00:00,https://github.com/yshui/picom,,src/content/posts/2024/linux-alternatives.md
https://github.com/yt-dlp/yt-dlp,retained,reachable,HTTP GET,200,,2026-10-07T19:53:28.811785+00:00,https://github.com/yt-dlp/yt-dlp,,src/content/posts/2024/linux-alternatives.md
https://github.com/ytdl-org/youtube-dl,introduced,reachable,HTTP GET,200,,2026-10-07T20:07:31.485764+00:00,https://github.com/ytdl-org/youtube-dl,,src/content/posts/2024/linux-alternatives.md
https://github.com/yurijmikhalevich/rclip,retained,reachable,HTTP GET,200,,2026-10-07T19:51:24.292661+00:00,https://github.com/yurijmikhalevich/rclip,,src/content/posts/2024/linux-alternatives.md
https://github.com/z411/trackma,retained,reachable,HTTP GET,200,,2026-10-07T19:53:22.192466+00:00,https://github.com/z411/trackma,,src/content/posts/2024/linux-alternatives.md
https://github.com/zadam/trilium,removed-or-replaced,reachable,HTTP GET,200,,2026-10-07T19:52:02.615659+00:00,https://github.com/TriliumNext/Trilium,,src/content/posts/2024/linux-alternatives.md
https://github.com/zaproxy/zaproxy/,retained,reachable,HTTP GET,200,,2026-10-07T19:52:22.646629+00:00,https://github.com/zaproxy/zaproxy/,,src/content/posts/2024/linux-alternatives.md
https://github.com/zayronxio/Zafiro-icons,retained,reachable,HTTP GET,200,,2026-10-07T19:49:44.955165+00:00,https://github.com/zayronxio/Zafiro-icons,,src/content/posts/2024/linux-alternatives.md
https://github.com/zealdocs/zeal,retained,reachable,HTTP GET,200,,2026-10-07T19:50:22.222544+00:00,https://github.com/zealdocs/zeal,,src/content/posts/2024/linux-alternatives.md
https://github.com/zeit/hyper,removed-or-replaced,reachable,HTTP GET,200,,2026-10-07T19:52:34.741043+00:00,https://github.com/vercel/hyper,,src/content/posts/2024/linux-alternatives.md
https://github.com/zellij-org/zellij,retained,reachable,HTTP GET,200,,2026-10-07T19:52:40.189178+00:00,https://github.com/zellij-org/zellij,,src/content/posts/2024/linux-alternatives.md
https://github.com/zen-kernel/zen-kernel,retained,reachable,HTTP GET,200,,2026-10-07T19:53:50.126191+00:00,https://github.com/zen-kernel/zen-kernel,,src/content/posts/2024/linux-alternatives.md
https://github.com/zerotier/ZeroTierOne,retained,reachable,HTTP GET,200,,2026-10-07T19:51:38.165472+00:00,https://github.com/zerotier/ZeroTierOne,,src/content/posts/2024/linux-alternatives.md
https://github.com/zevv/duc,retained,reachable,HTTP GET,200,,2026-10-07T19:52:49.891655+00:00,https://github.com/zevv/duc,,src/content/posts/2024/linux-alternatives.md
https://github.com/zimfw/zimfw,retained,reachable,HTTP GET,200,,2026-10-07T19:50:14.822512+00:00,https://github.com/zimfw/zimfw,,src/content/posts/2024/linux-alternatives.md
https://github.com/zulip/zulip,retained,reachable,HTTP GET,200,,2026-10-07T19:49:37.183032+00:00,https://github.com/zulip/zulip,,src/content/posts/2024/linux-alternatives.md
https://github.com/zyedidia/micro,removed-or-replaced,reachable,HTTP GET,200,,2026-10-07T19:52:48.285157+00:00,https://github.com/micro-editor/micro,,src/content/posts/2024/linux-alternatives.md
https://gitlab.com/CalcProgrammer1/OpenRGB,retained,reachable,HTTP GET,200,,2026-10-07T19:48:24.524803+00:00,https://gitlab.com/CalcProgrammer1/OpenRGB,,src/content/posts/2024/linux-alternatives.md
https://gitlab.com/ColinDuquesnoy/MellowPlayer,retained,reachable,HTTP GET,200,,2026-10-07T19:48:07.618321+00:00,https://gitlab.com/ColinDuquesnoy/MellowPlayer,,src/content/posts/2024/linux-alternatives.md
https://gitlab.com/aaronNG/reddio,retained,reachable,HTTP GET,200,,2026-10-07T19:48:25.412532+00:00,https://gitlab.com/aaronNG/reddio,,src/content/posts/2024/linux-alternatives.md
https://gitlab.com/apparmor/apparmor/-/wikis/Documentation,retained,reachable,HTTP GET,200,,2026-10-07T19:47:58.034022+00:00,https://gitlab.com/apparmor/apparmor/-/wikis/Documentation,,src/content/posts/2022/linux-security-mistakes.md
https://gitlab.com/corectrl/corectrl,retained,reachable,HTTP GET,200,,2026-10-07T19:48:23.460374+00:00,https://gitlab.com/corectrl/corectrl,,src/content/posts/2024/linux-alternatives.md
https://gitlab.com/duplicity/duplicity,retained,reachable,HTTP GET,200,,2026-10-07T19:48:14.168016+00:00,https://gitlab.com/duplicity/duplicity,,src/content/posts/2024/linux-alternatives.md
https://gitlab.com/freedroid/freedroid-src,retained,reachable,HTTP GET,200,,2026-10-07T19:48:17.472569+00:00,https://gitlab.com/freedroid/freedroid-src,,src/content/posts/2024/linux-alternatives.md
https://gitlab.com/gitlab-org/gitter/services,retained,reachable,HTTP GET,200,,2026-10-07T19:48:13.078342+00:00,https://gitlab.com/gitterHQ/services,,src/content/posts/2024/linux-alternatives.md
https://gitlab.com/gnukhata,retained,reachable,HTTP GET,200,,2026-10-07T19:48:16.089916+00:00,https://gitlab.com/gnukhata,,src/content/posts/2024/linux-alternatives.md
https://gitlab.com/jonata/opendvdproducer,retained,reachable,HTTP GET,200,,2026-10-07T19:48:20.010371+00:00,https://gitlab.com/jonata/opendvdproducer,,src/content/posts/2024/linux-alternatives.md
https://gitlab.com/jonata/subtitld,retained,reachable,HTTP GET,200,,2026-10-07T19:48:24.036056+00:00,https://gitlab.com/subtitld/subtitld,,src/content/posts/2024/linux-alternatives.md
https://gitlab.com/librewolf-community,retained,reachable,HTTP GET,200,,2026-10-07T19:48:20.678222+00:00,https://gitlab.com/librewolf-community,,src/content/posts/2024/linux-alternatives.md
https://gitlab.com/luciocarreras/sayonara-player,retained,reachable,HTTP GET,200,,2026-10-07T19:48:10.388971+00:00,https://gitlab.com/luciocarreras/sayonara-player,,src/content/posts/2024/linux-alternatives.md
https://gitlab.com/mattia.basaglia/Knotter,retained,reachable,HTTP GET,200,,2026-10-07T19:48:19.413363+00:00,https://gitlab.com/mattbas/Knotter,,src/content/posts/2024/linux-alternatives.md
https://gitlab.com/midori-web/midori-desktop,retained,unverified-challenge-or-login,HTTP GET,403,200,2026-10-07T19:48:21.317206+00:00,https://gitlab.com/users/sign_in,Firecrawl also returned a challenge or login page,src/content/posts/2024/linux-alternatives.md
https://gitlab.com/muttmua/mutt,retained,reachable,HTTP GET,200,,2026-10-07T19:48:24.979304+00:00,https://gitlab.com/muttmua/mutt,,src/content/posts/2024/linux-alternatives.md
https://gitlab.com/news-flash/news_flash_gtk,retained,reachable,HTTP GET,200,,2026-10-07T19:48:21.899361+00:00,https://gitlab.com/news-flash/news_flash_gtk,,src/content/posts/2024/linux-alternatives.md
https://gitlab.com/paulcarroty/vscodium-deb-rpm-repo/-/raw/master/pub.gpg,retained,reachable,HTTP GET,200,,2026-10-07T19:47:14.326794+00:00,https://gitlab.com/paulcarroty/vscodium-deb-rpm-repo/-/raw/master/pub.gpg,,src/content/posts/2021/rocky-linux.md
https://gitlab.com/psono/psono-app,retained,reachable,HTTP GET,200,,2026-10-07T19:48:22.919369+00:00,https://gitlab.com/esaqa/psono/psono-app,,src/content/posts/2024/linux-alternatives.md
https://gitlab.com/rmnvgr/metadata-cleaner,introduced,reachable,Firecrawl scrape,200,200,2026-10-07T19:50:40.188Z,https://gitlab.com/rmnvgr/metadata-cleaner,,src/content/posts/2024/linux-alternatives.md
https://gitlab.com/rmnvgr/metadata-cleaner/,retained,reachable,HTTP GET,200,,2026-10-07T19:48:15.482415+00:00,https://gitlab.com/rmnvgr/metadata-cleaner/,,src/content/posts/2024/linux-alternatives.md
https://gitlab.com/solarus-games/,retained,reachable,HTTP GET,200,,2026-10-07T19:48:18.814484+00:00,https://gitlab.com/solarus-games/,,src/content/posts/2024/linux-alternatives.md
https://gitlab.com/veloren/veloren,retained,reachable,HTTP GET,200,,2026-10-07T19:48:18.221635+00:00,https://gitlab.com/veloren/veloren,,src/content/posts/2024/linux-alternatives.md
https://gitlab.com/volian/nala,retained,reachable,HTTP GET,200,,2026-10-07T19:48:05.006812+00:00,https://gitlab.com/volian/nala,,src/content/posts/2022/stop-using-apt.md;src/content/posts/2024/linux-alternatives.md
https://gitlab.com/wireshark/wireshark/-/tree/master,retained,reachable,HTTP GET,200,,2026-10-07T19:48:22.420692+00:00,https://gitlab.com/wireshark/wireshark/-/tree/master,,src/content/posts/2024/linux-alternatives.md
https://gitlab.com/xonotic,retained,reachable,HTTP GET,200,,2026-10-07T19:48:16.847144+00:00,https://gitlab.com/xonotic,,src/content/posts/2024/linux-alternatives.md
https://gitlab.com/zehkira/monophony,retained,reachable,HTTP GET,200,,2026-10-07T19:48:09.165803+00:00,https://gitlab.com/zehkira/monophony,,src/content/posts/2024/linux-alternatives.md
https://gitlab.com/zerkc/whatsdesk,retained,reachable,HTTP GET,200,,2026-10-07T19:48:11.820437+00:00,https://gitlab.com/zerkc/whatsdesk,,src/content/posts/2024/linux-alternatives.md
https://gitlab.freedesktop.org/pipewire/pipewire,retained,unverified-challenge-or-login,HTTP GET,200,200,2026-10-07T19:47:46.428918+00:00,https://gitlab.freedesktop.org/pipewire/pipewire,Firecrawl also returned a challenge or login page,src/content/posts/2024/linux-alternatives.md
https://gitlab.freedesktop.org/wayland,retained,unverified-challenge-or-login,HTTP GET,200,200,2026-10-07T19:48:02.941645+00:00,https://gitlab.freedesktop.org/wayland,Firecrawl also returned a challenge or login page,src/content/posts/2024/linux-alternatives.md
https://gitlab.gnome.org/Archive/california,introduced,project-confirmed,GNOME GitLab API,406,,2026-10-07T19:59:25.112071+00:00,https://gitlab.gnome.org/Archive/california,https://gitlab.gnome.org/api/v4/projects/GNOME%2Fcalifornia,src/content/posts/2024/linux-alternatives.md
https://gitlab.gnome.org/Archive/cheese,introduced,project-confirmed,GNOME GitLab API,406,,2026-10-07T20:35:45.313Z,https://gitlab.gnome.org/Archive/cheese,https://gitlab.gnome.org/api/v4/projects/1608,src/content/posts/2024/linux-alternatives.md
https://gitlab.gnome.org/Archive/gbrainy,introduced,project-confirmed,GNOME GitLab API,406,,2026-10-07T19:59:25.327751+00:00,https://gitlab.gnome.org/Archive/gbrainy,https://gitlab.gnome.org/api/v4/projects/GNOME%2Fgbrainy,src/content/posts/2024/linux-alternatives.md
https://gitlab.gnome.org/Archive/giggle,introduced,project-confirmed,GNOME GitLab API,406,,2026-10-07T19:59:25.417714+00:00,https://gitlab.gnome.org/Archive/giggle,https://gitlab.gnome.org/api/v4/projects/GNOME%2Fgiggle,src/content/posts/2024/linux-alternatives.md
https://gitlab.gnome.org/Archive/glade,introduced,reachable,Firecrawl scrape,406,200,2026-10-07T19:54:07.847Z,https://gitlab.gnome.org/Archive/glade,,src/content/posts/2024/linux-alternatives.md
https://gitlab.gnome.org/Archive/gnome-video-arcade,retained,project-confirmed,GNOME GitLab API,406,,2026-10-07T19:59:25.110343+00:00,https://gitlab.gnome.org/Archive/gnome-video-arcade,https://gitlab.gnome.org/api/v4/projects/Archive%2Fgnome-video-arcade,src/content/posts/2024/linux-alternatives.md
https://gitlab.gnome.org/GNOME,retained,reachable,Firecrawl scrape,406,200,2026-10-07T20:15:50.718Z,https://gitlab.gnome.org/GNOME,,src/content/posts/2024/linux-alternatives.md
https://gitlab.gnome.org/GNOME/california,removed-or-replaced,project-confirmed,GNOME GitLab API,406,,2026-10-07T19:59:25.112071+00:00,https://gitlab.gnome.org/Archive/california,https://gitlab.gnome.org/api/v4/projects/GNOME%2Fcalifornia,src/content/posts/2024/linux-alternatives.md
https://gitlab.gnome.org/GNOME/connections,removed-or-replaced,project-confirmed,GNOME GitLab API,406,,2026-10-07T19:59:25.113179+00:00,https://gitlab.gnome.org/GNOME/gnome-connections,https://gitlab.gnome.org/api/v4/projects/GNOME%2Fconnections,src/content/posts/2024/linux-alternatives.md
https://gitlab.gnome.org/GNOME/console,retained,project-confirmed,GNOME GitLab API,406,,2026-10-07T19:59:25.113432+00:00,https://gitlab.gnome.org/GNOME/console,https://gitlab.gnome.org/api/v4/projects/GNOME%2Fconsole,src/content/posts/2024/linux-alternatives.md
https://gitlab.gnome.org/GNOME/epiphany,retained,project-confirmed,GNOME GitLab API,406,,2026-10-07T19:59:25.114436+00:00,https://gitlab.gnome.org/GNOME/epiphany,https://gitlab.gnome.org/api/v4/projects/GNOME%2Fepiphany,src/content/posts/2024/linux-alternatives.md
https://gitlab.gnome.org/GNOME/evolution/,retained,project-confirmed,GNOME GitLab API,406,,2026-10-07T19:59:25.211036+00:00,https://gitlab.gnome.org/GNOME/evolution,https://gitlab.gnome.org/api/v4/projects/GNOME%2Fevolution,src/content/posts/2024/linux-alternatives.md
https://gitlab.gnome.org/GNOME/fractal,removed-or-replaced,project-confirmed,GNOME GitLab API,406,,2026-10-07T19:59:25.224673+00:00,https://gitlab.gnome.org/World/fractal,https://gitlab.gnome.org/api/v4/projects/GNOME%2Ffractal,src/content/posts/2024/linux-alternatives.md
https://gitlab.gnome.org/GNOME/gbrainy/,removed-or-replaced,project-confirmed,GNOME GitLab API,406,,2026-10-07T19:59:25.327751+00:00,https://gitlab.gnome.org/Archive/gbrainy,https://gitlab.gnome.org/api/v4/projects/GNOME%2Fgbrainy,src/content/posts/2024/linux-alternatives.md
https://gitlab.gnome.org/GNOME/geary/,retained,project-confirmed,GNOME GitLab API,406,,2026-10-07T19:59:25.385563+00:00,https://gitlab.gnome.org/GNOME/geary,https://gitlab.gnome.org/api/v4/projects/GNOME%2Fgeary,src/content/posts/2024/linux-alternatives.md
https://gitlab.gnome.org/GNOME/gedit,removed-or-replaced,project-confirmed,GNOME GitLab API,406,,2026-10-07T19:59:25.388010+00:00,https://gitlab.gnome.org/World/gedit/gedit,https://gitlab.gnome.org/api/v4/projects/GNOME%2Fgedit,src/content/posts/2024/linux-alternatives.md
https://gitlab.gnome.org/GNOME/giggle/,removed-or-replaced,project-confirmed,GNOME GitLab API,406,,2026-10-07T19:59:25.417714+00:00,https://gitlab.gnome.org/Archive/giggle,https://gitlab.gnome.org/api/v4/projects/GNOME%2Fgiggle,src/content/posts/2024/linux-alternatives.md
https://gitlab.gnome.org/GNOME/gimp,retained,project-confirmed,GNOME GitLab API,406,,2026-10-07T19:59:25.502714+00:00,https://gitlab.gnome.org/GNOME/gimp,https://gitlab.gnome.org/api/v4/projects/GNOME%2Fgimp,src/content/posts/2024/linux-alternatives.md
https://gitlab.gnome.org/GNOME/gitg,retained,project-confirmed,GNOME GitLab API,406,,2026-10-07T19:59:25.509384+00:00,https://gitlab.gnome.org/GNOME/gitg,https://gitlab.gnome.org/api/v4/projects/GNOME%2Fgitg,src/content/posts/2024/linux-alternatives.md
https://gitlab.gnome.org/GNOME/gnome-boxes,retained,project-confirmed,GNOME GitLab API,406,,2026-10-07T19:59:25.540824+00:00,https://gitlab.gnome.org/GNOME/gnome-boxes,https://gitlab.gnome.org/api/v4/projects/GNOME%2Fgnome-boxes,src/content/posts/2024/linux-alternatives.md
https://gitlab.gnome.org/GNOME/gnome-break-timer/,retained,project-confirmed,GNOME GitLab API,406,,2026-10-07T19:59:25.599945+00:00,https://gitlab.gnome.org/GNOME/gnome-break-timer,https://gitlab.gnome.org/api/v4/projects/GNOME%2Fgnome-break-timer,src/content/posts/2024/linux-alternatives.md
https://gitlab.gnome.org/GNOME/gnome-connections,introduced,project-confirmed,GNOME GitLab API,406,,2026-10-07T19:59:25.113179+00:00,https://gitlab.gnome.org/GNOME/gnome-connections,https://gitlab.gnome.org/api/v4/projects/GNOME%2Fconnections,src/content/posts/2024/linux-alternatives.md
https://gitlab.gnome.org/GNOME/gnome-flashback,retained,project-confirmed,GNOME GitLab API,406,,2026-10-07T19:59:25.608605+00:00,https://gitlab.gnome.org/GNOME/gnome-flashback,https://gitlab.gnome.org/api/v4/projects/GNOME%2Fgnome-flashback,src/content/posts/2024/linux-alternatives.md
https://gitlab.gnome.org/GNOME/gthumb/,retained,project-confirmed,GNOME GitLab API,406,,2026-10-07T19:59:25.636062+00:00,https://gitlab.gnome.org/GNOME/gthumb,https://gitlab.gnome.org/api/v4/projects/GNOME%2Fgthumb,src/content/posts/2024/linux-alternatives.md
https://gitlab.gnome.org/GNOME/meld/tree/main,retained,project-confirmed,GNOME GitLab API,406,,2026-10-07T19:59:25.669135+00:00,https://gitlab.gnome.org/GNOME/meld,https://gitlab.gnome.org/api/v4/projects/GNOME%2Fmeld,src/content/posts/2024/linux-alternatives.md
https://gitlab.gnome.org/GNOME/pitivi,retained,project-confirmed,GNOME GitLab API,406,,2026-10-07T19:59:25.709293+00:00,https://gitlab.gnome.org/GNOME/pitivi,https://gitlab.gnome.org/api/v4/projects/GNOME%2Fpitivi,src/content/posts/2024/linux-alternatives.md
https://gitlab.gnome.org/GNOME/polari,retained,project-confirmed,GNOME GitLab API,406,,2026-10-07T19:59:25.740845+00:00,https://gitlab.gnome.org/GNOME/polari,https://gitlab.gnome.org/api/v4/projects/GNOME%2Fpolari,src/content/posts/2024/linux-alternatives.md
https://gitlab.gnome.org/GNOME/seahorse,retained,project-confirmed,GNOME GitLab API,406,,2026-10-07T19:59:25.812116+00:00,https://gitlab.gnome.org/GNOME/seahorse,https://gitlab.gnome.org/api/v4/projects/GNOME%2Fseahorse,src/content/posts/2024/linux-alternatives.md
https://gitlab.gnome.org/GNOME/shotwell,retained,project-confirmed,GNOME GitLab API,406,,2026-10-07T19:59:25.813013+00:00,https://gitlab.gnome.org/GNOME/shotwell,https://gitlab.gnome.org/api/v4/projects/GNOME%2Fshotwell,src/content/posts/2024/linux-alternatives.md
https://gitlab.gnome.org/GNOME/sound-juicer,retained,project-confirmed,GNOME GitLab API,406,,2026-10-07T19:59:25.842858+00:00,https://gitlab.gnome.org/GNOME/sound-juicer,https://gitlab.gnome.org/api/v4/projects/GNOME%2Fsound-juicer,src/content/posts/2024/linux-alternatives.md
https://gitlab.gnome.org/GNOME/sushi,retained,project-confirmed,GNOME GitLab API,406,,2026-10-07T19:59:25.877162+00:00,https://gitlab.gnome.org/GNOME/sushi,https://gitlab.gnome.org/api/v4/projects/GNOME%2Fsushi,src/content/posts/2024/linux-alternatives.md
https://gitlab.gnome.org/GabMus/HydraPaper,retained,project-confirmed,GNOME GitLab API,406,,2026-10-07T19:59:25.926584+00:00,https://gitlab.gnome.org/GabMus/HydraPaper,https://gitlab.gnome.org/api/v4/projects/GabMus%2FHydraPaper,src/content/posts/2024/linux-alternatives.md
https://gitlab.gnome.org/World/Authenticator,retained,project-confirmed,GNOME GitLab API,406,,2026-10-07T19:59:25.976379+00:00,https://gitlab.gnome.org/World/Authenticator,https://gitlab.gnome.org/api/v4/projects/World%2FAuthenticator,src/content/posts/2024/linux-alternatives.md
https://gitlab.gnome.org/World/Fragments,retained,project-confirmed,GNOME GitLab API,406,,2026-10-07T19:59:26.030627+00:00,https://gitlab.gnome.org/World/Fragments,https://gitlab.gnome.org/api/v4/projects/World%2FFragments,src/content/posts/2024/linux-alternatives.md
https://gitlab.gnome.org/World/Shortwave,retained,project-confirmed,GNOME GitLab API,406,,2026-10-07T19:59:26.050688+00:00,https://gitlab.gnome.org/World/Shortwave,https://gitlab.gnome.org/api/v4/projects/World%2FShortwave,src/content/posts/2024/linux-alternatives.md
https://gitlab.gnome.org/World/Solanum,retained,project-confirmed,GNOME GitLab API,406,,2026-10-07T19:59:26.074197+00:00,https://gitlab.gnome.org/World/Solanum,https://gitlab.gnome.org/api/v4/projects/World%2FSolanum,src/content/posts/2024/linux-alternatives.md
https://gitlab.gnome.org/World/amberol,retained,project-confirmed,GNOME GitLab API,406,200,2026-10-07T19:59:26.131502+00:00,https://gitlab.gnome.org/World/amberol,https://gitlab.gnome.org/api/v4/projects/World%2Famberol,src/content/posts/2024/linux-alternatives.md
https://gitlab.gnome.org/World/boatswain,retained,project-confirmed,GNOME GitLab API,406,,2026-10-07T19:59:26.151675+00:00,https://gitlab.gnome.org/World/boatswain,https://gitlab.gnome.org/api/v4/projects/World%2Fboatswain,src/content/posts/2024/linux-alternatives.md
https://gitlab.gnome.org/World/decoder/,retained,project-confirmed,GNOME GitLab API,406,,2026-10-07T19:59:26.175387+00:00,https://gitlab.gnome.org/World/decoder,https://gitlab.gnome.org/api/v4/projects/World%2Fdecoder,src/content/posts/2024/linux-alternatives.md
https://gitlab.gnome.org/World/deja-dup,retained,project-confirmed,GNOME GitLab API,406,,2026-10-07T19:59:26.209591+00:00,https://gitlab.gnome.org/World/deja-dup,https://gitlab.gnome.org/api/v4/projects/World%2Fdeja-dup,src/content/posts/2024/linux-alternatives.md
https://gitlab.gnome.org/World/eartag,retained,project-confirmed,GNOME GitLab API,406,,2026-10-07T19:59:26.215232+00:00,https://gitlab.gnome.org/World/eartag,https://gitlab.gnome.org/api/v4/projects/World%2Feartag,src/content/posts/2024/linux-alternatives.md
https://gitlab.gnome.org/World/fractal,introduced,project-confirmed,GNOME GitLab API,406,,2026-10-07T19:59:25.224673+00:00,https://gitlab.gnome.org/World/fractal,https://gitlab.gnome.org/api/v4/projects/GNOME%2Ffractal,src/content/posts/2024/linux-alternatives.md
https://gitlab.gnome.org/World/gedit/enter-tex,introduced,project-confirmed,GNOME GitLab API,406,,2026-10-07T19:59:26.473713+00:00,https://gitlab.gnome.org/World/gedit/enter-tex,https://gitlab.gnome.org/api/v4/projects/swilmet%2Fgnome-latex,src/content/posts/2024/linux-alternatives.md
https://gitlab.gnome.org/World/gedit/gedit,introduced,project-confirmed,GNOME GitLab API,406,,2026-10-07T19:59:25.388010+00:00,https://gitlab.gnome.org/World/gedit/gedit,https://gitlab.gnome.org/api/v4/projects/GNOME%2Fgedit,src/content/posts/2024/linux-alternatives.md
https://gitlab.gnome.org/World/lollypop,retained,project-confirmed,GNOME GitLab API,406,,2026-10-07T19:59:26.277217+00:00,https://gitlab.gnome.org/World/lollypop,https://gitlab.gnome.org/api/v4/projects/World%2Flollypop,src/content/posts/2024/linux-alternatives.md
https://gitlab.gnome.org/World/obfuscate/,retained,project-confirmed,GNOME GitLab API,406,,2026-10-07T19:59:26.348604+00:00,https://gitlab.gnome.org/World/obfuscate,https://gitlab.gnome.org/api/v4/projects/World%2Fobfuscate,src/content/posts/2024/linux-alternatives.md
https://gitlab.gnome.org/World/pika-backup,retained,project-confirmed,GNOME GitLab API,406,,2026-10-07T19:59:26.353338+00:00,https://gitlab.gnome.org/World/pika-backup,https://gitlab.gnome.org/api/v4/projects/World%2Fpika-backup,src/content/posts/2024/linux-alternatives.md
https://gitlab.gnome.org/World/secrets,retained,project-confirmed,GNOME GitLab API,406,,2026-10-07T19:59:26.380815+00:00,https://gitlab.gnome.org/World/secrets,https://gitlab.gnome.org/api/v4/projects/World%2Fsecrets,src/content/posts/2024/linux-alternatives.md
https://gitlab.gnome.org/World/warp,retained,project-confirmed,GNOME GitLab API,406,,2026-10-07T19:59:26.442645+00:00,https://gitlab.gnome.org/World/warp,https://gitlab.gnome.org/api/v4/projects/World%2Fwarp,src/content/posts/2024/linux-alternatives.md
https://gitlab.gnome.org/neithern/g4music,retained,project-confirmed,GNOME GitLab API,406,,2026-10-07T19:59:26.461919+00:00,https://gitlab.gnome.org/neithern/g4music,https://gitlab.gnome.org/api/v4/projects/neithern%2Fg4music,src/content/posts/2024/linux-alternatives.md
https://gitlab.gnome.org/raggesilver/blackbox,retained,project-confirmed,GNOME GitLab API,406,,2026-10-07T19:59:26.465043+00:00,https://gitlab.gnome.org/raggesilver/blackbox,https://gitlab.gnome.org/api/v4/projects/raggesilver%2Fblackbox,src/content/posts/2024/linux-alternatives.md
https://gitlab.gnome.org/swilmet/gnome-latex,removed-or-replaced,project-confirmed,GNOME GitLab API,406,,2026-10-07T19:59:26.473713+00:00,https://gitlab.gnome.org/World/gedit/enter-tex,https://gitlab.gnome.org/api/v4/projects/swilmet%2Fgnome-latex,src/content/posts/2024/linux-alternatives.md
https://gitlab.torproject.org/tpo/applications/mullvad-browser/,retained,blocked,HTTP GET,403,403,2026-10-07T19:47:36.925722+00:00,https://gitlab.torproject.org/tpo/applications/mullvad-browser/,Firecrawl retry: 403,src/content/posts/2024/linux-alternatives.md
https://gitlab.torproject.org/tpo/core/tor/,retained,blocked,HTTP GET,403,403,2026-10-07T19:48:01.918527+00:00,https://gitlab.torproject.org/tpo/core/tor/,Firecrawl retry: 403,src/content/posts/2024/linux-alternatives.md
https://gitlab.xfce.org/xfce/thunar,retained,reachable,HTTP GET,200,,2026-10-07T19:47:29.431354+00:00,https://gitlab.xfce.org/xfce/thunar,,src/content/posts/2024/linux-alternatives.md
https://gitolite.com/gitolite/index.html,retained,reachable,HTTP GET,200,,2026-10-07T19:47:24.959457+00:00,https://gitolite.com/gitolite/index.html,,src/content/posts/2024/linux-alternatives.md
https://gitter.im/,retained,reachable,HTTP GET,200,,2026-10-07T19:47:21.774436+00:00,https://gitter.im/,,src/content/posts/2024/linux-alternatives.md
https://glx-dock.org/,retained,reachable,HTTP GET,200,,2026-10-07T19:47:38.417998+00:00,https://glx-dock.org/,,src/content/posts/2024/linux-alternatives.md
https://gnomepomodoro.org/,retained,reachable,HTTP GET,200,,2026-10-07T19:47:39.749661+00:00,https://gnomepomodoro.org/,,src/content/posts/2024/linux-alternatives.md
https://gnukhata.org/,retained,reachable,HTTP GET,200,,2026-10-07T19:47:27.807533+00:00,https://gnukhata.org/,,src/content/posts/2024/linux-alternatives.md
https://gnunn1.github.io/tilix-web/,retained,reachable,HTTP GET,200,,2026-10-07T19:47:44.153643+00:00,https://gnunn1.github.io/tilix-web/,,src/content/posts/2024/linux-alternatives.md
https://go.microsoft.com/fwlink/?LinkID=286266,retained,reachable,HTTP GET,200,,2026-10-07T19:47:54.472226+00:00,https://learn.microsoft.com/en-us/windows/web/,,src/content/posts/old/2015-12-25-move-website-linux-iis.md
https://godotengine.org/,retained,reachable,HTTP GET,200,,2026-10-07T19:47:24.395805+00:00,https://godotengine.org/,,src/content/posts/2024/linux-alternatives.md
https://gogs.io/,retained,reachable,HTTP GET,200,,2026-10-07T19:47:25.042163+00:00,https://gogs.io/getting-started/introduction,,src/content/posts/2024/linux-alternatives.md
https://gohugo.io/,retained,reachable,HTTP GET,200,,2026-10-07T19:47:12.762357+00:00,https://gohugo.io/,,src/content/posts/2020/hugo-guide.md
https://gohugo.io/getting-started/quick-start/,retained,reachable,HTTP GET,200,,2026-10-07T19:47:57.223864+00:00,https://gohugo.io/getting-started/quick-start/,,src/content/posts/2020/hugo-guide.md;src/content/posts/2022/how-i-setup-my-website.md
https://gohugo.io/installation/,retained,reachable,HTTP GET,200,,2026-10-07T19:48:04.484006+00:00,https://gohugo.io/installation/,,src/content/posts/2022/how-i-setup-my-website.md
https://gohugo.io/templates/,retained,reachable,HTTP GET,200,,2026-10-07T19:48:07.255028+00:00,https://gohugo.io/templates/,,src/content/posts/2022/how-i-setup-my-website.md
https://gparted.org/,retained,reachable,HTTP GET,200,,2026-10-07T19:47:59.243022+00:00,https://gparted.org/,,src/content/posts/2024/linux-alternatives.md
https://gparted.org/download.php,retained,reachable,HTTP GET,200,,2026-10-07T19:47:17.548557+00:00,https://gparted.org/download.php,,src/content/posts/2023/recovering-deleted-windows-boot-partition.md
https://gpodder.github.io/,retained,reachable,HTTP GET,200,,2026-10-07T19:47:19.811446+00:00,https://gpodder.github.io/,,src/content/posts/2024/linux-alternatives.md
https://gpt4all.io/,retained,reachable,HTTP GET,200,,2026-10-07T19:47:46.136016+00:00,https://www.nomic.ai/gpt4all,,src/content/posts/2024/linux-alternatives.md
https://gradienceteam.github.io/,retained,reachable,HTTP GET,200,,2026-10-07T19:47:23.153993+00:00,https://gradienceteam.github.io/,,src/content/posts/2024/linux-alternatives.md
https://gradiyent.netlify.app/,retained,reachable,HTTP GET,200,,2026-10-07T19:47:16.502645+00:00,https://gradiyent.netlify.app/,,src/content/posts/2022/starfield-screensaver.md
https://gramps-project.org/blog/,retained,reachable,Firecrawl scrape,403,200,2026-10-07T20:16:15.460Z,https://gramps-project.org/blog/,,src/content/posts/2024/linux-alternatives.md
https://handbrake.fr/,retained,reachable,HTTP GET,200,,2026-10-07T19:47:35.937294+00:00,https://handbrake.fr/,,src/content/posts/2024/linux-alternatives.md
https://harmonoid.com/,retained,reachable,HTTP GET,200,,2026-10-07T19:47:19.813930+00:00,https://harmonoid.com/,,src/content/posts/2024/linux-alternatives.md
https://haruna.kde.org/,retained,reachable,HTTP GET,200,,2026-10-07T19:47:47.256162+00:00,https://haruna.kde.org/,,src/content/posts/2024/linux-alternatives.md
https://haxeflixel.com/,retained,reachable,HTTP GET,200,,2026-10-07T19:47:24.447377+00:00,https://haxeflixel.com/,,src/content/posts/2024/linux-alternatives.md
https://heaps.io/,retained,reachable,HTTP GET,200,,2026-10-07T19:47:24.460812+00:00,https://heaps.io/,,src/content/posts/2024/linux-alternatives.md
https://helix-editor.com/,retained,reachable,HTTP GET,200,,2026-10-07T19:47:44.654515+00:00,https://helix-editor.com/,,src/content/posts/2024/linux-alternatives.md
https://help.gnome.org/users/gnome-terminal/stable/,retained,reachable,HTTP GET,200,,2026-10-07T19:47:43.809428+00:00,https://help.gnome.org/gnome-terminal/,,src/content/posts/2024/linux-alternatives.md
https://help.openai.com/en/articles/11369540-using-codex-with-your-chatgpt-plan,retained,reachable,Firecrawl scrape,403,200,2026-10-07T20:05:34.972Z,https://help.openai.com/en/articles/11369540-using-codex-with-your-chatgpt-plan,,src/content/posts/2026/github-copilot-on-linux.md
https://help.router-for.me/introduction/quick-start,retained,reachable,HTTP GET,200,,2026-10-07T19:47:53.873584+00:00,https://help.router-for.me/introduction/quick-start,,src/content/posts/2026/github-copilot-on-linux.md
https://herbstluftwm.org/,retained,reachable,HTTP GET,200,,2026-10-07T19:47:50.766348+00:00,https://herbstluftwm.org/,,src/content/posts/2024/linux-alternatives.md
https://heroicgameslauncher.com/,retained,reachable,HTTP GET,200,,2026-10-07T19:47:32.332617+00:00,https://heroicgameslauncher.com/,,src/content/posts/2024/linux-alternatives.md
https://heronanimation.brunolefevre.net/,retained,reachable,HTTP GET,200,,2026-10-07T19:47:34.212570+00:00,https://heronanimation.brunolefevre.net/,,src/content/posts/2024/linux-alternatives.md
https://hexchat.github.io/,retained,reachable,HTTP GET,200,,2026-10-07T19:47:21.637957+00:00,https://hexchat.github.io/,,src/content/posts/2024/linux-alternatives.md
https://hg.mozilla.org/mozilla-central/,retained,reachable,Firecrawl scrape,200,200,2026-10-07T20:16:32.279Z,https://hg-edge.mozilla.org/mozilla-central/,,src/content/posts/2024/linux-alternatives.md
https://hg.savannah.gnu.org/hgweb/octave,retained,http-error,HTTP GET,503,503,2026-10-07T19:47:27.714855+00:00,https://hg.savannah.gnu.org/hgweb/octave,Firecrawl retry: 503,src/content/posts/2024/linux-alternatives.md
https://higan.readthedocs.io/en/stable/install/linux/,retained,reachable,HTTP GET,200,,2026-10-07T19:47:33.325957+00:00,https://higan.readthedocs.io/en/stable/install/linux/,,src/content/posts/2024/linux-alternatives.md
https://hledger.org/,retained,reachable,HTTP GET,200,,2026-10-07T19:47:37.602919+00:00,https://hledger.org/,,src/content/posts/2024/linux-alternatives.md
https://hluk.github.io/CopyQ/,retained,reachable,HTTP GET,200,,2026-10-07T19:47:38.606408+00:00,https://hluk.github.io/CopyQ/,,src/content/posts/2024/linux-alternatives.md
https://homebank.free.fr/en/index.php,retained,connection-error,HTTP GET,,,2026-10-07T19:47:37.609694+00:00,https://homebank.free.fr/en/index.php,Firecrawl retry: unable to retrieve,src/content/posts/2024/linux-alternatives.md
https://htop.dev/,retained,reachable,HTTP GET,200,,2026-10-07T19:47:48.963581+00:00,https://htop.dev/,,src/content/posts/2024/linux-alternatives.md
https://hugin.sourceforge.net/,retained,reachable,HTTP GET,200,,2026-10-07T19:47:35.213682+00:00,https://hugin.sourceforge.io/,,src/content/posts/2024/linux-alternatives.md
https://humdi.net/vnstat/,retained,reachable,HTTP GET,200,,2026-10-07T19:47:45.679593+00:00,https://humdi.net/vnstat/,,src/content/posts/2024/linux-alternatives.md
https://hydrapaper.gabmus.org/,retained,reachable,HTTP GET,200,,2026-10-07T19:47:46.166802+00:00,https://hydrapaper.gabmus.org/,,src/content/posts/2024/linux-alternatives.md
https://hyliu.me/fluent-reader/,retained,reachable,HTTP GET,200,,2026-10-07T19:47:37.443229+00:00,https://hyliu.me/fluent-reader/,,src/content/posts/2024/linux-alternatives.md
https://hyper.is/,retained,reachable,HTTP GET,200,,2026-10-07T19:47:43.898792+00:00,https://hyper.is/,,src/content/posts/2024/linux-alternatives.md
https://hyprland.org/,retained,reachable,Firecrawl scrape,200,200,2026-10-07T19:51:17.197Z,https://hypr.land/,,src/content/posts/2024/linux-alternatives.md
https://i2pd.website/,retained,reachable,HTTP GET,200,,2026-10-07T19:47:48.682495+00:00,https://i2pd.website/,,src/content/posts/2024/linux-alternatives.md
https://i3wm.org/,retained,reachable,HTTP GET,200,,2026-10-07T19:47:50.783396+00:00,https://i3wm.org/,,src/content/posts/2024/linux-alternatives.md
https://ice-wm.org/,retained,reachable,HTTP GET,200,,2026-10-07T19:47:50.595960+00:00,https://ice-wm.org/,,src/content/posts/2024/linux-alternatives.md
https://icons8.com/lunacy/,retained,reachable,HTTP GET,200,,2026-10-07T19:47:34.342983+00:00,https://icons8.com/lunacy,,src/content/posts/2024/linux-alternatives.md
https://ignorantguru.github.io/spacefm/,retained,reachable,HTTP GET,200,,2026-10-07T19:47:29.378396+00:00,https://ignorantguru.github.io/spacefm/,,src/content/posts/2024/linux-alternatives.md
https://ikiwiki.info/,retained,reachable,HTTP GET,200,,2026-10-07T19:47:48.245081+00:00,https://ikiwiki.info/,,src/content/posts/2024/linux-alternatives.md
https://imagemagick.org/,introduced,reachable,Firecrawl scrape,200,200,2026-10-07T19:50:40.189Z,https://imagemagick.org/,,src/content/posts/2024/linux-alternatives.md
https://img.shields.io/badge/Linux-FCC624?logo=linux&logoColor=black,retained,reachable,HTTP GET,200,,2026-10-07T19:48:03.319904+00:00,https://img.shields.io/badge/Linux-FCC624,,src/content/posts/2026/check-network-security.md
https://img.shields.io/badge/Windows-0078D4?logo=windows&logoColor=white,retained,reachable,HTTP GET,200,,2026-10-07T19:47:53.456295+00:00,https://img.shields.io/badge/Windows-0078D4,,src/content/posts/2026/check-network-security.md
https://index.discord.red/,retained,reachable,HTTP GET,200,,2026-10-07T19:47:21.476343+00:00,https://index.discord.red/,,src/content/posts/2024/linux-alternatives.md
https://inkdrop.app/,retained,reachable,HTTP GET,200,,2026-10-07T19:47:38.973769+00:00,https://www.inkdrop.app/,,src/content/posts/2024/linux-alternatives.md
https://inkscape.org/en/,retained,reachable,HTTP GET,200,,2026-10-07T19:47:34.215789+00:00,https://inkscape.org/,,src/content/posts/2024/linux-alternatives.md
https://insider.windows.com/,retained,reachable,HTTP GET,200,,2026-10-07T19:47:14.366011+00:00,https://www.microsoft.com/en-us/windowsinsider/,,src/content/posts/2021/update-any-pc-to-windows11.md
https://insomnia.rest/,retained,reachable,HTTP GET,200,,2026-10-07T19:47:26.028589+00:00,https://insomnia.rest/,,src/content/posts/2024/linux-alternatives.md
https://invent.kde.org/education/ktouch,retained,reachable,HTTP GET,200,,2026-10-07T19:48:17.677669+00:00,https://invent.kde.org/education/ktouch,,src/content/posts/2024/linux-alternatives.md
https://invent.kde.org/education/labplot,retained,reachable,HTTP GET,200,,2026-10-07T19:48:31.749419+00:00,https://invent.kde.org/education/labplot,,src/content/posts/2024/linux-alternatives.md
https://invent.kde.org/graphics/arianna,retained,reachable,HTTP GET,200,,2026-10-07T19:48:16.990020+00:00,https://invent.kde.org/graphics/arianna,,src/content/posts/2024/linux-alternatives.md
https://invent.kde.org/graphics/digikam,retained,reachable,HTTP GET,200,,2026-10-07T19:48:23.154414+00:00,https://invent.kde.org/graphics/digikam,,src/content/posts/2024/linux-alternatives.md
https://invent.kde.org/graphics/gwenview,retained,reachable,HTTP GET,200,,2026-10-07T19:48:23.600541+00:00,https://invent.kde.org/graphics/gwenview,,src/content/posts/2024/linux-alternatives.md
https://invent.kde.org/graphics/kolourpaint,retained,reachable,HTTP GET,200,,2026-10-07T19:48:21.507303+00:00,https://invent.kde.org/graphics/kolourpaint,,src/content/posts/2024/linux-alternatives.md
https://invent.kde.org/graphics/krita,retained,reachable,HTTP GET,200,,2026-10-07T19:48:22.070509+00:00,https://invent.kde.org/graphics/krita,,src/content/posts/2024/linux-alternatives.md
https://invent.kde.org/graphics/spectacle,retained,reachable,HTTP GET,200,,2026-10-07T19:48:24.173809+00:00,https://invent.kde.org/plasma/spectacle,,src/content/posts/2024/linux-alternatives.md
https://invent.kde.org/kdevelop/kdevelop,retained,reachable,HTTP GET,200,,2026-10-07T19:48:15.552743+00:00,https://invent.kde.org/kdevelop/kdevelop,,src/content/posts/2024/linux-alternatives.md
https://invent.kde.org/multimedia/audiotube,retained,reachable,HTTP GET,200,,2026-10-07T19:47:19.483910+00:00,https://invent.kde.org/multimedia/audiotube,,src/content/posts/2024/linux-alternatives.md
https://invent.kde.org/multimedia/elisa,retained,reachable,HTTP GET,200,,2026-10-07T19:47:59.794322+00:00,https://invent.kde.org/multimedia/elisa,,src/content/posts/2024/linux-alternatives.md
https://invent.kde.org/multimedia/haruna,retained,reachable,HTTP GET,200,,2026-10-07T19:48:31.190152+00:00,https://invent.kde.org/multimedia/haruna,,src/content/posts/2024/linux-alternatives.md
https://invent.kde.org/multimedia/juk,retained,reachable,HTTP GET,200,,2026-10-07T19:48:05.593584+00:00,https://invent.kde.org/multimedia/juk,,src/content/posts/2024/linux-alternatives.md
https://invent.kde.org/multimedia/kamoso,retained,reachable,HTTP GET,200,,2026-10-07T19:48:31.501241+00:00,https://invent.kde.org/multimedia/kamoso,,src/content/posts/2024/linux-alternatives.md
https://invent.kde.org/multimedia/kasts,retained,reachable,HTTP GET,200,,2026-10-07T19:48:08.068392+00:00,https://invent.kde.org/multimedia/kasts,,src/content/posts/2024/linux-alternatives.md
https://invent.kde.org/multimedia/kdenlive,retained,reachable,HTTP GET,200,,2026-10-07T19:48:24.738841+00:00,https://invent.kde.org/multimedia/kdenlive,,src/content/posts/2024/linux-alternatives.md
https://invent.kde.org/multimedia/kid3/,retained,reachable,HTTP GET,200,,2026-10-07T19:48:09.496724+00:00,https://invent.kde.org/multimedia/kid3/,,src/content/posts/2024/linux-alternatives.md
https://invent.kde.org/multimedia/plasmatube,retained,reachable,HTTP GET,200,,2026-10-07T19:48:26.184432+00:00,https://invent.kde.org/multimedia/plasmatube,,src/content/posts/2024/linux-alternatives.md
https://invent.kde.org/network/choqok,retained,reachable,HTTP GET,200,,2026-10-07T19:48:25.894366+00:00,https://invent.kde.org/network/choqok,,src/content/posts/2024/linux-alternatives.md
https://invent.kde.org/network/falkon,retained,reachable,HTTP GET,200,,2026-10-07T19:48:25.191344+00:00,https://invent.kde.org/network/falkon,,src/content/posts/2024/linux-alternatives.md
https://invent.kde.org/network/kdeconnect-kde,retained,reachable,HTTP GET,200,,2026-10-07T19:48:30.780744+00:00,https://invent.kde.org/network/kdeconnect-kde,,src/content/posts/2024/linux-alternatives.md
https://invent.kde.org/network/kget,retained,reachable,HTTP GET,200,,2026-10-07T19:48:28.125010+00:00,https://invent.kde.org/network/kget,,src/content/posts/2024/linux-alternatives.md
https://invent.kde.org/network/konqueror,retained,reachable,HTTP GET,200,,2026-10-07T19:48:19.632422+00:00,https://invent.kde.org/network/konqueror,,src/content/posts/2024/linux-alternatives.md
https://invent.kde.org/network/konversation,retained,reachable,HTTP GET,200,,2026-10-07T19:48:13.343713+00:00,https://invent.kde.org/network/konversation,,src/content/posts/2024/linux-alternatives.md
https://invent.kde.org/network/ktorrent,retained,reachable,HTTP GET,200,,2026-10-07T19:48:28.630295+00:00,https://invent.kde.org/network/ktorrent,,src/content/posts/2024/linux-alternatives.md
https://invent.kde.org/network/neochat,retained,reachable,HTTP GET,200,,2026-10-07T19:48:10.710669+00:00,https://invent.kde.org/network/neochat,,src/content/posts/2024/linux-alternatives.md
https://invent.kde.org/network/tokodon,retained,reachable,HTTP GET,200,,2026-10-07T19:48:12.100779+00:00,https://invent.kde.org/network/tokodon,,src/content/posts/2024/linux-alternatives.md
https://invent.kde.org/office/calligra,retained,reachable,HTTP GET,200,,2026-10-07T19:48:20.921854+00:00,https://invent.kde.org/office/calligra,,src/content/posts/2024/linux-alternatives.md
https://invent.kde.org/office/kexi,retained,reachable,HTTP GET,200,,2026-10-07T19:48:14.547023+00:00,https://invent.kde.org/office/kexi,,src/content/posts/2024/linux-alternatives.md
https://invent.kde.org/office/kmymoney,retained,reachable,HTTP GET,200,,2026-10-07T19:48:26.608298+00:00,https://invent.kde.org/office/kmymoney,,src/content/posts/2024/linux-alternatives.md
https://invent.kde.org/office/skrooge,retained,reachable,HTTP GET,200,,2026-10-07T19:48:26.881670+00:00,https://invent.kde.org/office/skrooge,,src/content/posts/2024/linux-alternatives.md
https://invent.kde.org/pim/akregator,retained,reachable,HTTP GET,200,,2026-10-07T19:48:25.537377+00:00,https://invent.kde.org/pim/akregator,,src/content/posts/2024/linux-alternatives.md
https://invent.kde.org/pim/kalendar,retained,reachable,HTTP GET,200,,2026-10-07T19:48:27.478489+00:00,https://invent.kde.org/pim/merkuro,,src/content/posts/2024/linux-alternatives.md
https://invent.kde.org/pim/kmail,retained,reachable,HTTP GET,200,,2026-10-07T19:48:18.335531+00:00,https://invent.kde.org/pim/kmail,,src/content/posts/2024/linux-alternatives.md
https://invent.kde.org/plasma/latte-dock,retained,reachable,HTTP GET,200,,2026-10-07T19:48:27.218567+00:00,https://invent.kde.org/plasma/latte-dock,,src/content/posts/2024/linux-alternatives.md
https://invent.kde.org/plasma/plasma-desktop,retained,reachable,HTTP GET,200,,2026-10-07T19:48:32.140331+00:00,https://invent.kde.org/plasma/plasma-desktop,,src/content/posts/2024/linux-alternatives.md
https://invent.kde.org/system/dolphin,retained,reachable,HTTP GET,200,,2026-10-07T19:48:18.963483+00:00,https://invent.kde.org/system/dolphin,,src/content/posts/2024/linux-alternatives.md
https://invent.kde.org/utilities/filelight,retained,reachable,HTTP GET,200,,2026-10-07T19:48:30.429062+00:00,https://invent.kde.org/utilities/filelight,,src/content/posts/2024/linux-alternatives.md
https://invent.kde.org/utilities/kate,retained,reachable,HTTP GET,200,,2026-10-07T19:48:29.730981+00:00,https://invent.kde.org/utilities/kate,,src/content/posts/2024/linux-alternatives.md
https://invent.kde.org/utilities/kfloppy,retained,reachable,HTTP GET,200,,2026-10-07T19:48:30.077137+00:00,https://invent.kde.org/utilities/kfloppy,,src/content/posts/2024/linux-alternatives.md
https://invent.kde.org/utilities/konsole,retained,reachable,HTTP GET,200,,2026-10-07T19:48:28.903066+00:00,https://invent.kde.org/utilities/konsole,,src/content/posts/2024/linux-alternatives.md
https://invent.kde.org/utilities/krusader,retained,reachable,HTTP GET,200,,2026-10-07T19:48:20.257785+00:00,https://invent.kde.org/utilities/krusader,,src/content/posts/2024/linux-alternatives.md
https://invent.kde.org/utilities/okteta,retained,reachable,HTTP GET,200,,2026-10-07T19:48:16.211703+00:00,https://invent.kde.org/utilities/okteta,,src/content/posts/2024/linux-alternatives.md
https://invent.kde.org/utilities/rsibreak,retained,reachable,HTTP GET,200,,2026-10-07T19:48:27.694687+00:00,https://invent.kde.org/utilities/rsibreak,,src/content/posts/2024/linux-alternatives.md
https://invent.kde.org/utilities/skanpage,retained,reachable,HTTP GET,200,,2026-10-07T19:48:22.676938+00:00,https://invent.kde.org/utilities/skanpage,,src/content/posts/2024/linux-alternatives.md
https://invent.kde.org/utilities/yakuake,retained,reachable,HTTP GET,200,,2026-10-07T19:48:29.238254+00:00,https://invent.kde.org/utilities/yakuake,,src/content/posts/2024/linux-alternatives.md
https://invisible-island.net/xterm/,retained,reachable,HTTP GET,200,,2026-10-07T19:47:44.444102+00:00,https://invisible-island.net/xterm/,,src/content/posts/2024/linux-alternatives.md
https://ipe.otfried.org/,retained,reachable,HTTP GET,200,,2026-10-07T19:47:34.232180+00:00,https://ipe.otfried.org/,,src/content/posts/2024/linux-alternatives.md
https://iplists.firehol.org/,retained,reachable,HTTP GET,200,,2026-10-07T19:47:42.264795+00:00,https://iplists.firehol.org/,,src/content/posts/2024/linux-alternatives.md
https://ipython.org/,retained,reachable,HTTP GET,200,,2026-10-07T19:47:25.620996+00:00,https://ipython.org/,,src/content/posts/2024/linux-alternatives.md
https://ir.ea.com/press-releases/press-release-details/2025/EA-Announces-Agreement-to-be-Acquired-by-PIF-Silver-Lake-and-Affinity-Partners-for-55-Billion/default.aspx,retained,reachable,HTTP GET,200,,2026-10-07T19:47:52.949539+00:00,https://www.ea.com/,,src/content/posts/2025/dangers-of-kernel-anticheat.md
https://irssi.org/,retained,reachable,HTTP GET,200,,2026-10-07T19:47:21.641004+00:00,https://irssi.org/,,src/content/posts/2024/linux-alternatives.md
https://itch.io/,retained,reachable,HTTP GET,200,,2026-10-07T19:47:32.353987+00:00,https://itch.io/,,src/content/posts/2024/linux-alternatives.md
https://itsfoss.com/,retained,reachable,HTTP GET,200,,2026-10-07T19:47:56.858157+00:00,https://itsfoss.com/,,src/content/posts/2024/linux-alternatives.md
https://itsfoss.com/?,retained,reachable,HTTP GET,200,,2026-10-07T19:47:11.785018+00:00,https://itsfoss.com/,,src/content/posts/2019/2019-10-09-learn-linux.md
https://jami.net/,retained,reachable,HTTP GET,200,,2026-10-07T19:47:21.964501+00:00,https://jami.net/,,src/content/posts/2024/linux-alternatives.md
https://jdownloader.org/,retained,reachable,HTTP GET,200,,2026-10-07T19:47:42.613936+00:00,https://jdownloader.org/,,src/content/posts/2024/linux-alternatives.md
https://jellyfin.org/,retained,reachable,HTTP GET,200,,2026-10-07T19:47:47.381022+00:00,https://jellyfin.org/,,src/content/posts/2024/linux-alternatives.md
https://jely2002.github.io/youtube-dl-gui/,retained,reachable,HTTP GET,200,,2026-10-07T19:47:37.283859+00:00,https://jely2002.github.io/youtube-dl-gui/,,src/content/posts/2024/linux-alternatives.md
https://jitsi.org/,retained,reachable,HTTP GET,200,,2026-10-07T19:47:22.046106+00:00,https://jitsi.org/,,src/content/posts/2024/linux-alternatives.md
https://jmusicbot.com/,retained,reachable,HTTP GET,200,,2026-10-07T19:47:21.434811+00:00,https://jmusicbot.com/,,src/content/posts/2024/linux-alternatives.md
https://johnfactotum.github.io/foliate/,retained,reachable,HTTP GET,200,,2026-10-07T19:47:26.777498+00:00,https://johnfactotum.github.io/foliate/,,src/content/posts/2024/linux-alternatives.md
https://joplinapp.org/,retained,reachable,HTTP GET,200,,2026-10-07T19:47:38.980046+00:00,https://joplinapp.org/,,src/content/posts/2024/linux-alternatives.md
https://juk.kde.org/,retained,reachable,HTTP GET,200,,2026-10-07T19:47:19.841154+00:00,https://apps.kde.org/juk/,,src/content/posts/2024/linux-alternatives.md
https://junrrein.github.io/pdfslicer/,retained,reachable,HTTP GET,200,,2026-10-07T19:47:27.181980+00:00,https://junrrein.github.io/pdfslicer/,,src/content/posts/2024/linux-alternatives.md
https://jupyter.org/,retained,reachable,HTTP GET,200,,2026-10-07T19:47:26.062491+00:00,https://jupyter.org/,,src/content/posts/2024/linux-alternatives.md
https://justgetflux.com/linux.html,retained,reachable,HTTP GET,200,,2026-10-07T19:47:38.629832+00:00,https://justgetflux.com/linux.html,,src/content/posts/2024/linux-alternatives.md
https://kakoune.org/,retained,reachable,HTTP GET,200,,2026-10-07T19:47:45.012553+00:00,https://kakoune.org/,,src/content/posts/2024/linux-alternatives.md
https://kaku.rocks/,retained,reachable,HTTP GET,200,,2026-10-07T19:47:37.464626+00:00,https://kaku.rocks/,,src/content/posts/2024/linux-alternatives.md
https://kanryu.github.io/quickviewer/,retained,reachable,HTTP GET,200,,2026-10-07T19:47:35.890523+00:00,https://kanryu.github.io/quickviewer/,,src/content/posts/2024/linux-alternatives.md
https://kate-editor.org/build-it/,retained,reachable,HTTP GET,200,,2026-10-07T19:47:44.662888+00:00,https://kate-editor.org/build-it/,,src/content/posts/2024/linux-alternatives.md
https://kate-editor.org/get-it/,retained,reachable,HTTP GET,200,,2026-10-07T19:48:02.688594+00:00,https://kate-editor.org/get-it/,,src/content/posts/2024/linux-alternatives.md
https://kb.acronis.com/content/69667,retained,reachable,HTTP GET,200,,2026-10-07T19:47:14.711843+00:00,https://kb.acronis.com/content/69667,,src/content/posts/2022/acronis-true-image.md
https://kdenlive.org/,retained,reachable,HTTP GET,200,,2026-10-07T19:47:36.513631+00:00,https://kdenlive.org/,,src/content/posts/2024/linux-alternatives.md
https://keepassxc.org/,retained,reachable,HTTP GET,200,,2026-10-07T19:47:40.974329+00:00,https://keepassxc.org/,,src/content/posts/2024/linux-alternatives.md
https://keeweb.info/,retained,reachable,HTTP GET,200,,2026-10-07T19:47:41.121942+00:00,https://keeweb.info/,,src/content/posts/2024/linux-alternatives.md
https://kfocus.org/,retained,reachable,HTTP GET,200,,2026-10-07T19:47:12.373263+00:00,https://kfocus.org/,,src/content/posts/2020/2020-buyers-guide.md
https://kfocus.org/spec/spec-ir16.html,retained,reachable,HTTP GET,200,,2026-10-07T19:48:04.349615+00:00,https://kfocus.org/spec/spec-ir16.html,,src/content/posts/2025/linux-laptops.md
https://kfocus.org/wf/apps.html,retained,reachable,HTTP GET,200,,2026-10-07T19:47:57.053092+00:00,https://kfocus.org/wf/apps.html,,src/content/posts/2025/linux-laptops.md
https://kid3.kde.org/,retained,reachable,HTTP GET,200,,2026-10-07T19:47:20.715099+00:00,https://kid3.kde.org/,,src/content/posts/2024/linux-alternatives.md
https://klaudiosinani.github.io/tusk/,retained,reachable,HTTP GET,200,,2026-10-07T19:47:39.500390+00:00,https://klaudiosinani.com/tusk/,,src/content/posts/2024/linux-alternatives.md
https://klavaro.sourceforge.io/en/index.html,retained,reachable,HTTP GET,200,,2026-10-07T19:47:27.955302+00:00,https://klavaro.sourceforge.io/en/index.html,,src/content/posts/2024/linux-alternatives.md
https://kmon.cli.rs/,retained,reachable,HTTP GET,200,,2026-10-07T19:47:49.002490+00:00,https://kmon.cli.rs/,,src/content/posts/2024/linux-alternatives.md
https://kmymoney.org/,retained,reachable,HTTP GET,200,,2026-10-07T19:47:37.619797+00:00,https://kmymoney.org/,,src/content/posts/2024/linux-alternatives.md
https://knotter.mattbas.org/Knotter,retained,reachable,HTTP GET,200,,2026-10-07T19:47:34.290326+00:00,https://web.archive.org/web/20160405072725/http://knotter.mattbas.org/Knotter,,src/content/posts/2024/linux-alternatives.md
https://kodi.tv/about/,retained,reachable,HTTP GET,200,,2026-10-07T19:47:47.433310+00:00,https://kodi.tv/about/,,src/content/posts/2024/linux-alternatives.md
https://konversation.kde.org/,retained,reachable,HTTP GET,200,,2026-10-07T19:47:21.670528+00:00,https://konversation.kde.org/,,src/content/posts/2024/linux-alternatives.md
https://kopia.io/,retained,reachable,HTTP GET,200,,2026-10-07T19:47:22.764377+00:00,https://kopia.io/,,src/content/posts/2024/linux-alternatives.md
https://krita.org/en/,retained,reachable,HTTP GET,200,,2026-10-07T19:47:34.310043+00:00,https://krita.org/en/,,src/content/posts/2024/linux-alternatives.md
https://krusader.org/,retained,reachable,HTTP GET,200,,2026-10-07T19:47:29.292939+00:00,https://krusader.org/,,src/content/posts/2024/linux-alternatives.md
https://kryogenix.org/code/pick/,retained,reachable,HTTP GET,200,,2026-10-07T19:47:26.359578+00:00,https://www.kryogenix.org/code/pick/,,src/content/posts/2024/linux-alternatives.md
https://kx.studio/,retained,reachable,HTTP GET,200,,2026-10-07T19:47:19.055330+00:00,https://kx.studio/,,src/content/posts/2024/linux-alternatives.md
https://l3net.wordpress.com/2015/04/13/firejail-seccomp-guide/,retained,reachable,HTTP GET,200,,2026-10-07T19:47:40.463412+00:00,https://l3net.wordpress.com/2015/04/13/firejail-seccomp-guide/,,src/content/posts/2024/linux-alternatives.md
https://labplot.kde.org/,retained,reachable,HTTP GET,200,,2026-10-07T19:47:48.417521+00:00,https://labplot.org/,,src/content/posts/2024/linux-alternatives.md
https://lapce.dev/,retained,reachable,HTTP GET,200,,2026-10-07T19:47:44.714545+00:00,https://lap.dev/lapce/,,src/content/posts/2024/linux-alternatives.md
https://lastpass.com/misc_download2.php,retained,reachable,HTTP GET,200,,2026-10-07T19:47:41.150438+00:00,https://lastpass.com/misc_download2.php,,src/content/posts/2024/linux-alternatives.md
https://launchpad.net/apt-toolkit,retained,reachable,HTTP GET,200,,2026-10-07T19:48:21.967234+00:00,https://launchpad.net/apt-toolkit,,src/content/posts/2024/linux-alternatives.md
https://launchpad.net/caffeine,retained,reachable,HTTP GET,200,,2026-10-07T19:48:14.357339+00:00,https://launchpad.net/caffeine,,src/content/posts/2024/linux-alternatives.md
https://launchpad.net/catfish-search,retained,reachable,HTTP GET,200,,2026-10-07T19:48:16.884277+00:00,https://launchpad.net/catfish-search,,src/content/posts/2024/linux-alternatives.md
https://launchpad.net/cpug,retained,reachable,HTTP GET,200,,2026-10-07T19:48:22.524339+00:00,https://launchpad.net/cpug,,src/content/posts/2024/linux-alternatives.md
https://launchpad.net/docky,retained,reachable,HTTP GET,200,,2026-10-07T19:48:15.512426+00:00,https://launchpad.net/docky,,src/content/posts/2024/linux-alternatives.md
https://launchpad.net/grub-customizer,retained,reachable,HTTP GET,200,,2026-10-07T19:48:24.633676+00:00,https://launchpad.net/grub-customizer,,src/content/posts/2024/linux-alternatives.md
https://launchpad.net/indicator-brightness,retained,reachable,HTTP GET,200,,2026-10-07T19:48:18.840867+00:00,https://launchpad.net/indicator-brightness,,src/content/posts/2024/linux-alternatives.md
https://launchpad.net/indicator-cpufreq,retained,reachable,HTTP GET,200,,2026-10-07T19:48:22.999372+00:00,https://launchpad.net/indicator-cpufreq,,src/content/posts/2024/linux-alternatives.md
https://launchpad.net/indicator-multiload,retained,reachable,HTTP GET,200,,2026-10-07T19:48:24.101191+00:00,https://launchpad.net/indicator-multiload,,src/content/posts/2024/linux-alternatives.md
https://launchpad.net/indicator-stickynotes,retained,reachable,HTTP GET,200,,2026-10-07T19:48:18.250381+00:00,https://launchpad.net/indicator-stickynotes,,src/content/posts/2024/linux-alternatives.md
https://launchpad.net/kazam,retained,reachable,HTTP GET,200,,2026-10-07T19:48:13.170454+00:00,https://launchpad.net/kazam,,src/content/posts/2024/linux-alternatives.md
https://launchpad.net/lsm,retained,reachable,HTTP GET,200,,2026-10-07T19:48:10.564136+00:00,https://launchpad.net/lsm,,src/content/posts/2024/linux-alternatives.md
https://launchpad.net/my-weather-indicator,retained,reachable,HTTP GET,200,,2026-10-07T19:48:19.544617+00:00,https://launchpad.net/my-weather-indicator,,src/content/posts/2024/linux-alternatives.md
https://launchpad.net/plank,retained,reachable,HTTP GET,200,,2026-10-07T19:48:16.165250+00:00,https://launchpad.net/plank,,src/content/posts/2024/linux-alternatives.md
https://launchpad.net/qpdfview,retained,reachable,HTTP GET,200,,2026-10-07T19:48:05.515954+00:00,https://launchpad.net/qpdfview,,src/content/posts/2024/linux-alternatives.md
https://launchpad.net/rapid/,retained,reachable,HTTP GET,200,,2026-10-07T19:48:11.919799+00:00,https://launchpad.net/rapid/,,src/content/posts/2024/linux-alternatives.md
https://launchpad.net/recent-notifications,retained,reachable,HTTP GET,200,,2026-10-07T19:48:20.034666+00:00,https://launchpad.net/recent-notifications,,src/content/posts/2024/linux-alternatives.md
https://launchpad.net/sakura,retained,reachable,HTTP GET,200,,2026-10-07T19:48:20.811541+00:00,https://launchpad.net/sakura,,src/content/posts/2024/linux-alternatives.md
https://launchpad.net/soundconverter,retained,reachable,HTTP GET,200,,2026-10-07T19:47:59.673724+00:00,https://launchpad.net/soundconverter,,src/content/posts/2024/linux-alternatives.md
https://launchpad.net/synapse-project,retained,reachable,HTTP GET,200,,2026-10-07T19:48:17.611537+00:00,https://launchpad.net/synapse-project,,src/content/posts/2024/linux-alternatives.md
https://launchpad.net/terminator,retained,reachable,HTTP GET,200,,2026-10-07T19:48:21.336550+00:00,https://launchpad.net/terminator,,src/content/posts/2024/linux-alternatives.md
https://launchpad.net/ubuntu/+source/indicator-multiload,retained,reachable,HTTP GET,200,,2026-10-07T19:48:23.496062+00:00,https://launchpad.net/ubuntu/+source/indicator-multiload,,src/content/posts/2024/linux-alternatives.md
https://launchpad.net/ubuntu/+source/pacman4console,retained,reachable,HTTP GET,200,,2026-10-07T19:48:09.408644+00:00,https://launchpad.net/ubuntu/+source/pacman4console,,src/content/posts/2024/linux-alternatives.md
https://launchpad.net/ufw,retained,reachable,HTTP GET,200,,2026-10-07T19:48:25.081411+00:00,https://launchpad.net/ufw,,src/content/posts/2026/check-network-security.md
https://launchpad.net/~audio-recorder,retained,reachable,HTTP GET,200,,2026-10-07T19:47:18.886475+00:00,https://launchpad.net/~audio-recorder,,src/content/posts/2024/linux-alternatives.md
https://launchpad.net/~pulb/+archive/ubuntu/mailnag,retained,reachable,HTTP GET,200,,2026-10-07T19:48:07.864416+00:00,https://launchpad.net/~pulb/+archive/ubuntu/mailnag,,src/content/posts/2024/linux-alternatives.md
https://lcarsde.github.io/index.html,retained,reachable,HTTP GET,200,,2026-10-07T19:47:16.351085+00:00,https://lcarsde.github.io/index.html,,src/content/posts/2022/star-trek-os.md
https://lcarsde.github.io/manual.html,retained,reachable,HTTP GET,200,,2026-10-07T19:47:58.946355+00:00,https://lcarsde.github.io/manual.html,,src/content/posts/2022/star-trek-os.md
https://learn.microsoft.com/en-us/lifecycle/products/windows-10-home-and-pro,retained,reachable,HTTP GET,200,,2026-10-07T19:47:13.487665+00:00,https://learn.microsoft.com/en-us/lifecycle/products/windows-10-home-and-pro,,src/content/posts/2020/windows-update.md
https://learn.microsoft.com/en-us/sql/database-engine/configure-windows/change-server-authentication-mode,introduced,reachable,Firecrawl scrape,200,200,2026-10-07T19:57:11.227Z,https://learn.microsoft.com/en-us/sql/database-engine/configure-windows/change-server-authentication-mode,,src/content/posts/old/2013-04-09-configuring-sql-authentication.md
https://learn.microsoft.com/en-us/sysinternals/downloads/bluescreen,retained,reachable,HTTP GET,200,,2026-10-07T19:48:07.533660+00:00,https://learn.microsoft.com/en-us/sysinternals/downloads/bluescreen,,src/content/posts/2022/starfield-screensaver.md
https://learn.microsoft.com/en-us/windows-hardware/get-started/adk-install,retained,reachable,HTTP GET,200,,2026-10-07T19:48:10.294557+00:00,https://learn.microsoft.com/en-us/windows-hardware/get-started/adk-install,,src/content/posts/2023/tiny11-has-problems.md
https://learn.microsoft.com/en-us/windows/release-health/status-windows-11-22h2,retained,reachable,HTTP GET,200,,2026-10-07T19:48:04.866288+00:00,https://learn.microsoft.com/en-us/windows/release-health/,,src/content/posts/2022/Windows-22H2-problems.md
https://learn.microsoft.com/en-us/windows/wsl/install,retained,reachable,HTTP GET,200,,2026-10-07T19:47:57.738450+00:00,https://learn.microsoft.com/en-us/windows/wsl/install,,src/content/posts/2020/wsl2.md
https://learn.microsoft.com/en-us/windows/wsl/wsl2-mount-disk,retained,reachable,HTTP GET,200,,2026-10-07T19:48:09.041625+00:00,https://learn.microsoft.com/en-us/windows/wsl/wsl2-mount-disk,,src/content/posts/2023/ext4-in-windows.md
https://learn.netdata.cloud/docs/collecting-metrics/collectors/networking/tc-qos-classes,introduced,reachable,HTTP GET,200,,2026-10-07T20:16:16.522063+00:00,https://learn.netdata.cloud/docs/collecting-metrics/collectors/networking/tc-qos-classes,,src/content/posts/2024/linux-alternatives.md
https://learn.netdata.cloud/docs/collecting-metrics/linux-systems/network/tc-qos-classes,removed-or-replaced,reachable,HTTP GET,200,,2026-10-07T19:47:41.798931+00:00,https://learn.netdata.cloud/docs/collecting-metrics/collectors/networking/tc-qos-classes,,src/content/posts/2024/linux-alternatives.md
https://lecorbeausvault.wordpress.com/2022/02/07/debian-switching-init-system-easily-openrc-sysvinit-runit/,retained,reachable,HTTP GET,200,,2026-10-07T19:47:52.608675+00:00,https://lecorbeausvault.wordpress.com/2022/02/07/debian-switching-init-system-easily-openrc-sysvinit-runit/,,src/content/posts/2024/removing-systemd.md
https://lemmy.ml/c/linux,retained,reachable,HTTP GET,200,,2026-10-07T19:47:51.600970+00:00,https://lemmy.ml/c/linux,,src/content/posts/2024/linux-alternatives.md
https://letsencrypt.org/,retained,reachable,HTTP GET,200,,2026-10-07T19:47:10.405871+00:00,https://letsencrypt.org/,,src/content/posts/2018/2018-09-13-issuing-ssl-certs.md
https://lettier.github.io/gifcurry/,retained,reachable,HTTP GET,200,,2026-10-07T19:47:34.154726+00:00,https://lettier.github.io/gifcurry/,,src/content/posts/2024/linux-alternatives.md
https://lettier.github.io/movie-monad,retained,reachable,HTTP GET,200,,2026-10-07T19:48:01.491676+00:00,https://lettier.github.io/movie-monad/,,src/content/posts/2024/linux-alternatives.md
https://libretime.org/,retained,reachable,HTTP GET,200,,2026-10-07T19:47:19.883123+00:00,https://libretime.org/,,src/content/posts/2024/linux-alternatives.md
https://librewolf.net/,retained,reachable,HTTP GET,200,,2026-10-07T19:47:36.858566+00:00,https://librewolf.net/,,src/content/posts/2024/linux-alternatives.md
https://licensebuttons.net/l/by/4.0/88x31.png,introduced,reachable,HTTP GET,200,,2026-10-07T19:54:45.020971+00:00,https://licensebuttons.net/l/by/4.0/88x31.png,,src/content/posts/2024/linux-alternatives.md
https://licensebuttons.net/l/by/4.0/88x31.webp,removed-or-replaced,missing,HTTP GET,404,,2026-10-07T19:47:52.501819+00:00,https://licensebuttons.net/l/by/4.0/88x31.webp,,src/content/posts/2024/linux-alternatives.md
https://liliputing.com/,retained,reachable,HTTP GET,200,,2026-10-07T19:47:51.632801+00:00,https://liliputing.com/,,src/content/posts/2024/linux-alternatives.md
https://link.christitus.com/blacksmith,retained,reachable,HTTP GET,200,,2026-10-07T19:47:53.823413+00:00,https://www.blacksmith.sh/,,src/content/posts/2026/github-copilot-on-linux.md
https://linoxide.com/,retained,reachable,Firecrawl scrape,403,200,2026-10-07T19:55:33.465Z,https://linoxide.com/,,src/content/posts/2019/2019-10-09-learn-linux.md;src/content/posts/2024/linux-alternatives.md
https://linrunner.de/en/tlp/docs/tlp-linux-advanced-power-management.html,retained,reachable,HTTP GET,200,,2026-10-07T19:47:46.564983+00:00,https://linrunner.de/tlp/,,src/content/posts/2024/linux-alternatives.md
https://linustechtips.com/topic/1526180-gamers-nexus-alleges-lmg-has-insufficient-ethics-and-integrity/page/16/,retained,reachable,HTTP GET,200,,2026-10-07T19:47:17.493424+00:00,https://linustechtips.com/topic/1526180-gamers-nexus-alleges-lmg-has-insufficient-ethics-and-integrity/page/16/,,src/content/posts/2023/ltt-bad.md
https://linux-libre.fsfla.org/pub/linux-libre/releases/,retained,reachable,HTTP GET,200,,2026-10-07T19:47:49.381181+00:00,https://linux-libre.fsfla.org/pub/linux-libre/releases/,,src/content/posts/2024/linux-alternatives.md
https://linux.alltop.com/,removed-or-replaced,dns-failure,HTTP GET,,,2026-10-07T19:47:51.117575+00:00,https://linux.alltop.com/,Firecrawl retry: unable to retrieve,src/content/posts/2024/linux-alternatives.md
https://linux.slashdot.org/,retained,reachable,HTTP GET,200,,2026-10-07T19:47:52.159087+00:00,https://linux.slashdot.org/,,src/content/posts/2024/linux-alternatives.md
https://linuxecke.volkoh.de/vokoscreen/vokoscreen.html,retained,reachable,HTTP GET,200,,2026-10-07T19:47:36.278637+00:00,https://linuxecke.volkoh.de/vokoscreen/vokoscreen.html,,src/content/posts/2024/linux-alternatives.md
https://linuxhandbook.com/,retained,reachable,HTTP GET,200,,2026-10-07T19:47:51.697620+00:00,https://linuxhandbook.com/,,src/content/posts/2024/linux-alternatives.md
https://linuxstans.com/,retained,reachable,HTTP GET,200,,2026-10-07T19:47:51.800939+00:00,https://linuxstans.com/,,src/content/posts/2024/linux-alternatives.md
https://liquorix.net/,retained,reachable,HTTP GET,200,,2026-10-07T19:47:11.354432+00:00,https://liquorix.net/,,src/content/posts/2019/2019-09-28-custom-kernel.md;src/content/posts/2020/ultimate-linux-gaming-guide.md;src/content/posts/2024/linux-alternatives.md
https://liquorix.net/linux-liquorix.pub,retained,reachable,HTTP GET,200,,2026-10-07T19:48:04.099911+00:00,https://liquorix.net/linux-liquorix.pub,,src/content/posts/2019/2019-09-28-custom-kernel.md;src/content/posts/2020/ultimate-linux-gaming-guide.md
https://lmms.io/download,introduced,reachable,HTTP GET,200,,2026-10-07T20:16:16.521386+00:00,https://lmms.io/download,,src/content/posts/2024/linux-alternatives.md
https://lmms.io/download/,removed-or-replaced,reachable,HTTP GET,200,,2026-10-07T19:47:19.058656+00:00,https://lmms.io/download,,src/content/posts/2024/linux-alternatives.md
https://localhost:9443/,retained,example-or-local,HTTP GET,,,2026-10-07T19:47:15.272068+00:00,https://localhost:9443/,Illustrative URL; not a public destination contract,src/content/posts/2022/docker-macos.md
https://logseq.com/,retained,reachable,HTTP GET,200,,2026-10-07T19:47:38.985543+00:00,https://logseq.com/,,src/content/posts/2024/linux-alternatives.md
https://lshw.ezix.org/,retained,reachable,HTTP GET,200,,2026-10-07T19:47:49.111646+00:00,https://project.ezix.org/wiki/HardwareLiSter,,src/content/posts/2024/linux-alternatives.md
https://lucidor.org/lucidor/,removed-or-replaced,repurposed-domain,HTTP GET,200,,2026-10-07T19:47:26.885520+00:00,https://lucidor.org/,Original domain now serves unrelated gambling content; old hyperlink removed or replaced,src/content/posts/2024/linux-alternatives.md
https://lutris.net/,retained,reachable,HTTP GET,200,,2026-10-07T19:47:15.811904+00:00,https://lutris.net/,,src/content/posts/2022/linux-for-beginners.md;src/content/posts/2024/linux-alternatives.md
https://luxtorpeda.gitlab.io/,retained,reachable,HTTP GET,200,,2026-10-07T19:47:32.927015+00:00,https://luxtorpeda.gitlab.io/,,src/content/posts/2024/linux-alternatives.md
https://lwn.net/,retained,reachable,HTTP GET,200,,2026-10-07T19:48:02.516416+00:00,https://lwn.net/,,src/content/posts/2024/linux-alternatives.md
https://lwn.net/Articles/531114/,retained,reachable,HTTP GET,200,,2026-10-07T19:47:40.384826+00:00,https://lwn.net/Articles/531114/,,src/content/posts/2024/linux-alternatives.md
https://lxde.org/,removed-or-replaced,reachable,Firecrawl scrape,,200,2026-10-07T20:16:52.377Z,https://www.lxde.org/,,src/content/posts/2024/linux-alternatives.md
https://lxgr-linux.github.io/pokete/,retained,reachable,HTTP GET,200,,2026-10-07T19:47:29.720754+00:00,https://lxgr-linux.github.io/pokete/,,src/content/posts/2024/linux-alternatives.md
https://lxqt-project.org/,retained,reachable,HTTP GET,200,,2026-10-07T19:47:49.631359+00:00,https://lxqt-project.org/,,src/content/posts/2024/linux-alternatives.md
https://maaslalani.com/slides/,retained,reachable,HTTP GET,200,,2026-10-07T19:47:49.158804+00:00,https://maaslalani.com/slides/,,src/content/posts/2024/linux-alternatives.md
https://mackie100projects.altervista.org/download-clover-configurator/,retained,reachable,HTTP GET,200,,2026-10-07T19:47:12.010012+00:00,https://mackie100projects.altervista.org/download-clover-configurator/,,src/content/posts/2019/2019-10-28-hackintosh-ryzen-install.md
https://macos-defaults.com/,retained,reachable,HTTP GET,200,,2026-10-07T19:47:53.140251+00:00,https://macos-defaults.com/,,src/content/posts/2025/macbook-problems.md
https://mail.contoso.com/autodiscover/autodiscover.xml,retained,example-or-local,HTTP GET,,,2026-10-07T19:47:54.447318+00:00,https://mail.contoso.com/autodiscover/autodiscover.xml,Illustrative URL; not a public destination contract,src/content/posts/old/2013-12-09-outlook-security-certificate.md
https://mail.contoso.com/ews/exchange.asmx,retained,example-or-local,HTTP GET,,,2026-10-07T19:48:03.483782+00:00,https://mail.contoso.com/ews/exchange.asmx,Illustrative URL; not a public destination contract,src/content/posts/old/2013-12-09-outlook-security-certificate.md
https://mail.contoso.com/oab,retained,example-or-local,HTTP GET,,,2026-10-07T19:48:06.375454+00:00,https://mail.contoso.com/oab,Illustrative URL; not a public destination contract,src/content/posts/old/2013-12-09-outlook-security-certificate.md
https://mail.contoso.com/unifiedmessaging/service.asmx,retained,example-or-local,HTTP GET,,,2026-10-07T19:48:08.483167+00:00,https://mail.contoso.com/unifiedmessaging/service.asmx,Illustrative URL; not a public destination contract,src/content/posts/old/2013-12-09-outlook-security-certificate.md
https://mamedev.org/,retained,reachable,HTTP GET,200,,2026-10-07T19:47:33.346966+00:00,https://www.mamedev.org/,,src/content/posts/2024/linux-alternatives.md
https://maoschanz.github.io/drawing/,retained,reachable,HTTP GET,200,,2026-10-07T19:47:34.128131+00:00,https://maoschanz.github.io/drawing/,,src/content/posts/2024/linux-alternatives.md
https://marble.kde.org/,retained,reachable,HTTP GET,200,,2026-10-07T19:47:28.126769+00:00,https://marble.kde.org/,,src/content/posts/2024/linux-alternatives.md
https://mariadb.org/,retained,reachable,HTTP GET,200,,2026-10-07T19:48:00.309964+00:00,https://mariadb.org/,,src/content/posts/2024/linux-alternatives.md
https://mariadb.org/get-involved/getting-started-for-developers/,retained,reachable,HTTP GET,200,,2026-10-07T19:47:23.675828+00:00,https://mariadb.org/get-involved/getting-started-for-developers/,,src/content/posts/2024/linux-alternatives.md
https://mate-desktop.com/,retained,reachable,HTTP GET,200,,2026-10-07T19:47:49.653858+00:00,https://mate-desktop.com/,,src/content/posts/2024/linux-alternatives.md
https://mate-desktop.org/,retained,reachable,HTTP GET,200,,2026-10-07T19:47:29.241219+00:00,https://mate-desktop.org/,,src/content/posts/2024/linux-alternatives.md
https://mattermost.com/,retained,reachable,HTTP GET,200,,2026-10-07T19:47:22.123817+00:00,https://mattermost.com/,,src/content/posts/2024/linux-alternatives.md
https://maxautoclicker.blogspot.com/,retained,reachable,HTTP GET,200,,2026-10-07T19:47:38.273438+00:00,https://maxautoclicker.blogspot.com/p/download-maxautoclicker-for-free.html,,src/content/posts/2024/linux-alternatives.md
https://maxima.sourceforge.io/,retained,reachable,HTTP GET,200,,2026-10-07T19:47:28.211151+00:00,https://maxima.sourceforge.io/,,src/content/posts/2024/linux-alternatives.md
https://mcpelauncher.readthedocs.io/en/latest/,retained,reachable,HTTP GET,200,,2026-10-07T19:47:31.620782+00:00,https://mcpelauncher.readthedocs.io/en/latest/,,src/content/posts/2024/linux-alternatives.md
https://meetfranz.com/,retained,reachable,HTTP GET,200,,2026-10-07T19:47:21.307599+00:00,https://meetfranz.com/,,src/content/posts/2024/linux-alternatives.md
https://mega.io/desktop,retained,reachable,HTTP GET,200,,2026-10-07T19:47:42.354272+00:00,https://mega.io/desktop,,src/content/posts/2024/linux-alternatives.md
https://meldmerge.org/,retained,reachable,HTTP GET,200,,2026-10-07T19:47:26.106860+00:00,https://meldmerge.org/,,src/content/posts/2024/linux-alternatives.md
https://melonds.kuribo64.net/,retained,reachable,HTTP GET,200,,2026-10-07T19:47:33.588295+00:00,https://melonds.kuribo64.net/,,src/content/posts/2024/linux-alternatives.md
https://menyoki.cli.rs/,retained,reachable,HTTP GET,200,,2026-10-07T19:47:36.128786+00:00,https://menyoki.cli.rs/,,src/content/posts/2024/linux-alternatives.md
https://meshcentral.com/,retained,reachable,HTTP GET,200,,2026-10-07T19:47:17.338687+00:00,https://meshcentral.com/,,src/content/posts/2023/creating-a-secure-system.md
https://messages.google.com/,retained,reachable,HTTP GET,200,,2026-10-07T19:47:16.726586+00:00,https://messages.google.com/,,src/content/posts/2022/switching-to-dumbphone.md
https://metadatacleaner.romainvigier.fr/,removed-or-replaced,dns-failure,HTTP GET,,,2026-10-07T19:47:26.200670+00:00,https://metadatacleaner.romainvigier.fr/,,src/content/posts/2024/linux-alternatives.md
https://mewho.com/system47/download1.htm,retained,reachable,HTTP GET,200,,2026-10-07T19:47:13.002419+00:00,https://www.mewho.com/system47/download1.htm,,src/content/posts/2020/lcars-screensaver.md
https://mgba.io/,retained,reachable,HTTP GET,200,,2026-10-07T19:47:33.647198+00:00,https://mgba.io/,,src/content/posts/2024/linux-alternatives.md
https://mhogomchungu.github.io/sirikali/,retained,reachable,HTTP GET,200,,2026-10-07T19:47:42.124451+00:00,https://mhogomchungu.github.io/sirikali/,,src/content/posts/2024/linux-alternatives.md
https://micro-editor.github.io/,retained,reachable,HTTP GET,200,,2026-10-07T19:47:45.239164+00:00,https://micro-editor.github.io/,,src/content/posts/2024/linux-alternatives.md
https://minbrowser.github.io/min,retained,reachable,HTTP GET,200,,2026-10-07T19:47:36.883072+00:00,https://minbrowser.org/min/,,src/content/posts/2024/linux-alternatives.md
https://mindustrygame.github.io/,retained,reachable,HTTP GET,200,,2026-10-07T19:47:31.422413+00:00,https://mindustrygame.github.io/,,src/content/posts/2024/linux-alternatives.md
https://minecraft.net/,retained,reachable,Firecrawl scrape,,200,2026-10-07T20:16:52.377Z,https://www.minecraft.net/en-us,,src/content/posts/2024/linux-alternatives.md
https://minetest.net/,retained,reachable,HTTP GET,200,,2026-10-07T19:47:31.744302+00:00,https://www.luanti.org/,,src/content/posts/2024/linux-alternatives.md
https://minidlna.sourceforge.net/,retained,reachable,HTTP GET,200,,2026-10-07T19:47:36.340488+00:00,https://minidlna.sourceforge.net/,,src/content/posts/2024/linux-alternatives.md
https://mirrors.rpmfusion.org/free/el/rpmfusion-free-release-8.noarch.rpm,retained,reachable,HTTP GET,200,,2026-10-07T19:47:14.284292+00:00,https://mirror.fcix.net/rpmfusion/free/el/rpmfusion-free-release-8.noarch.rpm,,src/content/posts/2021/rocky-linux.md
https://mirrors.rpmfusion.org/nonfree/el/rpmfusion-nonfree-release-8.noarch.rpm,retained,reachable,HTTP GET,200,,2026-10-07T19:47:57.899865+00:00,https://mirror.fcix.net/rpmfusion/nonfree/el/rpmfusion-nonfree-release-8.noarch.rpm,,src/content/posts/2021/rocky-linux.md
https://mitmproxy.org/,retained,reachable,HTTP GET,200,,2026-10-07T19:47:40.170036+00:00,https://www.mitmproxy.org/,,src/content/posts/2024/linux-alternatives.md
https://mockitt.wondershare.com/home.html,removed-or-replaced,dns-failure,HTTP GET,,,2026-10-07T19:47:26.277772+00:00,https://mockitt.wondershare.com/home.html,Firecrawl retry: unable to retrieve,src/content/posts/2024/linux-alternatives.md
https://moosync.app/,retained,reachable,HTTP GET,200,,2026-10-07T19:47:19.917286+00:00,https://moosync.app/,,src/content/posts/2024/linux-alternatives.md
https://mosh.org/,retained,reachable,HTTP GET,200,,2026-10-07T19:47:46.248862+00:00,https://mosh.org/,,src/content/posts/2024/linux-alternatives.md
https://motogt.sourceforge.net/,retained,reachable,HTTP GET,200,,2026-10-07T19:47:30.774265+00:00,https://motogt.sourceforge.net/,,src/content/posts/2024/linux-alternatives.md
https://motrix.app/,retained,reachable,HTTP GET,200,,2026-10-07T19:47:42.672611+00:00,https://motrix.app/,,src/content/posts/2024/linux-alternatives.md
https://msmgtoolkit.in/,retained,reachable,HTTP GET,200,,2026-10-07T19:47:57.815643+00:00,https://msmgtoolkit.in/,,src/content/posts/2021/Windows-10-Optimization-Guide.md
https://msmgtoolkit.in/download.html,retained,reachable,HTTP GET,200,,2026-10-07T19:47:13.635324+00:00,https://msmgtoolkit.in/download.html,,src/content/posts/2021/Ultimate-Windows-10-Install.md
https://muffon.netlify.app/,retained,reachable,HTTP GET,200,,2026-10-07T19:47:19.976111+00:00,https://muffon.netlify.app/,,src/content/posts/2024/linux-alternatives.md
https://mullvad.net/en/,retained,reachable,HTTP GET,200,,2026-10-07T19:48:01.951015+00:00,https://mullvad.net/en,,src/content/posts/2024/linux-alternatives.md
https://mullvad.net/en/browser,retained,reachable,HTTP GET,200,,2026-10-07T19:47:36.941375+00:00,https://mullvad.net/en/browser,,src/content/posts/2024/linux-alternatives.md
https://multimc.org/,retained,reachable,HTTP GET,200,,2026-10-07T19:47:31.750379+00:00,https://multimc.org/,,src/content/posts/2024/linux-alternatives.md
https://mupdf.com/,retained,reachable,HTTP GET,200,,2026-10-07T19:47:26.952780+00:00,https://mupdf.com/,,src/content/posts/2024/linux-alternatives.md
https://murmele.github.io/Gittyup/,retained,reachable,HTTP GET,200,,2026-10-07T19:47:25.004058+00:00,https://murmele.github.io/Gittyup/,,src/content/posts/2024/linux-alternatives.md
https://museeks.io/,retained,reachable,HTTP GET,200,,2026-10-07T19:47:20.052404+00:00,https://museeks.io/,,src/content/posts/2024/linux-alternatives.md
https://musescore.org/,retained,reachable,HTTP GET,200,,2026-10-07T19:47:19.118577+00:00,https://musescore.org/en,,src/content/posts/2024/linux-alternatives.md
https://music.163.com/,retained,reachable,HTTP GET,200,,2026-10-07T19:47:20.099584+00:00,https://music.163.com/,,src/content/posts/2024/linux-alternatives.md
https://my.zerotier.com/,retained,reachable,HTTP GET,200,,2026-10-07T19:47:37.417707+00:00,https://my.zerotier.com/,,src/content/posts/2024/linux-alternatives.md
https://mycroft.ai/,retained,reachable,HTTP GET,200,,2026-10-07T19:47:55.147990+00:00,https://community.openconversational.ai,,src/content/posts/old/ideas.md
https://myheroultra.com/,retained,reachable,HTTP GET,200,,2026-10-07T19:47:54.228609+00:00,https://myheroultra.com/,,src/content/posts/2026/what-can-AI-do-in-2026.md
https://neovim.io/,retained,reachable,HTTP GET,200,,2026-10-07T19:47:45.059826+00:00,https://neovim.io/,,src/content/posts/2024/linux-alternatives.md
https://netbeans.apache.org/download/index.html,retained,reachable,HTTP GET,200,,2026-10-07T19:48:00.680505+00:00,https://netbeans.apache.org/front/main/download/index.html,,src/content/posts/2024/linux-alternatives.md
https://netbeans.apache.org/participate/index.html,retained,reachable,HTTP GET,200,,2026-10-07T19:47:25.529191+00:00,https://netbeans.apache.org/front/main/participate/index.html,,src/content/posts/2024/linux-alternatives.md
https://netbios_name.contoso.com/autodiscover/autodiscover.xml,retained,example-or-local,HTTP GET,,,2026-10-07T19:47:54.414180+00:00,https://netbios_name.contoso.com/autodiscover/autodiscover.xml,Illustrative URL; not a public destination contract,src/content/posts/old/2013-12-09-outlook-security-certificate.md
https://neverball.org/,retained,reachable,HTTP GET,200,,2026-10-07T19:47:30.478118+00:00,https://neverball.org/,,src/content/posts/2024/linux-alternatives.md
https://newsboat.org/,retained,reachable,HTTP GET,200,,2026-10-07T19:47:48.758837+00:00,https://newsboat.org/,,src/content/posts/2024/linux-alternatives.md
https://nextcloud.com/,retained,reachable,HTTP GET,200,,2026-10-07T19:47:42.379230+00:00,https://nextcloud.com/,,src/content/posts/2024/linux-alternatives.md
https://nexus-mods.github.io/NexusMods.App/,retained,reachable,HTTP GET,200,,2026-10-07T19:47:53.082824+00:00,https://nexus-mods.github.io/NexusMods.App/,,src/content/posts/2025/linux-game-mods.md
https://nheko-reborn.github.io/,retained,reachable,HTTP GET,200,,2026-10-07T19:47:21.281860+00:00,https://nheko-reborn.github.io/,,src/content/posts/2024/linux-alternatives.md
https://nicolargo.github.io/glances/,retained,reachable,HTTP GET,200,,2026-10-07T19:47:48.890422+00:00,https://nicolargo.github.io/glances/,,src/content/posts/2024/linux-alternatives.md
https://nitroshare.net/,retained,connection-error,HTTP GET,,,2026-10-07T19:47:43.052839+00:00,https://nitroshare.net/,Firecrawl retry: unable to retrieve,src/content/posts/2024/linux-alternatives.md
https://nixos.org/download.html,retained,reachable,HTTP GET,200,,2026-10-07T19:48:05.210527+00:00,https://nixos.org/download/,,src/content/posts/2024/linux-alternatives.md
https://nixos.org/manual/nix/stable/,retained,reachable,HTTP GET,200,,2026-10-07T19:47:16.108029+00:00,https://nix.dev/manual/nix/2.34/,,src/content/posts/2022/nix-package-manager.md
https://nixos.org/nix/install,retained,reachable,HTTP GET,200,,2026-10-07T19:47:58.853569+00:00,https://releases.nixos.org/nix/nix-2.35.2/install,,src/content/posts/2022/nix-package-manager.md;src/content/posts/2022/switching-to-ubuntu.md;src/content/posts/2023/steamdeck-as-a-desktop.md
https://nmap.org/,retained,reachable,HTTP GET,200,,2026-10-07T19:47:46.293418+00:00,https://nmap.org/,,src/content/posts/2024/linux-alternatives.md
https://nomacs.org/,retained,reachable,HTTP GET,200,,2026-10-07T19:47:35.741176+00:00,https://nomacs.org/,,src/content/posts/2024/linux-alternatives.md
https://nordpass.com/download/linux/,retained,reachable,HTTP GET,200,,2026-10-07T19:47:41.188845+00:00,https://nordpass.com/download/linux/,,src/content/posts/2024/linux-alternatives.md
https://nordvpn.com/,retained,reachable,Firecrawl scrape,403,200,2026-10-07T20:17:14.167Z,https://nordvpn.com/,,src/content/posts/2024/linux-alternatives.md
https://notepadqq.com/wp/,retained,reachable,HTTP GET,200,,2026-10-07T19:47:45.248742+00:00,https://notepadqq.com/wp/,,src/content/posts/2024/linux-alternatives.md
https://notesnook.com/,retained,reachable,HTTP GET,200,,2026-10-07T19:47:39.160362+00:00,https://notesnook.com/,,src/content/posts/2024/linux-alternatives.md
https://ntlite.com/,retained,reachable,HTTP GET,200,,2026-10-07T19:47:16.114756+00:00,https://ntlite.com/,,src/content/posts/2022/ntlite-guide.md
https://nuclear.js.org/,retained,reachable,HTTP GET,200,,2026-10-07T19:47:20.163821+00:00,https://nuclear.js.org/,,src/content/posts/2024/linux-alternatives.md
https://numixproject.github.io/,retained,reachable,HTTP GET,200,,2026-10-07T19:47:23.085359+00:00,https://numixproject.github.io/,,src/content/posts/2024/linux-alternatives.md
https://nvchad.com/,retained,reachable,HTTP GET,200,,2026-10-07T19:47:45.087369+00:00,https://nvchad.com/,,src/content/posts/2024/linux-alternatives.md
https://nxengine.sourceforge.io/,retained,reachable,HTTP GET,200,,2026-10-07T19:47:29.866793+00:00,https://nxengine.sourceforge.io/,,src/content/posts/2024/linux-alternatives.md
https://nyrna.merritt.codes/,retained,reachable,HTTP GET,200,,2026-10-07T19:47:32.945600+00:00,https://nyrna.merritt.codes/,,src/content/posts/2024/linux-alternatives.md
https://obsidian.md/,retained,reachable,HTTP GET,200,,2026-10-07T19:47:39.169632+00:00,https://obsidian.md/,,src/content/posts/2024/linux-alternatives.md
https://obsproject.com/,retained,reachable,HTTP GET,200,,2026-10-07T19:47:36.179488+00:00,https://obsproject.com/,,src/content/posts/2024/linux-alternatives.md
https://octave.org/,retained,reachable,HTTP GET,200,,2026-10-07T19:47:27.729616+00:00,https://octave.org/,,src/content/posts/2024/linux-alternatives.md
https://oguzhaninan.github.io/Stacer-Web/,retained,reachable,HTTP GET,200,,2026-10-07T19:47:45.518279+00:00,https://oguzhaninan.github.io/Stacer-Web/,,src/content/posts/2024/linux-alternatives.md
https://ohmyz.sh/,retained,reachable,HTTP GET,200,,2026-10-07T19:47:25.632602+00:00,https://ohmyz.sh/,,src/content/posts/2024/linux-alternatives.md
https://okular.kde.org/,retained,reachable,HTTP GET,200,,2026-10-07T19:47:26.973815+00:00,https://okular.kde.org/,,src/content/posts/2024/linux-alternatives.md
https://onefetch.dev/,retained,reachable,HTTP GET,200,,2026-10-07T19:47:49.157170+00:00,https://onefetch.dev/,,src/content/posts/2024/linux-alternatives.md
https://onionshare.org/,retained,reachable,HTTP GET,200,,2026-10-07T19:47:43.154580+00:00,https://onionshare.org/,,src/content/posts/2024/linux-alternatives.md
https://openage.sft.lol/,retained,reachable,HTTP GET,200,,2026-10-07T19:47:29.886897+00:00,https://openage.sft.lol/,,src/content/posts/2024/linux-alternatives.md
https://opendvdproducer.jonata.org/,retained,reachable,HTTP GET,200,,2026-10-07T19:47:34.495850+00:00,https://opendvdproducer.jonata.org/,,src/content/posts/2024/linux-alternatives.md
https://openmaptiles.org/,retained,reachable,HTTP GET,200,,2026-10-07T19:47:28.361875+00:00,https://openmaptiles.org/,,src/content/posts/2024/linux-alternatives.md
https://openmw.org/,retained,reachable,HTTP GET,200,,2026-10-07T19:47:29.964528+00:00,https://openmw.org/,,src/content/posts/2024/linux-alternatives.md
https://openrazer.github.io/,retained,reachable,HTTP GET,200,,2026-10-07T19:47:12.251766+00:00,https://openrazer.github.io/,,src/content/posts/2020/2020-buyers-guide.md
https://openrct2.io/,retained,reachable,HTTP GET,200,,2026-10-07T19:47:30.064624+00:00,https://openrct2.io/,,src/content/posts/2024/linux-alternatives.md
https://openrgb.org/,retained,reachable,HTTP GET,200,,2026-10-07T19:47:48.483612+00:00,https://openrgb.org/,,src/content/posts/2024/linux-alternatives.md
https://opensis.sourceforge.net/,retained,reachable,HTTP GET,200,,2026-10-07T19:47:28.465057+00:00,https://opensis.sourceforge.net/,,src/content/posts/2024/linux-alternatives.md
https://opensource.com/,retained,reachable,HTTP GET,200,,2026-10-07T19:47:51.936643+00:00,https://opensource.com/,,src/content/posts/2024/linux-alternatives.md
https://opensurge2d.org/,retained,reachable,HTTP GET,200,,2026-10-07T19:47:30.511833+00:00,https://opensurge2d.org/,,src/content/posts/2024/linux-alternatives.md
https://openvpn.net/,retained,reachable,HTTP GET,200,,2026-10-07T19:47:56.465569+00:00,https://openvpn.net/,,src/content/posts/2024/linux-alternatives.md
https://openvpn.net/community-downloads/,retained,reachable,HTTP GET,200,,2026-10-07T19:47:11.342577+00:00,https://openvpn.net/community/,,src/content/posts/2019/2019-09-20-openvpn-server.md
https://ops.city/,retained,reachable,HTTP GET,200,,2026-10-07T19:47:40.491578+00:00,https://ops.city/,,src/content/posts/2024/linux-alternatives.md
https://orama-interactive.itch.io/pixelorama,retained,reachable,HTTP GET,200,,2026-10-07T19:47:34.769740+00:00,https://orama-interactive.itch.io/pixelorama,,src/content/posts/2024/linux-alternatives.md
https://orbitalquark.github.io/textadept/,retained,reachable,HTTP GET,200,,2026-10-07T19:47:44.823480+00:00,https://orbitalquark.github.io/textadept/,,src/content/posts/2024/linux-alternatives.md
https://orgmode.org/,retained,reachable,HTTP GET,200,,2026-10-07T19:47:39.244825+00:00,https://orgmode.org/,,src/content/posts/2024/linux-alternatives.md
https://orhun.dev/linuxwave/,retained,reachable,HTTP GET,200,,2026-10-07T19:47:20.719658+00:00,https://orhun.dev/linuxwave/,,src/content/posts/2024/linux-alternatives.md
https://osdn.net/projects/zandronum/scm/,removed-or-replaced,dns-failure,HTTP GET,,,2026-10-07T19:47:30.211044+00:00,https://osdn.net/projects/zandronum/scm/,Firecrawl retry: unable to retrieve,src/content/posts/2024/linux-alternatives.md
https://outlook.office365.com/powershell-liveid/,retained,reachable,HTTP GET,200,,2026-10-07T19:47:10.402635+00:00,https://outlook.office365.com/powershell-liveid/,,src/content/posts/2016/2016-10-31-exclude-shared-mailboxes-exchange.md
https://owncloud.com/client/,retained,reachable,HTTP GET,200,,2026-10-07T19:47:42.391070+00:00,https://owncloud.com/desktop-app/,,src/content/posts/2024/linux-alternatives.md
https://padloc.app/,retained,reachable,HTTP GET,200,,2026-10-07T19:47:41.278814+00:00,https://padloc.app/,,src/content/posts/2024/linux-alternatives.md
https://pagead2.googlesyndication.com/pagead/js/adsbygoogle.js,retained,reachable,HTTP GET,200,,2026-10-07T19:47:12.796234+00:00,https://pagead2.googlesyndication.com/pagead/js/adsbygoogle.js,,src/content/posts/2020/hugo-guide.md
https://pagescms.org/docs/,retained,reachable,HTTP GET,200,,2026-10-07T19:47:53.613355+00:00,https://pagescms.org/docs/,,src/content/posts/2026/cloudflare-pagescms-website.md
https://pagescms.org/docs/configuration/,retained,reachable,HTTP GET,200,,2026-10-07T19:48:06.355644+00:00,https://pagescms.org/docs/configuration/,,src/content/posts/2026/cloudflare-pagescms-website.md
https://pagescms.org/docs/guides/installing/self-host/,retained,reachable,HTTP GET,200,,2026-10-07T19:48:03.369113+00:00,https://pagescms.org/docs/guides/installing/self-host/,,src/content/posts/2026/cloudflare-pagescms-website.md
https://pagescms.org/docs/quick-start/,retained,reachable,HTTP GET,200,,2026-10-07T19:48:08.418013+00:00,https://pagescms.org/docs/quick-start/,,src/content/posts/2026/cloudflare-pagescms-website.md
https://pantsbuild.org/,retained,reachable,HTTP GET,200,,2026-10-07T19:47:25.553119+00:00,https://www.pantsbuild.org/,,src/content/posts/2024/linux-alternatives.md
https://pari.math.u-bordeaux.fr/,retained,reachable,HTTP GET,200,,2026-10-07T19:48:01.254677+00:00,https://pari.math.u-bordeaux.fr/,,src/content/posts/2024/linux-alternatives.md
https://pari.math.u-bordeaux.fr/cgi-bin/gitweb.cgi?p=pari.git;a=summary,retained,http-error,HTTP GET,500,500,2026-10-07T19:47:28.523646+00:00,https://pari.math.u-bordeaux.fr/cgi-bin/gitweb.cgi,Firecrawl retry: 500,src/content/posts/2024/linux-alternatives.md
https://partedmagic.com/,retained,reachable,HTTP GET,200,,2026-10-07T19:47:10.403738+00:00,https://partedmagic.com/,,src/content/posts/2018/2018-07-02-repair-windows-boot-partition.md
https://paulcarroty.gitlab.io/vscodium-deb-rpm-repo/rpms/,retained,repository-metadata-confirmed,HTTP GET repodata/repomd.xml,404,,2026-10-07T19:54:45.006963+00:00,https://paulcarroty.gitlab.io/vscodium-deb-rpm-repo/rpms/,Directory listing 404; package repository metadata returned 200,src/content/posts/2021/rocky-linux.md
https://pcsx2.net/,retained,reachable,HTTP GET,200,,2026-10-07T19:47:33.858027+00:00,https://pcsx2.net/,,src/content/posts/2024/linux-alternatives.md
https://pencil.evolus.vn/,retained,reachable,HTTP GET,200,,2026-10-07T19:47:26.292477+00:00,https://pencil.evolus.vn/,,src/content/posts/2024/linux-alternatives.md
https://peterlevi.com/variety/,retained,reachable,HTTP GET,200,,2026-10-07T19:47:46.902279+00:00,https://github.com/varietywalls/variety,,src/content/posts/2024/linux-alternatives.md
https://phabricator.kde.org/source/heaptrack/repository/master/,retained,blocked,HTTP GET,403,403,2026-10-07T19:47:26.026744+00:00,https://phabricator.kde.org/source/heaptrack/repository/master/,Firecrawl retry: 403,src/content/posts/2024/linux-alternatives.md
https://photivo.org/,retained,reachable,HTTP GET,200,,2026-10-07T19:47:35.386951+00:00,https://bitbucket.org/Photivo/photivo/,,src/content/posts/2024/linux-alternatives.md
https://pi-hole.net/,retained,reachable,HTTP GET,200,,2026-10-07T19:47:46.295114+00:00,https://pi-hole.net/,,src/content/posts/2024/linux-alternatives.md
https://picard.musicbrainz.org/,retained,reachable,HTTP GET,200,,2026-10-07T19:47:20.061819+00:00,https://picard.musicbrainz.org/,,src/content/posts/2024/linux-alternatives.md
https://pidgin.im/,retained,reachable,HTTP GET,200,,2026-10-07T19:47:21.345748+00:00,https://pidgin.im/,,src/content/posts/2024/linux-alternatives.md
https://pikvm.org/,retained,reachable,HTTP GET,200,,2026-10-07T19:47:54.535641+00:00,https://pikvm.org/,,src/content/posts/old/ideas.md
https://pingus.seul.org/,retained,reachable,HTTP GET,200,,2026-10-07T19:47:30.734731+00:00,https://pingus.seul.org/,,src/content/posts/2024/linux-alternatives.md
https://pinterest.com/pin/create/button/?url=&media={{,retained,example-or-local,HTTP GET,,,2026-10-07T19:47:12.796149+00:00,https://pinterest.com/pin/create/button/,,src/content/posts/2020/hugo-guide.md
https://pipewire.org/,retained,reachable,HTTP GET,200,,2026-10-07T19:47:46.437149+00:00,https://pipewire.org/,,src/content/posts/2024/linux-alternatives.md
https://pithos.github.io/,retained,reachable,HTTP GET,200,,2026-10-07T19:47:20.237869+00:00,https://pithos.github.io/,,src/content/posts/2024/linux-alternatives.md
https://pixelitor.sourceforge.io/,retained,reachable,HTTP GET,200,,2026-10-07T19:47:35.460483+00:00,https://pixelitor.sourceforge.io/,,src/content/posts/2024/linux-alternatives.md
https://play.geforcenow.com/,retained,reachable,HTTP GET,200,,2026-10-07T19:47:12.721472+00:00,https://play.geforcenow.com/mall/,,src/content/posts/2020/geforce-now-linux.md
https://play.google.com/store/apps/details?id=bitpit.launcher&hl=en_US&gl=US,retained,reachable,HTTP GET,200,,2026-10-07T19:47:16.071675+00:00,https://play.google.com/store/apps/details,,src/content/posts/2022/making-the-perfect-phone.md
https://play0ad.com/,retained,reachable,HTTP GET,200,,2026-10-07T19:47:31.419386+00:00,https://play0ad.com/,,src/content/posts/2024/linux-alternatives.md
https://polybar.github.io/,retained,reachable,HTTP GET,200,,2026-10-07T19:47:23.296034+00:00,https://polybar.github.io/,,src/content/posts/2024/linux-alternatives.md
https://polychromatic.app/,retained,reachable,HTTP GET,200,,2026-10-07T19:47:48.542576+00:00,https://polychromatic.app/,,src/content/posts/2024/linux-alternatives.md
https://potrace.sourceforge.net/,retained,reachable,HTTP GET,200,,2026-10-07T19:47:35.984072+00:00,https://potrace.sourceforge.net/,,src/content/posts/2024/linux-alternatives.md
https://prismlauncher.org/,retained,reachable,HTTP GET,200,,2026-10-07T19:47:31.776995+00:00,https://prismlauncher.org/,,src/content/posts/2024/linux-alternatives.md
https://progress-bar.dev/,retained,dns-failure,HTTP GET,,,2026-10-07T19:47:16.144210+00:00,https://progress-bar.dev/,Firecrawl retry: unable to retrieve; Historical code/text retained; explanatory notice or endpoint context in source. No command was executed.,src/content/posts/2022/obsidian.md
https://projects.linuxmint.com/cinnamon/,removed-or-replaced,dns-failure,HTTP GET,,,2026-10-07T19:47:49.454640+00:00,https://projects.linuxmint.com/cinnamon/,,src/content/posts/2024/linux-alternatives.md
https://projects.raspberrypi.org/en/projects/lamp-web-server-with-wordpress,retained,reachable,HTTP GET,200,,2026-10-07T19:47:13.886187+00:00,https://projects.raspberrypi.org/en/projects/lamp-web-server-with-wordpress,,src/content/posts/2021/pi-website.md
https://protondb.com/,retained,reachable,HTTP GET,200,,2026-10-07T19:47:15.743249+00:00,https://www.protondb.com/,,src/content/posts/2022/linux-for-beginners.md;src/content/posts/2025/windows-to-linux.md
https://protonvpn.com/,retained,reachable,HTTP GET,200,,2026-10-07T19:47:47.954832+00:00,https://protonvpn.com/,,src/content/posts/2024/linux-alternatives.md
https://proxychains.sourceforge.net/,retained,reachable,HTTP GET,200,,2026-10-07T19:47:40.309431+00:00,https://proxychains.sourceforge.net/,,src/content/posts/2024/linux-alternatives.md
https://psono.com/,retained,reachable,HTTP GET,200,,2026-10-07T19:47:41.435187+00:00,https://psono.com/,,src/content/posts/2024/linux-alternatives.md
https://pulsar-edit.dev/,retained,reachable,HTTP GET,200,,2026-10-07T19:47:44.755548+00:00,https://pulsar-edit.dev/,,src/content/posts/2024/linux-alternatives.md
https://purei.org/,retained,reachable,HTTP GET,200,,2026-10-07T19:47:33.885632+00:00,https://purei.org/,,src/content/posts/2024/linux-alternatives.md
https://pureinfotech.com/windows-11-22h2-bug-remote-desktop/,retained,reachable,HTTP GET,200,,2026-10-07T19:47:14.516046+00:00,https://pureinfotech.com/windows-11-22h2-bug-remote-desktop/,,src/content/posts/2022/Windows-22H2-problems.md
https://putty.org/,retained,timeout,HTTP GET,,,2026-10-07T19:47:11.323018+00:00,https://putty.org/,Firecrawl retry: unable to retrieve,src/content/posts/2019/2019-09-18-ssh-guide.md
https://pve.proxmox.com/wiki/Windows_VirtIO_Drivers,retained,reachable,HTTP GET,200,,2026-10-07T19:47:17.220976+00:00,https://pve.proxmox.com/wiki/Windows_VirtIO_Drivers,,src/content/posts/2022/windows-inside-linux.md
https://pwmt.org/projects/zathura/,retained,reachable,HTTP GET,200,,2026-10-07T19:47:27.444624+00:00,https://pwmt.org/projects/zathura/,,src/content/posts/2024/linux-alternatives.md
https://pwsafe.org/,retained,reachable,HTTP GET,200,,2026-10-07T19:47:41.421557+00:00,https://pwsafe.org/,,src/content/posts/2024/linux-alternatives.md
https://qtile.org/,introduced,reachable,HTTP GET,200,,2026-10-07T19:54:45.020242+00:00,https://qtile.org/,,src/content/posts/2024/linux-alternatives.md
https://qtox.github.io/,retained,reachable,HTTP GET,200,,2026-10-07T19:47:22.185074+00:00,https://qtox.github.io/,,src/content/posts/2024/linux-alternatives.md
https://quodlibet.readthedocs.io/,retained,reachable,HTTP GET,200,,2026-10-07T19:47:20.258215+00:00,https://quodlibet.readthedocs.io/en/latest/,,src/content/posts/2024/linux-alternatives.md
https://rada.re/n/radare2.html,retained,reachable,HTTP GET,200,,2026-10-07T19:47:41.575226+00:00,https://rada.re/n/radare2.html,,src/content/posts/2024/linux-alternatives.md
https://rafostar.github.io/clapper/,retained,reachable,HTTP GET,200,,2026-10-07T19:47:47.119512+00:00,https://rafostar.github.io/clapper/,,src/content/posts/2024/linux-alternatives.md
https://rambox.app/,retained,reachable,HTTP GET,200,,2026-10-07T19:47:21.349358+00:00,https://rambox.app/,,src/content/posts/2024/linux-alternatives.md
https://ranger.github.io/,retained,reachable,HTTP GET,200,,2026-10-07T19:47:29.352389+00:00,https://ranger.github.io/,,src/content/posts/2024/linux-alternatives.md
https://raw.githubusercontent.com/ChrisTitusTech/BSPWM-on-KDE/main/bspwmrc,retained,missing,HTTP GET,404,,2026-10-07T19:48:11.101982+00:00,https://raw.githubusercontent.com/ChrisTitusTech/BSPWM-on-KDE/main/bspwmrc,Historical code/text retained; explanatory notice or endpoint context in source. No command was executed.,src/content/posts/2021/bspwm-on-KDE.md
https://raw.githubusercontent.com/ChrisTitusTech/BSPWM-on-KDE/main/plasma-bspwm.desktop,retained,missing,HTTP GET,404,,2026-10-07T19:48:13.628509+00:00,https://raw.githubusercontent.com/ChrisTitusTech/BSPWM-on-KDE/main/plasma-bspwm.desktop,Historical code/text retained; explanatory notice or endpoint context in source. No command was executed.,src/content/posts/2021/bspwm-on-KDE.md
https://raw.githubusercontent.com/ChrisTitusTech/BSPWM-on-KDE/main/sxhkdrc,retained,missing,HTTP GET,404,,2026-10-07T19:48:12.433767+00:00,https://raw.githubusercontent.com/ChrisTitusTech/BSPWM-on-KDE/main/sxhkdrc,Historical code/text retained; explanatory notice or endpoint context in source. No command was executed.,src/content/posts/2021/bspwm-on-KDE.md
https://raw.githubusercontent.com/ChrisTitusTech/block-razer/main/block.ps1,retained,reachable,HTTP GET,200,,2026-10-07T19:48:15.828660+00:00,https://raw.githubusercontent.com/ChrisTitusTech/block-razer/main/block.ps1,,src/content/posts/2022/block-razer-bloatware.md
https://raw.githubusercontent.com/ChrisTitusTech/glazewm/main/config.yaml,retained,reachable,HTTP GET,200,,2026-10-07T19:48:17.899762+00:00,https://raw.githubusercontent.com/ChrisTitusTech/glazewm/main/config.yaml,,src/content/posts/2024/glazewm-tiling-window-management.md
https://raw.githubusercontent.com/Homebrew/install/HEAD/install.sh,retained,reachable,HTTP GET,200,,2026-10-07T19:48:14.809805+00:00,https://raw.githubusercontent.com/Homebrew/install/HEAD/install.sh,,src/content/posts/2021/rocky-linux.md;src/content/posts/2022/best-package-manager.md
https://raw.githubusercontent.com/Homebrew/install/master/install,removed-or-replaced,missing,HTTP GET,404,,2026-10-07T19:48:03.641590+00:00,https://raw.githubusercontent.com/Homebrew/install/master/install,,src/content/posts/2020/debloat-android.md
https://raw.githubusercontent.com/Termuellinator/ProtonUpdater/master/cproton.sh,retained,reachable,HTTP GET,200,,2026-10-07T19:48:09.844210+00:00,https://raw.githubusercontent.com/Termuellinator/ProtonUpdater/master/cproton.sh,,src/content/posts/2020/ultimate-linux-gaming-guide.md
https://raw.githubusercontent.com/angristan/openvpn-install/master/openvpn-install.sh,retained,reachable,HTTP GET,200,,2026-10-07T19:47:55.960673+00:00,https://raw.githubusercontent.com/angristan/openvpn-install/master/openvpn-install.sh,,src/content/posts/2019/2019-09-20-openvpn-server.md
https://raw.githubusercontent.com/flubberding/ProtonUpdater/master/cproton.sh,retained,reachable,HTTP GET,200,,2026-10-07T19:48:06.689418+00:00,https://raw.githubusercontent.com/flubberding/ProtonUpdater/master/cproton.sh,,src/content/posts/2020/doom-eternal-linux.md
https://raw.githubusercontent.com/pimlie/ubuntu-mainline-kernel.sh/master/ubuntu-mainline-kernel.sh,retained,reachable,HTTP GET,200,,2026-10-07T19:48:08.707202+00:00,https://raw.githubusercontent.com/pimlie/ubuntu-mainline-kernel.sh/master/ubuntu-mainline-kernel.sh,,src/content/posts/2020/ultimate-linux-gaming-guide.md
https://raw.githubusercontent.com/richardforth/apache2buddy/master/apache2buddy.pl,retained,reachable,HTTP GET,200,,2026-10-07T19:47:10.649565+00:00,https://raw.githubusercontent.com/richardforth/apache2buddy/master/apache2buddy.pl,,src/content/posts/2018/2018-09-26-apache-mpm-prefork.md;src/content/posts/2019/2019-03-14-wordpress-google-cloud-platform.md
https://raw.githubusercontent.com/router-for-me/cliproxyapi-installer/refs/heads/master/cliproxyapi-installer,retained,reachable,HTTP GET,200,,2026-10-07T19:48:18.547618+00:00,https://raw.githubusercontent.com/router-for-me/cliproxyapi-installer/refs/heads/master/cliproxyapi-installer,,src/content/posts/2026/github-copilot-on-linux.md
https://raw.githubusercontent.com/sickcodes/osx-serial-generator/master/config-custom.plist,retained,reachable,HTTP GET,200,,2026-10-07T19:48:16.489048+00:00,https://raw.githubusercontent.com/sickcodes/osx-serial-generator/master/config-custom.plist,,src/content/posts/2022/docker-macos.md
https://raw.githubusercontent.com/timhutton/twitter-archive-parser/main/parser.py,retained,reachable,HTTP GET,200,,2026-10-07T19:48:17.202994+00:00,https://raw.githubusercontent.com/timhutton/twitter-archive-parser/main/parser.py,,src/content/posts/2022/twitter-archive.md
https://rawtherapee.com/,retained,reachable,HTTP GET,200,,2026-10-07T19:47:35.489445+00:00,https://rawtherapee.com/,,src/content/posts/2024/linux-alternatives.md
https://rclone.org/,retained,reachable,HTTP GET,200,,2026-10-07T19:47:22.833003+00:00,https://rclone.org/,,src/content/posts/2024/linux-alternatives.md
https://realmazharhussain.github.io/gdm-settings/,retained,reachable,HTTP GET,200,,2026-10-07T19:47:23.196120+00:00,https://mazharhussain.dev/gdm-settings/,,src/content/posts/2024/linux-alternatives.md
https://redeclipse.net/,retained,connection-error,HTTP GET,,,2026-10-07T19:47:30.184633+00:00,https://redeclipse.net/,Firecrawl retry: unable to retrieve,src/content/posts/2024/linux-alternatives.md
https://regexr.com/,retained,reachable,HTTP GET,200,,2026-10-07T19:47:16.301483+00:00,https://regexr.com/,,src/content/posts/2022/regex.md
https://releases.mozilla.org/pub/thunderbird/,retained,reachable,HTTP GET,200,,2026-10-07T19:47:29.043975+00:00,https://releases.mozilla.org/pub/thunderbird/,,src/content/posts/2024/linux-alternatives.md
https://releases.wildfiregames.com/,retained,reachable,HTTP GET,200,,2026-10-07T19:47:31.340216+00:00,https://releases.wildfiregames.com/,,src/content/posts/2024/linux-alternatives.md
https://remarkableapp.github.io/,retained,reachable,HTTP GET,200,,2026-10-07T19:47:37.971878+00:00,https://remarkableapp.github.io/,,src/content/posts/2024/linux-alternatives.md
https://remmina.org/,retained,reachable,HTTP GET,200,,2026-10-07T19:47:46.497363+00:00,https://remmina.org/,,src/content/posts/2024/linux-alternatives.md
https://repology.org/,retained,reachable,HTTP GET,200,,2026-10-07T19:47:52.114457+00:00,https://repology.org/,,src/content/posts/2024/linux-alternatives.md
https://repository.playonlinux.com/,retained,reachable,HTTP GET,200,,2026-10-07T19:47:32.405925+00:00,https://repository.playonlinux.com/,,src/content/posts/2024/linux-alternatives.md
https://restic.net/,retained,reachable,HTTP GET,200,,2026-10-07T19:47:22.836824+00:00,https://restic.net/,,src/content/posts/2024/linux-alternatives.md
https://retrodeck.net/,retained,reachable,HTTP GET,200,,2026-10-07T19:47:33.351056+00:00,https://retrodeck.net/,,src/content/posts/2024/linux-alternatives.md
https://retropie.org.uk/,retained,reachable,HTTP GET,200,,2026-10-07T19:47:13.204915+00:00,https://retropie.org.uk/,,src/content/posts/2020/raspberry-pi-laptop.md
https://retropie.org.uk/docs/Manual-Installation/,retained,reachable,HTTP GET,200,,2026-10-07T19:48:04.682410+00:00,https://retropie.org.uk/docs/Manual-Installation/,,src/content/posts/2023/tituspi-2023.md
https://retropie.org.uk/forum/topic/27430/howto-optimized-boot-config-txt,retained,reachable,HTTP GET,200,,2026-10-07T19:47:57.508203+00:00,https://retropie.org.uk/forum/topic/27430/howto-optimized-boot-config-txt,,src/content/posts/2023/tituspi-2023.md
https://revolt.chat/,retained,reachable,HTTP GET,200,,2026-10-07T19:47:22.198731+00:00,https://stoat.chat/,,src/content/posts/2024/linux-alternatives.md
https://rg3.github.io/youtube-dl/,retained,reachable,HTTP GET,200,,2026-10-07T19:47:48.761585+00:00,https://rg3.github.io/youtube-dl/,,src/content/posts/2024/linux-alternatives.md
https://rmlint.readthedocs.io/en/latest/,retained,reachable,HTTP GET,200,,2026-10-07T19:47:45.480205+00:00,https://rmlint.readthedocs.io/en/latest/,,src/content/posts/2024/linux-alternatives.md
https://robmensching.com/blog/posts/2024/03/30/a-microcosm-of-the-interactions-in-open-source-projects/,retained,reachable,HTTP GET,200,,2026-10-07T19:47:52.889783+00:00,https://robmensching.com/blog/posts/2024/03/30/a-microcosm-of-the-interactions-in-open-source-projects/,,src/content/posts/2024/xz-affected-these-users.md
https://rocket.chat/,retained,reachable,HTTP GET,200,,2026-10-07T19:47:22.219844+00:00,https://www.rocket.chat/,,src/content/posts/2024/linux-alternatives.md
https://rockylinux.org/download/,retained,reachable,HTTP GET,200,,2026-10-07T19:47:13.949318+00:00,https://rockylinux.org/download,,src/content/posts/2021/rocky-linux.md
https://rpcs3.net/,retained,reachable,Firecrawl scrape,403,200,2026-10-07T20:18:01.059Z,https://rpcs3.net/,,src/content/posts/2024/linux-alternatives.md
https://rsnapshot.org/,retained,reachable,HTTP GET,200,,2026-10-07T19:47:22.844388+00:00,https://rsnapshot.org/,,src/content/posts/2024/linux-alternatives.md
https://rufus.ie/,retained,reachable,HTTP GET,200,,2026-10-07T19:47:11.103608+00:00,https://rufus.ie/,,src/content/posts/2018/2018-10-18-install-linux-first-time.md;src/content/posts/2020/common-computer-issues.md
https://rustdesk.com/,retained,reachable,HTTP GET,200,,2026-10-07T19:47:43.446050+00:00,https://rustdesk.com/,,src/content/posts/2024/linux-alternatives.md
https://rxvt.sourceforge.net/,retained,reachable,HTTP GET,200,,2026-10-07T19:47:43.966624+00:00,https://rxvt.sourceforge.net/,,src/content/posts/2024/linux-alternatives.md
https://ryujinx.org/,retained,timeout,HTTP GET,,,2026-10-07T19:47:33.739453+00:00,https://ryujinx.org/,Firecrawl retry: unable to retrieve,src/content/posts/2024/linux-alternatives.md
https://ryzom.com/,retained,reachable,HTTP GET,200,,2026-10-07T19:47:30.971686+00:00,https://ryzom.com/,,src/content/posts/2024/linux-alternatives.md
https://safing.io/,retained,reachable,HTTP GET,200,,2026-10-07T19:47:40.668111+00:00,https://safing.io/,,src/content/posts/2024/linux-alternatives.md
https://savannah.gnu.org/projects/texmacs,retained,reachable,HTTP GET,200,,2026-10-07T19:47:37.859847+00:00,https://savannah.gnu.org/projects/texmacs,,src/content/posts/2024/linux-alternatives.md
https://sayonara-player.com/downloads/,retained,reachable,HTTP GET,200,,2026-10-07T19:47:20.276917+00:00,https://sayonara-player.com/downloads/,,src/content/posts/2024/linux-alternatives.md
https://scantailor.org/,retained,reachable,HTTP GET,200,,2026-10-07T19:47:34.894781+00:00,https://scantailor.org/,,src/content/posts/2024/linux-alternatives.md
https://schneegans.de/windows/unattend-generator/,introduced,reachable,Firecrawl scrape,200,200,2026-10-07T19:50:40.189Z,https://schneegans.de/windows/unattend-generator/,,src/content/posts/2021/Ultimate-Windows-10-Install.md
https://schneegans.github.io/gnome-pie.html,retained,reachable,HTTP GET,200,,2026-10-07T19:47:46.112698+00:00,https://schneegans.github.io/gnome-pie.html,,src/content/posts/2024/linux-alternatives.md
https://schollz.com/blog/croc6/,removed-or-replaced,missing,HTTP GET,404,,2026-10-07T19:47:42.810900+00:00,https://schollz.com/blog/croc6/,,src/content/posts/2024/linux-alternatives.md
https://scipy.org/install.html,retained,reachable,HTTP GET,200,,2026-10-07T19:47:28.560097+00:00,https://scipy.org/install/,,src/content/posts/2024/linux-alternatives.md
https://scratch.mit.edu/,retained,reachable,HTTP GET,200,,2026-10-07T19:47:28.580721+00:00,https://scratch.mit.edu/,,src/content/posts/2024/linux-alternatives.md
https://screen.vercel.app/,retained,reachable,HTTP GET,200,,2026-10-07T19:47:16.606589+00:00,https://screen.vercel.app/,,src/content/posts/2022/starfield-screensaver.md
https://screencloud.net/,retained,reachable,HTTP GET,200,,2026-10-07T19:47:36.308402+00:00,https://screencloud.net/,,src/content/posts/2024/linux-alternatives.md
https://sdi-tool.org/,retained,reachable,HTTP GET,200,,2026-10-07T19:47:13.649517+00:00,https://sdi-tool.org/,,src/content/posts/2021/Ultimate-Windows-10-Install.md;src/content/posts/2021/Windows-10-Optimization-Guide.md
https://search.nixos.org/packages,retained,reachable,HTTP GET,200,,2026-10-07T19:47:16.085933+00:00,https://search.nixos.org/packages,,src/content/posts/2022/nix-package-manager.md;src/content/posts/2023/steamdeck-as-a-desktop.md
https://security.archlinux.org/ASA-202403-1,retained,reachable,HTTP GET,200,,2026-10-07T19:47:52.797759+00:00,https://security.archlinux.org/ASA-202403-1,,src/content/posts/2024/xz-affected-these-users.md
https://server/ecp,retained,example-or-local,HTTP GET,,,2026-10-07T19:47:10.690409+00:00,https://server/ecp,,src/content/posts/2018/2018-10-03-configuring-exchange-2019.md
https://shadowsocks.org/,retained,reachable,HTTP GET,200,,2026-10-07T19:47:40.328373+00:00,https://shadowsocks.org/,,src/content/posts/2024/linux-alternatives.md
https://sharkwouter.github.io/minigalaxy/,retained,reachable,HTTP GET,200,,2026-10-07T19:47:32.367283+00:00,https://wijsman.de/minigalaxy/,,src/content/posts/2024/linux-alternatives.md
https://shutter-project.org/,retained,reachable,HTTP GET,200,,2026-10-07T19:47:36.310952+00:00,https://shutter-project.org/,,src/content/posts/2024/linux-alternatives.md
https://sidneys.github.io/pb-for-desktop/,retained,reachable,HTTP GET,200,,2026-10-07T19:47:43.161069+00:00,https://sidneys.github.io/pb-for-desktop/,,src/content/posts/2024/linux-alternatives.md
https://sigil-ebook.com/,retained,reachable,HTTP GET,200,,2026-10-07T19:47:27.329169+00:00,https://sigil-ebook.com/,,src/content/posts/2024/linux-alternatives.md
https://signal.org/,retained,reachable,HTTP GET,200,,2026-10-07T19:47:22.305797+00:00,https://signal.org/,,src/content/posts/2024/linux-alternatives.md
https://simplenote.com/,retained,reachable,HTTP GET,200,,2026-10-07T19:47:39.294620+00:00,https://simplenote.com/,,src/content/posts/2024/linux-alternatives.md
https://sindresorhus.com/caprine,removed-or-replaced,missing,HTTP GET,404,,2026-10-07T19:47:21.099578+00:00,https://sindresorhus.com/caprine,,src/content/posts/2024/linux-alternatives.md
https://skrooge.org/,retained,reachable,HTTP GET,200,,2026-10-07T19:47:37.622449+00:00,https://skrooge.org/,,src/content/posts/2024/linux-alternatives.md
https://slack.com/downloads/linux,retained,reachable,HTTP GET,200,,2026-10-07T19:47:22.395820+00:00,https://slack.com/downloads/linux,,src/content/posts/2024/linux-alternatives.md
https://snapcraft.io/musixmatch,retained,reachable,HTTP GET,200,,2026-10-07T19:47:20.953704+00:00,https://snapcraft.io/musixmatch,,src/content/posts/2024/linux-alternatives.md
https://snwh.org/moka,retained,reachable,HTTP GET,200,,2026-10-07T19:47:23.043824+00:00,https://snwh.org/moka,,src/content/posts/2024/linux-alternatives.md
https://soundconverter.org/,retained,reachable,HTTP GET,200,,2026-10-07T19:47:20.970215+00:00,https://soundconverter.org/,,src/content/posts/2024/linux-alternatives.md
https://soundnode.github.io/soundnode-website/,retained,reachable,HTTP GET,200,,2026-10-07T19:47:20.419693+00:00,https://soundnode.github.io/soundnode-website/,,src/content/posts/2024/linux-alternatives.md
https://soundux.rocks/,retained,reachable,HTTP GET,200,,2026-10-07T19:47:20.985698+00:00,https://soundux.rocks/,,src/content/posts/2024/linux-alternatives.md
https://sourceforge.net/p/beebeep/code/HEAD/tree/,retained,reachable,HTTP GET,200,,2026-10-07T19:48:08.799071+00:00,https://sourceforge.net/p/beebeep/code/HEAD/tree/,,src/content/posts/2024/linux-alternatives.md
https://sourceforge.net/p/bluefish/code/HEAD/tree/trunk/bluefish/,retained,reachable,HTTP GET,200,,2026-10-07T19:48:31.372338+00:00,https://sourceforge.net/p/bluefish/code/HEAD/tree/trunk/bluefish/,,src/content/posts/2024/linux-alternatives.md
https://sourceforge.net/p/codeblocks/code/HEAD/tree/,retained,reachable,HTTP GET,200,,2026-10-07T19:48:12.516765+00:00,https://sourceforge.net/p/codeblocks/code/HEAD/tree/,,src/content/posts/2024/linux-alternatives.md
https://sourceforge.net/p/fuse-emulator/,retained,reachable,HTTP GET,200,,2026-10-07T19:48:25.761501+00:00,https://sourceforge.net/projects/fuse-emulator/,,src/content/posts/2024/linux-alternatives.md
https://sourceforge.net/p/lxdm/code/ci/master/tree/,retained,reachable,HTTP GET,200,,2026-10-07T19:48:35.240700+00:00,https://sourceforge.net/p/lxdm/code/ci/master/tree/,,src/content/posts/2024/linux-alternatives.md
https://sourceforge.net/p/mcomix/git/ci/master/tree/,retained,reachable,HTTP GET,200,,2026-10-07T19:48:17.252112+00:00,https://sourceforge.net/p/mcomix/git/ci/master/tree/,,src/content/posts/2024/linux-alternatives.md
https://sourceforge.net/p/nevernote/code/ci/master/tree/,retained,reachable,HTTP GET,200,,2026-10-07T19:48:27.645876+00:00,https://sourceforge.net/p/nevernote/code/ci/master/tree/,,src/content/posts/2024/linux-alternatives.md
https://sourceforge.net/p/smplayer/code/HEAD/tree/,retained,reachable,HTTP GET,200,,2026-10-07T19:48:34.185794+00:00,https://sourceforge.net/p/smplayer/code/HEAD/tree/,,src/content/posts/2024/linux-alternatives.md
https://sourceforge.net/p/urlget/uget2/ci/master/tree/,retained,reachable,HTTP GET,200,,2026-10-07T19:48:29.875921+00:00,https://sourceforge.net/p/urlget/uget2/ci/master/tree/,,src/content/posts/2024/linux-alternatives.md
https://sourceforge.net/p/zsh/code/ci/master/tree/,retained,reachable,HTTP GET,200,,2026-10-07T19:48:13.713682+00:00,https://sourceforge.net/p/zsh/code/ci/master/tree/,,src/content/posts/2024/linux-alternatives.md
https://sourceforge.net/projects/alien-pkg-convert/,retained,reachable,HTTP GET,200,,2026-10-07T19:48:32.357056+00:00,https://sourceforge.net/projects/alien-pkg-convert/,,src/content/posts/2024/linux-alternatives.md
https://sourceforge.net/projects/alien-pkg-convert/files/,retained,reachable,HTTP GET,200,,2026-10-07T19:48:32.037724+00:00,https://sourceforge.net/projects/alien-pkg-convert/files/,,src/content/posts/2024/linux-alternatives.md
https://sourceforge.net/projects/artha/,retained,reachable,HTTP GET,200,,2026-10-07T19:48:18.619424+00:00,https://sourceforge.net/projects/artha/,,src/content/posts/2024/linux-alternatives.md
https://sourceforge.net/projects/chaosesqueanthology/,retained,reachable,HTTP GET,200,,2026-10-07T19:48:23.378643+00:00,https://sourceforge.net/projects/chaosesqueanthology/,,src/content/posts/2024/linux-alternatives.md
https://sourceforge.net/projects/chaosesqueanthologyvolume2/,retained,reachable,HTTP GET,200,,2026-10-07T19:48:23.878894+00:00,https://sourceforge.net/projects/chaosesqueanthologyvolume2/,,src/content/posts/2024/linux-alternatives.md
https://sourceforge.net/projects/cinepaint/,retained,reachable,HTTP GET,200,,2026-10-07T19:48:26.087444+00:00,https://sourceforge.net/projects/cinepaint/,,src/content/posts/2024/linux-alternatives.md
https://sourceforge.net/projects/convertall/,retained,reachable,HTTP GET,200,,2026-10-07T19:48:32.670488+00:00,https://sourceforge.net/projects/convertall/,,src/content/posts/2024/linux-alternatives.md
https://sourceforge.net/projects/cscope/,retained,reachable,HTTP GET,200,,2026-10-07T19:48:15.034862+00:00,https://sourceforge.net/projects/cscope/,,src/content/posts/2024/linux-alternatives.md
https://sourceforge.net/projects/dban/,retained,reachable,HTTP GET,200,,2026-10-07T19:48:31.615625+00:00,https://sourceforge.net/projects/dban/,,src/content/posts/2024/linux-alternatives.md
https://sourceforge.net/projects/diffuse/files/?source=navbar,retained,reachable,HTTP GET,200,,2026-10-07T19:48:15.968681+00:00,https://sourceforge.net/projects/diffuse/files/,,src/content/posts/2024/linux-alternatives.md
https://sourceforge.net/projects/doublecmd/,retained,reachable,HTTP GET,200,,2026-10-07T19:48:22.826355+00:00,https://sourceforge.net/projects/doublecmd/,,src/content/posts/2024/linux-alternatives.md
https://sourceforge.net/projects/graphicsmagick/,retained,reachable,HTTP GET,200,,2026-10-07T19:48:26.689798+00:00,https://sourceforge.net/projects/graphicsmagick/,,src/content/posts/2024/linux-alternatives.md
https://sourceforge.net/projects/ijbswa/,retained,reachable,HTTP GET,200,,2026-10-07T19:48:28.376792+00:00,https://sourceforge.net/projects/ijbswa/,,src/content/posts/2024/linux-alternatives.md
https://sourceforge.net/projects/keepass/files/KeePass%202.x/,retained,reachable,HTTP GET,200,,2026-10-07T19:48:29.112484+00:00,https://sourceforge.net/projects/keepass/files/KeePass%202.x/,,src/content/posts/2024/linux-alternatives.md
https://sourceforge.net/projects/klavaro,retained,reachable,HTTP GET,200,,2026-10-07T19:48:19.251337+00:00,https://sourceforge.net/projects/klavaro/,,src/content/posts/2024/linux-alternatives.md
https://sourceforge.net/projects/kvm/files/,retained,reachable,HTTP GET,200,,2026-10-07T19:48:28.768537+00:00,https://sourceforge.net/projects/kvm/files/,,src/content/posts/2024/linux-alternatives.md
https://sourceforge.net/projects/lxdm/,retained,reachable,HTTP GET,200,,2026-10-07T19:48:35.658045+00:00,https://sourceforge.net/projects/lxdm/,,src/content/posts/2024/linux-alternatives.md
https://sourceforge.net/projects/maxima/,retained,reachable,HTTP GET,200,,2026-10-07T19:48:19.914775+00:00,https://sourceforge.net/projects/maxima/,,src/content/posts/2024/linux-alternatives.md
https://sourceforge.net/projects/mcomix/,retained,reachable,HTTP GET,200,,2026-10-07T19:48:17.945582+00:00,https://sourceforge.net/projects/mcomix/,,src/content/posts/2024/linux-alternatives.md
https://sourceforge.net/projects/minidlna,retained,reachable,HTTP GET,200,,2026-10-07T19:48:27.315506+00:00,https://sourceforge.net/projects/minidlna/,,src/content/posts/2024/linux-alternatives.md
https://sourceforge.net/projects/nethack/,retained,reachable,HTTP GET,200,,2026-10-07T19:48:24.923690+00:00,https://sourceforge.net/projects/nethack/,,src/content/posts/2024/linux-alternatives.md
https://sourceforge.net/projects/nevernote/,retained,reachable,HTTP GET,200,,2026-10-07T19:48:27.967934+00:00,https://sourceforge.net/projects/nevernote/,,src/content/posts/2024/linux-alternatives.md
https://sourceforge.net/projects/oarena/,retained,reachable,HTTP GET,200,,2026-10-07T19:48:24.381864+00:00,https://sourceforge.net/projects/oarena/,,src/content/posts/2024/linux-alternatives.md
https://sourceforge.net/projects/openeuclide/,retained,reachable,HTTP GET,200,,2026-10-07T19:48:20.461589+00:00,https://sourceforge.net/projects/openeuclide/,,src/content/posts/2024/linux-alternatives.md
https://sourceforge.net/projects/passwordsafe/,retained,reachable,HTTP GET,200,,2026-10-07T19:48:29.438433+00:00,https://sourceforge.net/projects/passwordsafe/,,src/content/posts/2024/linux-alternatives.md
https://sourceforge.net/projects/peaextractor/,retained,reachable,HTTP GET,200,,2026-10-07T19:48:33.277118+00:00,https://sourceforge.net/projects/peaextractor/,,src/content/posts/2024/linux-alternatives.md
https://sourceforge.net/projects/peaextractor/files/,retained,reachable,HTTP GET,200,,2026-10-07T19:48:32.932264+00:00,https://sourceforge.net/projects/peaextractor/files/,,src/content/posts/2024/linux-alternatives.md
https://sourceforge.net/projects/peazip/,retained,reachable,HTTP GET,200,,2026-10-07T19:48:33.826681+00:00,https://sourceforge.net/projects/peazip/,,src/content/posts/2024/linux-alternatives.md
https://sourceforge.net/projects/peazip/files/,retained,reachable,HTTP GET,200,,2026-10-07T19:48:33.584151+00:00,https://sourceforge.net/projects/peazip/files/,,src/content/posts/2024/linux-alternatives.md
https://sourceforge.net/projects/qt-fsarchiver/,retained,reachable,HTTP GET,200,,2026-10-07T19:48:09.864367+00:00,https://sourceforge.net/projects/qt-fsarchiver/,,src/content/posts/2024/linux-alternatives.md
https://sourceforge.net/projects/qtpfsgui/,retained,reachable,HTTP GET,200,,2026-10-07T19:48:27.032210+00:00,https://sourceforge.net/projects/qtpfsgui/,,src/content/posts/2024/linux-alternatives.md
https://sourceforge.net/projects/quazaa/,retained,reachable,HTTP GET,200,,2026-10-07T19:48:30.282673+00:00,https://sourceforge.net/projects/quazaa/,,src/content/posts/2024/linux-alternatives.md
https://sourceforge.net/projects/refind/,retained,reachable,HTTP GET,200,,2026-10-07T19:48:34.434808+00:00,https://sourceforge.net/projects/refind/,,src/content/posts/2024/linux-alternatives.md
https://sourceforge.net/projects/risingos-for-bluejay/files/,retained,reachable,HTTP GET,200,,2026-10-07T19:48:36.137709+00:00,https://sourceforge.net/projects/risingos-for-bluejay/files/,,src/content/posts/2024/risingoss.md
https://sourceforge.net/projects/risingos-for-bluejay/files/Android_14/OTA/,retained,reachable,HTTP GET,200,,2026-10-07T19:48:36.685509+00:00,https://sourceforge.net/projects/risingos-for-bluejay/files/Android_14/OTA/,,src/content/posts/2024/risingoss.md
https://sourceforge.net/projects/rssavers/,retained,reachable,HTTP GET,200,,2026-10-07T19:48:06.832416+00:00,https://sourceforge.net/projects/rssavers/,,src/content/posts/2022/starfield-screensaver.md
https://sourceforge.net/projects/rxvt/,retained,reachable,HTTP GET,200,,2026-10-07T19:48:31.016920+00:00,https://sourceforge.net/projects/rxvt/,,src/content/posts/2024/linux-alternatives.md
https://sourceforge.net/projects/sevenzip/,retained,reachable,HTTP GET,200,,2026-10-07T19:48:22.307491+00:00,https://sourceforge.net/projects/sevenzip/,,src/content/posts/2024/linux-alternatives.md
https://sourceforge.net/projects/slim.berlios/,retained,reachable,HTTP GET,200,,2026-10-07T19:48:35.964047+00:00,https://sourceforge.net/projects/slim.berlios/,,src/content/posts/2024/linux-alternatives.md
https://sourceforge.net/projects/stellarium/,retained,reachable,HTTP GET,200,,2026-10-07T19:48:21.150502+00:00,https://sourceforge.net/projects/stellarium/,,src/content/posts/2024/linux-alternatives.md
https://sourceforge.net/projects/sweethome3d/,retained,reachable,HTTP GET,200,,2026-10-07T19:48:26.399358+00:00,https://sourceforge.net/projects/sweethome3d/,,src/content/posts/2024/linux-alternatives.md
https://sourceforge.net/projects/systemrescuecd/,retained,reachable,HTTP GET,200,,2026-10-07T19:48:11.333161+00:00,https://sourceforge.net/projects/systemrescuecd/,,src/content/posts/2024/linux-alternatives.md
https://sourceforge.net/projects/transgui/,retained,reachable,HTTP GET,200,,2026-10-07T19:48:30.590739+00:00,https://sourceforge.net/projects/transgui/,,src/content/posts/2024/linux-alternatives.md
https://sourceforge.net/projects/tuxtype/files/tuxtype-source/,retained,reachable,HTTP GET,200,,2026-10-07T19:48:21.688463+00:00,https://sourceforge.net/projects/tuxtype/files/tuxtype-source/,,src/content/posts/2024/linux-alternatives.md
https://sourceforge.net/projects/universalindent/files/uigui/,retained,reachable,HTTP GET,200,,2026-10-07T19:48:16.499535+00:00,https://sourceforge.net/projects/universalindent/files/uigui/,,src/content/posts/2024/linux-alternatives.md
https://sourceforge.net/projects/urlget/,introduced,reachable,HTTP GET,200,,2026-10-07T20:07:31.441066+00:00,https://sourceforge.net/projects/urlget/,,src/content/posts/2024/linux-alternatives.md
https://sourceforge.net/projects/voodoohda/,retained,reachable,HTTP GET,200,,2026-10-07T19:48:03.845378+00:00,https://sourceforge.net/projects/voodoohda/,,src/content/posts/2020/common-computer-issues.md
https://sourceforge.net/projects/win32diskimager/,retained,reachable,HTTP GET,200,,2026-10-07T19:47:10.835109+00:00,https://sourceforge.net/projects/win32diskimager/,,src/content/posts/2018/2018-10-12-setup-freenas-11.md;src/content/posts/2020/common-computer-issues.md
https://sourceforge.net/projects/xanmod/,retained,reachable,HTTP GET,200,,2026-10-07T19:48:34.881002+00:00,https://sourceforge.net/projects/xanmod/,,src/content/posts/2024/linux-alternatives.md
https://sourceforge.net/projects/xming/,retained,reachable,HTTP GET,200,,2026-10-07T19:47:56.058711+00:00,https://sourceforge.net/projects/xming/,,src/content/posts/2019/2019-09-18-ssh-guide.md
https://sourceforge.net/projects/zsnes/,retained,reachable,HTTP GET,200,,2026-10-07T19:48:25.369423+00:00,https://sourceforge.net/projects/zsnes/,,src/content/posts/2024/linux-alternatives.md
https://sourceware.org/git/?p=valgrind.git,retained,reachable,Firecrawl scrape,200,200,2026-10-07T20:18:21.078Z,https://sourceware.org/git/,,src/content/posts/2024/linux-alternatives.md
https://sourceware.org/git/gitweb.cgi?p=binutils-gdb.git,retained,reachable,Firecrawl scrape,200,200,2026-10-07T20:18:21.078Z,https://sourceware.org/git/gitweb.cgi,,src/content/posts/2024/linux-alternatives.md
https://spacevim.org/,retained,reachable,HTTP GET,200,,2026-10-07T19:47:45.189724+00:00,https://wsdjeg.net/why-spacevim-is-archived/,,src/content/posts/2024/linux-alternatives.md
https://spicetify.app/,retained,reachable,HTTP GET,200,,2026-10-07T19:47:21.022386+00:00,https://spicetify.app/,,src/content/posts/2024/linux-alternatives.md
https://spideroak.com/,retained,reachable,HTTP GET,200,,2026-10-07T19:47:43.210425+00:00,https://spideroak.com/,,src/content/posts/2024/linux-alternatives.md
https://spotube.krtirtho.dev/,retained,reachable,HTTP GET,200,,2026-10-07T19:47:20.521527+00:00,https://spotube.cc/,,src/content/posts/2024/linux-alternatives.md
https://sqlite.org/download.html,retained,reachable,HTTP GET,200,,2026-10-07T19:47:24.103538+00:00,https://sqlite.org/download.html,,src/content/posts/2024/linux-alternatives.md
https://sqlitebrowser.org/,retained,reachable,HTTP GET,200,,2026-10-07T19:47:24.141505+00:00,https://sqlitebrowser.org/,,src/content/posts/2024/linux-alternatives.md
https://st.suckless.org/,retained,reachable,HTTP GET,200,,2026-10-07T19:47:44.066831+00:00,https://st.suckless.org/,,src/content/posts/2024/linux-alternatives.md
https://standardnotes.com/,retained,reachable,HTTP GET,200,,2026-10-07T19:47:39.307817+00:00,https://standardnotes.com/,,src/content/posts/2024/linux-alternatives.md
https://starship.rs/,retained,reachable,HTTP GET,200,,2026-10-07T19:47:49.252892+00:00,https://starship.rs/,,src/content/posts/2024/linux-alternatives.md
https://staruml.io/,retained,reachable,HTTP GET,200,,2026-10-07T19:47:26.446453+00:00,https://staruml.io/,,src/content/posts/2024/linux-alternatives.md
https://steamdeck-packages.steamos.cloud/archlinux-mirror/$repo/os/$arch,retained,example-or-local,HTTP GET,,,2026-10-07T19:47:16.798288+00:00,https://steamdeck-packages.steamos.cloud/archlinux-mirror/$repo/os/$arch,,src/content/posts/2022/unlock-steam-deck.md
https://steamdeckrepo.com/,retained,reachable,HTTP GET,200,,2026-10-07T19:47:33.058455+00:00,https://steamdeckrepo.com/,,src/content/posts/2024/linux-alternatives.md
https://steamgriddb.github.io/steam-rom-manager/,retained,reachable,HTTP GET,200,,2026-10-07T19:47:33.115462+00:00,https://steamgriddb.github.io/steam-rom-manager/,,src/content/posts/2024/linux-alternatives.md
https://stella-emu.github.io/,retained,reachable,HTTP GET,200,,2026-10-07T19:47:33.368386+00:00,https://stella-emu.github.io/,,src/content/posts/2024/linux-alternatives.md
https://store.kde.org/p/1169519/,retained,unverified-challenge-or-login,HTTP GET,200,200,2026-10-07T19:47:38.509757+00:00,https://store.kde.org/p/1169519/,Firecrawl also returned a challenge or login page,src/content/posts/2024/linux-alternatives.md
https://store.rg-adguard.net/,retained,reachable,HTTP GET,200,,2026-10-07T19:47:15.589433+00:00,https://store.rg-adguard.net/,,src/content/posts/2022/installing-appx-without-msstore.md
https://store.rg-adguard.net/api/GetFiles,retained,reachable,Firecrawl scrape,403,200,2026-10-07T20:06:18.162Z,https://store.rg-adguard.net/api/GetFiles,,src/content/posts/2022/installing-appx-without-msstore.md
https://store.steampowered.com/,retained,reachable,HTTP GET,200,,2026-10-07T19:47:32.578451+00:00,https://store.steampowered.com/,,src/content/posts/2024/linux-alternatives.md
https://streamlink.github.io/,retained,reachable,HTTP GET,200,,2026-10-07T19:48:01.997419+00:00,https://streamlink.github.io/,,src/content/posts/2024/linux-alternatives.md
https://streamlink.github.io/streamlink-twitch-gui/,retained,reachable,HTTP GET,200,,2026-10-07T19:47:37.490509+00:00,https://streamlink.github.io/streamlink-twitch-gui/,,src/content/posts/2024/linux-alternatives.md
https://studio.zerobrane.com/,retained,reachable,HTTP GET,200,,2026-10-07T19:47:44.979100+00:00,https://studio.zerobrane.com/,,src/content/posts/2024/linux-alternatives.md
https://subtitld.org/,retained,reachable,HTTP GET,200,,2026-10-07T19:47:47.701046+00:00,https://subtitld.org/en,,src/content/posts/2024/linux-alternatives.md
https://sugarlabs.org/,retained,reachable,HTTP GET,200,,2026-10-07T19:47:28.591757+00:00,https://www.sugarlabs.org/,,src/content/posts/2024/linux-alternatives.md
https://super-productivity.com/,retained,reachable,HTTP GET,200,,2026-10-07T19:47:39.812320+00:00,https://super-productivity.com/,,src/content/posts/2024/linux-alternatives.md
https://supertuxkart.net/,retained,reachable,HTTP GET,200,,2026-10-07T19:47:30.822071+00:00,https://supertuxkart.net/Main_Page.html,,src/content/posts/2024/linux-alternatives.md
https://superworkstations.com/configurations/titus-hp-z8-g5-fury/,retained,reachable,HTTP GET,200,,2026-10-07T19:47:52.717866+00:00,https://superworkstations.com/products/hp-z8-g5-fury-workstation/,,src/content/posts/2024/the-ultimate-system.md
https://support.apple.com/kb/DL1998,retained,reachable,HTTP GET,200,,2026-10-07T19:47:12.387859+00:00,https://support.apple.com/en-us/106446,,src/content/posts/2020/change-wallpaper.md
https://support.archiver.gfi.com/article/106396-moving-archiver-to-a-new-server,introduced,reachable,Firecrawl scrape,200,200,2026-10-07T19:51:17.196Z,https://support.archiver.gfi.com/article/106396-moving-archiver-to-a-new-server,,src/content/posts/old/2013-04-09-moving-gfi-mailarchiver.md
https://support.archiver.gfi.com/article/106544-how-to-move-an-archiver-database-to-another-microsoft-sql-server,introduced,reachable,HTTP GET,200,,2026-10-07T19:54:45.195680+00:00,https://support.archiver.gfi.com/article/106544-how-to-move-an-archiver-database-to-another-microsoft-sql-server,,src/content/posts/old/2013-04-09-moving-gfi-mailarchiver.md
https://support.brave.app/hc/en-us/articles/38561489788173-What-is-Brave-Origin,retained,reachable,Firecrawl scrape,403,200,2026-10-07T20:06:18.162Z,https://support.brave.app/hc/en-us/articles/38561489788173-What-is-Brave-Origin,,src/content/posts/2026/brave-origin-new-browser.md
https://support.gfi.com/article/106972-how-to-configure-microsoft-sql-server-to-accept-sql-authentication-for-gfi-software-products,removed-or-replaced,missing,HTTP GET,404,,2026-10-07T19:47:54.382770+00:00,https://support.gfi.com/article/106972-how-to-configure-microsoft-sql-server-to-accept-sql-authentication-for-gfi-software-products,,src/content/posts/old/2013-04-09-configuring-sql-authentication.md
https://support.gfi.com/article/112612-how-to-move-a-gfi-archiver-database-to-another-microsoft-sql-server,removed-or-replaced,missing,HTTP GET,404,,2026-10-07T19:48:06.357133+00:00,https://support.gfi.com/article/112612-how-to-move-a-gfi-archiver-database-to-another-microsoft-sql-server,,src/content/posts/old/2013-04-09-moving-gfi-mailarchiver.md
https://support.gfi.com/article/112712-moving-gfi-archiver-to-a-new-server,removed-or-replaced,missing,HTTP GET,404,,2026-10-07T19:48:03.479984+00:00,https://support.gfi.com/article/112712-moving-gfi-archiver-to-a-new-server,,src/content/posts/old/2013-04-09-moving-gfi-mailarchiver.md
https://support.teamviewer.com/en/support/tickets,retained,reachable,HTTP GET,200,,2026-10-07T19:47:17.909237+00:00,https://support.teamviewer.com/en/support/login,,src/content/posts/2023/the-teamviewer-scam.md
https://surfshark.com/,retained,reachable,HTTP GET,200,,2026-10-07T19:47:48.058625+00:00,https://surfshark.com/,,src/content/posts/2024/linux-alternatives.md
https://svn.filezilla-project.org/filezilla/FileZilla3/,retained,blocked,HTTP GET,403,403,2026-10-07T19:47:42.989685+00:00,https://svn.filezilla-project.org/filezilla/FileZilla3/,Firecrawl retry: 403,src/content/posts/2024/linux-alternatives.md
https://sw.kovidgoyal.net/kitty/,retained,reachable,HTTP GET,200,,2026-10-07T19:47:43.964587+00:00,https://sw.kovidgoyal.net/kitty/,,src/content/posts/2024/linux-alternatives.md
https://swaywm.org/,retained,reachable,HTTP GET,200,,2026-10-07T19:47:50.083308+00:00,https://swaywm.org/,,src/content/posts/2024/linux-alternatives.md
https://sylpheed.sraoss.jp/en/,retained,reachable,HTTP GET,200,,2026-10-07T19:48:01.313480+00:00,https://sylpheed.sraoss.jp/en/,,src/content/posts/2024/linux-alternatives.md
https://sylpheed.sraoss.jp/en/download.html,retained,reachable,HTTP GET,200,,2026-10-07T19:47:29.019884+00:00,https://sylpheed.sraoss.jp/en/download.html,,src/content/posts/2024/linux-alternatives.md
https://syncthing.net/,retained,reachable,HTTP GET,200,,2026-10-07T19:47:43.309408+00:00,https://syncthing.net/,,src/content/posts/2024/linux-alternatives.md
https://tabby.sh/,retained,reachable,HTTP GET,200,,2026-10-07T19:47:44.069706+00:00,https://tabby.sh/,,src/content/posts/2024/linux-alternatives.md
https://tailscale.com/,retained,reachable,HTTP GET,200,,2026-10-07T19:47:48.100300+00:00,https://tailscale.com/,,src/content/posts/2024/linux-alternatives.md
https://taskwarrior.org/,retained,reachable,HTTP GET,200,,2026-10-07T19:47:39.893478+00:00,https://taskwarrior.org/,,src/content/posts/2024/linux-alternatives.md
https://te4.org/,retained,reachable,HTTP GET,200,,2026-10-07T19:47:31.065374+00:00,https://te4.org/,,src/content/posts/2024/linux-alternatives.md
https://terminal-themes.com/,retained,reachable,HTTP GET,200,,2026-10-07T19:47:53.318420+00:00,https://terminal-themes.com/,,src/content/posts/2025/warp-terminal.md
https://termshark.io/,retained,reachable,HTTP GET,200,,2026-10-07T19:47:40.778875+00:00,https://termshark.io/,,src/content/posts/2024/linux-alternatives.md
https://th-ch.github.io/youtube-music/,removed-or-replaced,missing,HTTP GET,404,,2026-10-07T19:47:20.545801+00:00,https://th-ch.github.io/youtube-music/,,src/content/posts/2024/linux-alternatives.md
https://the.exa.website/,removed-or-replaced,connection-error,HTTP GET,,,2026-10-07T19:47:49.079514+00:00,https://the.exa.website/,Firecrawl retry: unable to retrieve,src/content/posts/2024/linux-alternatives.md
https://thehackernews.com/2026/06/over-400-arch-linux-aur-packages.html,retained,reachable,HTTP GET,200,,2026-10-07T19:47:54.108706+00:00,https://thehackernews.com/2026/06/over-400-arch-linux-aur-packages.html,,src/content/posts/2026/switch-from-arch-to-fedora.md
https://theroundpie.com/,retained,reachable,HTTP GET,200,,2026-10-07T19:47:39.776209+00:00,https://theroundpie.com/,,src/content/posts/2024/linux-alternatives.md
https://thetumultuousunicornofdarkness.github.io/CPU-X/,retained,reachable,HTTP GET,200,,2026-10-07T19:47:45.585121+00:00,https://thetumultuousunicornofdarkness.github.io/CPU-X/,,src/content/posts/2024/linux-alternatives.md
https://theurbanpenguin.github.io/,retained,reachable,HTTP GET,200,,2026-10-07T19:47:11.825420+00:00,https://theurbanpenguin.github.io/,,src/content/posts/2019/2019-10-09-learn-linux.md
https://thiscute.world/en/posts/nixos-and-flake-basics,retained,reachable,HTTP GET,200,,2026-10-07T19:47:17.531720+00:00,https://thiscute.world/en/posts/nixos-and-flake-basics/,,src/content/posts/2023/nixos-explained.md
https://tiddlywiki.com/,retained,reachable,HTTP GET,200,,2026-10-07T19:47:48.308649+00:00,https://tiddlywiki.com/,,src/content/posts/2024/linux-alternatives.md
https://timecop.app/en/,removed-or-replaced,repurposed-domain,HTTP GET,200,,2026-10-07T19:47:40.006587+00:00,https://avanna-vocaloid.com/,Original domain now serves unrelated gambling content; old hyperlink removed or replaced,src/content/posts/2024/linux-alternatives.md
https://timothycrosley.github.io/streamdeck-ui/,retained,reachable,HTTP GET,200,,2026-10-07T19:47:12.324187+00:00,https://timothycrosley.github.io/streamdeck-ui/,,src/content/posts/2020/2020-buyers-guide.md
https://tinywall.pados.hu/,retained,reachable,HTTP GET,200,,2026-10-07T19:47:53.498614+00:00,https://tinywall.pados.hu/,,src/content/posts/2026/check-network-security.md
https://tkashkin.github.io/projects/gamehub/,removed-or-replaced,missing,HTTP GET,404,,2026-10-07T19:47:32.272243+00:00,https://tkashkin.github.io/projects/gamehub/,,src/content/posts/2024/linux-alternatives.md
https://tldr.sh/,retained,reachable,HTTP GET,200,,2026-10-07T19:47:49.263373+00:00,https://tldr.sh/,,src/content/posts/2024/linux-alternatives.md
https://tmsu.org/,retained,reachable,HTTP GET,200,,2026-10-07T19:47:46.652770+00:00,https://tmsu.org/,,src/content/posts/2024/linux-alternatives.md
https://toggl.com/track/,retained,reachable,HTTP GET,200,,2026-10-07T19:47:40.013241+00:00,https://toggl.com/,,src/content/posts/2024/linux-alternatives.md
https://tools.suckless.org/dmenu/,retained,reachable,HTTP GET,200,,2026-10-07T19:47:45.913470+00:00,https://tools.suckless.org/dmenu/,,src/content/posts/2024/linux-alternatives.md
https://trac.transmissionbt.com/browser/trunk,retained,reachable,Firecrawl scrape,403,200,2026-10-07T20:18:46.133Z,https://trac.transmissionbt.com/browser/trunk,,src/content/posts/2024/linux-alternatives.md
https://tracker.debian.org/pkg/phoronix-test-suite,retained,reachable,HTTP GET,200,,2026-10-07T19:47:53.918025+00:00,https://tracker.debian.org/pkg/phoronix-test-suite,,src/content/posts/2026/how-to-benchmark-in-linux.md
https://transmissionbt.com/,retained,reachable,HTTP GET,200,,2026-10-07T19:47:43.736684+00:00,https://transmissionbt.com/,,src/content/posts/2024/linux-alternatives.md
https://trigg.github.io/Discover/,retained,reachable,HTTP GET,200,,2026-10-07T19:47:21.429054+00:00,https://trigg.github.io/Discover/,,src/content/posts/2024/linux-alternatives.md
https://trimage.org/,retained,reachable,HTTP GET,200,,2026-10-07T19:47:46.797118+00:00,https://trimage.org/,,src/content/posts/2024/linux-alternatives.md
https://triplea-game.org/,retained,reachable,HTTP GET,200,,2026-10-07T19:47:31.462374+00:00,https://triplea-game.org/,,src/content/posts/2024/linux-alternatives.md
https://turtlapp.com/,retained,reachable,HTTP GET,200,,2026-10-07T19:47:39.381916+00:00,https://turtlapp.com/,,src/content/posts/2024/linux-alternatives.md
https://twake.app/,retained,reachable,HTTP GET,200,,2026-10-07T19:47:22.441648+00:00,https://twake.app/,,src/content/posts/2024/linux-alternatives.md
https://twitch.tv/%7B%7B,retained,example-or-local,HTTP GET,,,2026-10-07T19:47:56.340713+00:00,https://twitch.tv/%7B%7B,,src/content/posts/2020/hugo-guide.md
https://twitch.tv/christitustech,retained,reachable,HTTP GET,200,,2026-10-07T19:47:11.212746+00:00,https://www.twitch.tv/christitustech,,src/content/posts/2019/2019-03-14-wordpress-google-cloud-platform.md
https://typora.io/,retained,reachable,HTTP GET,200,,2026-10-07T19:47:38.007763+00:00,https://typora.io/,,src/content/posts/2024/linux-alternatives.md
https://tytel.org/helm/,retained,reachable,HTTP GET,200,,2026-10-07T19:47:19.014553+00:00,https://tytel.org/helm/,,src/content/posts/2024/linux-alternatives.md
https://ubports.com/blog/ubports-news-1/lomiri-new-name-same-great-unity8-115,introduced,reachable,HTTP GET,200,,2026-10-07T20:07:31.441404+00:00,https://ubports.com/blog/ubports-news-1/lomiri-new-name-same-great-unity8-115,,src/content/posts/2024/linux-alternatives.md
https://ubuntu.com/download/server,retained,reachable,Firecrawl scrape,,200,2026-10-07T20:00:17.646Z,https://ubuntu.com/download/server,,src/content/posts/2022/switching-to-ubuntu.md
https://ubuntu.com/download/server/arm,retained,reachable,HTTP GET,200,,2026-10-07T19:47:59.142827+00:00,https://ubuntu.com/download/server/arm,,src/content/posts/2022/ubuntus-arm-is-good.md
https://ubuntuforums.org/index.php,removed-or-replaced,dns-failure,HTTP GET,,,2026-10-07T19:47:11.762921+00:00,https://ubuntuforums.org/index.php,,src/content/posts/2019/2019-10-09-learn-linux.md
https://ubuntuhandbook.org/,retained,reachable,HTTP GET,200,,2026-10-07T19:47:52.316249+00:00,https://ubuntuhandbook.org/,,src/content/posts/2024/linux-alternatives.md
https://ugene.net/,retained,reachable,HTTP GET,200,,2026-10-07T19:47:28.665841+00:00,https://ugene.net/,,src/content/posts/2024/linux-alternatives.md
https://ugetdm.com/,removed-or-replaced,dns-failure,HTTP GET,,,2026-10-07T19:47:42.701669+00:00,https://ugetdm.com/,Firecrawl retry: unable to retrieve,src/content/posts/2024/linux-alternatives.md
https://ulauncher.io/,retained,reachable,HTTP GET,200,,2026-10-07T19:47:38.603186+00:00,https://ulauncher.io/,,src/content/posts/2024/linux-alternatives.md
https://ultimaker.com/software/ultimaker-cura/,retained,reachable,HTTP GET,200,,2026-10-07T19:47:18.714369+00:00,https://ultimaker.com/software/ultimaker-cura/,,src/content/posts/2024/linux-alternatives.md
https://uncrustify.sourceforge.net/,retained,reachable,HTTP GET,200,,2026-10-07T19:47:26.483417+00:00,https://uncrustify.sourceforge.net/,,src/content/posts/2024/linux-alternatives.md
https://unetbootin.github.io/,retained,reachable,HTTP GET,200,,2026-10-07T19:47:45.392559+00:00,https://unetbootin.github.io/,,src/content/posts/2024/linux-alternatives.md
https://unity.com/,retained,reachable,HTTP GET,200,,2026-10-07T19:47:24.572674+00:00,https://unity.com/,,src/content/posts/2024/linux-alternatives.md
https://unity8.io/,removed-or-replaced,dns-failure,HTTP GET,,,2026-10-07T19:47:49.750871+00:00,https://unity8.io/,Firecrawl retry: unable to retrieve,src/content/posts/2024/linux-alternatives.md
https://universalindent.sourceforge.net/,retained,reachable,HTTP GET,200,,2026-10-07T19:47:26.562909+00:00,https://universalindent.sourceforge.net/,,src/content/posts/2024/linux-alternatives.md
https://unknown-horizons.org/,retained,reachable,HTTP GET,200,,2026-10-07T19:47:29.703892+00:00,https://unknown-horizons.org/,,src/content/posts/2024/linux-alternatives.md
https://unstoppabledomains.com/extension,retained,reachable,HTTP GET,200,,2026-10-07T19:47:15.354473+00:00,https://unstoppabledomains.com/extension,,src/content/posts/2022/future-internet.md
https://unstoppabledomains.pxf.io/MX3zVM,retained,reachable,HTTP GET,200,,2026-10-07T19:47:15.374156+00:00,https://unstoppabledomains.com,,src/content/posts/2022/future-internet.md
https://updatefaker.com/,retained,reachable,HTTP GET,200,,2026-10-07T19:47:16.699675+00:00,https://updatefaker.com/,,src/content/posts/2022/starfield-screensaver.md
https://upscayl.github.io/,removed-or-replaced,missing,HTTP GET,404,,2026-10-07T19:47:46.822848+00:00,https://upscayl.github.io/,,src/content/posts/2024/linux-alternatives.md
https://upscayl.org/,introduced,reachable,Firecrawl scrape,200,200,2026-10-07T19:50:40.189Z,https://upscayl.org/,,src/content/posts/2024/linux-alternatives.md
https://usebottles.com/,retained,reachable,HTTP GET,200,,2026-10-07T19:47:32.181429+00:00,https://usebottles.com/,,src/content/posts/2024/linux-alternatives.md
https://user-images.githubusercontent.com/34844898/194635035-152ed4a6-e5a1-4878-8863-f62391e7d703.png,introduced,reachable,HTTP GET,200,,2026-10-07T20:07:31.439378+00:00,https://user-images.githubusercontent.com/34844898/194635035-152ed4a6-e5a1-4878-8863-f62391e7d703.png,,src/content/posts/2024/glazewm-tiling-window-management.md
https://user-images.githubusercontent.com/34844898/194635035-152ed4a6-e5a1-4878-8863-f62391e7d703.webp,removed-or-replaced,blocked,HTTP GET,403,,2026-10-07T19:47:18.569637+00:00,https://user-images.githubusercontent.com/34844898/194635035-152ed4a6-e5a1-4878-8863-f62391e7d703.webp,,src/content/posts/2024/glazewm-tiling-window-management.md
https://user-images.githubusercontent.com/34844898/194635089-d5ed152b-1527-43e8-a69c-4e154b97a207.png,introduced,reachable,HTTP GET,200,,2026-10-07T20:07:31.442813+00:00,https://user-images.githubusercontent.com/34844898/194635089-d5ed152b-1527-43e8-a69c-4e154b97a207.png,,src/content/posts/2024/glazewm-tiling-window-management.md
https://user-images.githubusercontent.com/34844898/194635089-d5ed152b-1527-43e8-a69c-4e154b97a207.webp,removed-or-replaced,blocked,HTTP GET,403,,2026-10-07T19:47:59.493472+00:00,https://user-images.githubusercontent.com/34844898/194635089-d5ed152b-1527-43e8-a69c-4e154b97a207.webp,,src/content/posts/2024/glazewm-tiling-window-management.md
https://userbase.kde.org/K3b,retained,reachable,HTTP GET,200,,2026-10-07T19:47:20.707615+00:00,https://userbase.kde.org/K3b,,src/content/posts/2024/linux-alternatives.md
https://utteranc.es/,retained,reachable,HTTP GET,200,,2026-10-07T19:47:15.549910+00:00,https://utteranc.es/,,src/content/posts/2022/how-i-setup-my-website.md
https://valgrind.org/,retained,reachable,HTTP GET,200,,2026-10-07T19:47:26.608564+00:00,https://valgrind.org/,,src/content/posts/2024/linux-alternatives.md
https://vcvrack.com/,retained,reachable,HTTP GET,200,,2026-10-07T19:47:19.338625+00:00,https://vcvrack.com/,,src/content/posts/2024/linux-alternatives.md
https://vectr.com/,retained,reachable,HTTP GET,200,,2026-10-07T19:47:35.036225+00:00,https://vectr.com/,,src/content/posts/2024/linux-alternatives.md
https://veloren.net/,retained,reachable,HTTP GET,200,,2026-10-07T19:47:31.096344+00:00,https://veloren.net/,,src/content/posts/2024/linux-alternatives.md
https://vencord.dev/,retained,reachable,HTTP GET,200,,2026-10-07T19:47:21.565454+00:00,https://vencord.dev/,,src/content/posts/2024/linux-alternatives.md
https://veracrypt.fr/en/Home.html,retained,reachable,HTTP GET,200,,2026-10-07T19:47:42.293047+00:00,https://veracrypt.io//en/Home.html,,src/content/posts/2024/linux-alternatives.md
https://veyon.io/,retained,reachable,HTTP GET,200,,2026-10-07T19:47:28.673308+00:00,https://veyon.io/en/,,src/content/posts/2024/linux-alternatives.md
https://viewizard.com/,retained,reachable,HTTP GET,200,,2026-10-07T19:47:31.778918+00:00,https://viewizard.com/,,src/content/posts/2024/linux-alternatives.md
https://vifm.info/,retained,reachable,HTTP GET,200,,2026-10-07T19:47:29.487436+00:00,https://vifm.info/,,src/content/posts/2024/linux-alternatives.md
https://vim.rtorr.com/,retained,reachable,HTTP GET,200,,2026-10-07T19:47:16.988143+00:00,https://vim.rtorr.com/,,src/content/posts/2022/vim-the-ultimate-editor.md
https://virt-manager.org/,retained,reachable,HTTP GET,200,,2026-10-07T19:47:40.542656+00:00,https://virt-manager.org/,,src/content/posts/2024/linux-alternatives.md
https://virtubox.github.io/img-optimize/,retained,reachable,HTTP GET,200,,2026-10-07T19:47:17.773680+00:00,https://virtubox.github.io/img-optimize/,,src/content/posts/2023/script-for-optimizing-images.md
https://virustotal.com/,retained,reachable,HTTP GET,200,,2026-10-07T19:47:14.759106+00:00,https://www.virustotal.com/gui/,,src/content/posts/2022/antivirus-worthless.md
https://visidata.org/,retained,reachable,HTTP GET,200,,2026-10-07T19:47:44.280790+00:00,https://www.visidata.org/,,src/content/posts/2024/linux-alternatives.md
https://vita3k.org/,retained,reachable,HTTP GET,200,,2026-10-07T19:47:34.016826+00:00,https://vita3k.org/,,src/content/posts/2024/linux-alternatives.md
https://vivaldi.com/,retained,reachable,HTTP GET,200,,2026-10-07T19:47:37.046934+00:00,https://vivaldi.com/,,src/content/posts/2024/linux-alternatives.md
https://vocalproject.net/,retained,reachable,HTTP GET,200,,2026-10-07T19:47:20.570580+00:00,https://www.vocalproject.net/,,src/content/posts/2024/linux-alternatives.md
https://vorta.borgbase.com/,retained,reachable,HTTP GET,200,,2026-10-07T19:47:22.958294+00:00,https://vorta.borgbase.com/,,src/content/posts/2024/linux-alternatives.md
https://vscodium.com/,retained,reachable,HTTP GET,200,,2026-10-07T19:47:44.943280+00:00,https://vscodium.com/,,src/content/posts/2024/linux-alternatives.md
https://w84death.itch.io/tanks-of-freedom,retained,reachable,HTTP GET,200,,2026-10-07T19:47:32.054367+00:00,https://w84death.itch.io/tanks-of-freedom,,src/content/posts/2024/linux-alternatives.md
https://wavebox.io/,retained,reachable,HTTP GET,200,,2026-10-07T19:47:37.226155+00:00,https://wavebox.io/,,src/content/posts/2024/linux-alternatives.md
https://waveterm.dev/,retained,reachable,HTTP GET,200,,2026-10-07T19:47:44.382312+00:00,https://www.waveterm.dev/,,src/content/posts/2024/linux-alternatives.md
https://waydro.id/,retained,reachable,HTTP GET,200,,2026-10-07T19:47:23.357600+00:00,https://waydro.id/,,src/content/posts/2024/linux-alternatives.md
https://wayfire.org/,retained,reachable,HTTP GET,200,,2026-10-07T19:47:50.136140+00:00,https://wayfire.org/,,src/content/posts/2024/linux-alternatives.md
https://wayland.freedesktop.org/,retained,reachable,HTTP GET,200,,2026-10-07T19:47:46.916380+00:00,https://wayland.freedesktop.org/,,src/content/posts/2024/linux-alternatives.md
https://webdb.app/,retained,reachable,HTTP GET,200,,2026-10-07T19:47:24.169914+00:00,https://webdb.app/,,src/content/posts/2024/linux-alternatives.md
https://webtorrent.io/desktop/,retained,reachable,HTTP GET,200,,2026-10-07T19:47:43.779751+00:00,https://webtorrent.io/desktop/,,src/content/posts/2024/linux-alternatives.md
https://weechat.org/,retained,reachable,HTTP GET,200,,2026-10-07T19:47:21.694842+00:00,https://weechat.org/,,src/content/posts/2024/linux-alternatives.md
https://wesnoth.org/,retained,unverified-challenge-or-login,HTTP GET,200,200,2026-10-07T19:47:31.912846+00:00,https://wesnoth.org/,Firecrawl also returned a challenge or login page,src/content/posts/2024/linux-alternatives.md
https://wezfurlong.org/wezterm/,retained,reachable,HTTP GET,200,,2026-10-07T19:47:44.383961+00:00,https://wezfurlong.org/wezterm/,,src/content/posts/2024/linux-alternatives.md
https://wickedengine.net/,retained,reachable,HTTP GET,200,,2026-10-07T19:47:24.653680+00:00,https://wickedengine.net/,,src/content/posts/2024/linux-alternatives.md
https://wiki.actiona.tools/doku.php?id=:en:start,retained,reachable,HTTP GET,200,,2026-10-07T19:47:38.235201+00:00,https://wiki.actiona.tools/doku.php,,src/content/posts/2024/linux-alternatives.md
https://wiki.archlinux.org/,retained,reachable,HTTP GET,200,,2026-10-07T19:47:11.409997+00:00,https://wiki.archlinux.org/title/Main_page,,src/content/posts/2019/2019-10-09-learn-linux.md
https://wiki.archlinux.org/index.php/LightDM,retained,connection-error,HTTP GET,,,2026-10-07T19:47:56.630594+00:00,https://wiki.archlinux.org:8443/title/LightDM,Firecrawl retry: unable to retrieve,src/content/posts/2020/lightdm-configuration.md
https://wiki.archlinux.org/index.php/Unified_Extensible_Firmware_Interface/Secure_Boot,retained,connection-error,HTTP GET,,,2026-10-07T19:48:04.149638+00:00,https://wiki.archlinux.org:8443/title/Unified_Extensible_Firmware_Interface/Secure_Boot,Firecrawl retry: unable to retrieve,src/content/posts/2020/secure-linux.md
https://wiki.archlinux.org/index.php/Xinit,retained,connection-error,HTTP GET,,,2026-10-07T19:48:10.068844+00:00,https://wiki.archlinux.org:8443/title/Xinit,Firecrawl retry: unable to retrieve,src/content/posts/2024/enhanced-linux-in-windows.md
https://wiki.archlinux.org/index.php/wicd,retained,connection-error,HTTP GET,,,2026-10-07T19:48:11.558353+00:00,https://wiki.archlinux.org:8443/title/wicd,Firecrawl retry: unable to retrieve,src/content/posts/2024/linux-alternatives.md
https://wiki.archlinux.org/title/DaVinci_Resolve,retained,reachable,HTTP GET,200,,2026-10-07T19:48:15.365326+00:00,https://wiki.archlinux.org/title/DaVinci_Resolve,,src/content/posts/2026/resolve-in-arch-linux.md
https://wiki.archlinux.org/title/Fstab,retained,reachable,HTTP GET,200,,2026-10-07T19:48:07.046907+00:00,https://wiki.archlinux.org/title/Fstab,,src/content/posts/2022/auto-mount-systemd.md
https://wiki.archlinux.org/title/Installation_guide,retained,reachable,HTTP GET,200,,2026-10-07T19:48:14.065007+00:00,https://wiki.archlinux.org/title/Installation_guide,,src/content/posts/2025/windows-to-linux.md
https://wiki.archlinux.org/title/Libvirt,retained,reachable,HTTP GET,200,,2026-10-07T19:48:08.924403+00:00,https://wiki.archlinux.org/title/Libvirt,,src/content/posts/2022/vm-setup-in-linux.md
https://wiki.archlinux.org/title/OpenRC,retained,reachable,HTTP GET,200,,2026-10-07T19:48:12.863029+00:00,https://wiki.archlinux.org/title/OpenRC,,src/content/posts/2024/removing-systemd.md
https://wiki.codelite.org/pmwiki.php/Main/Repositories,retained,reachable,HTTP GET,200,,2026-10-07T19:47:23.505921+00:00,https://wiki.codelite.org/pmwiki.php/Main/Repositories,,src/content/posts/2024/linux-alternatives.md
https://wiki.debian.org/,retained,reachable,Firecrawl scrape,200,200,2026-10-07T20:06:49.249Z,https://wiki.debian.org/,,src/content/posts/2019/2019-10-09-learn-linux.md
https://wiki.debian.org/DebianRepository/UseThirdParty,retained,reachable,Firecrawl scrape,200,200,2026-10-07T20:06:49.249Z,https://wiki.debian.org/DebianRepository/UseThirdParty,,src/content/posts/2022/linux-security-mistakes.md
https://wiki.debian.org/LightDM,retained,reachable,Firecrawl scrape,200,200,2026-10-07T20:06:49.249Z,https://wiki.debian.org/LightDM,,src/content/posts/2020/lightdm-configuration.md
https://wiki.flightgear.org/Portal:Developer,retained,reachable,Firecrawl scrape,403,200,2026-10-07T20:19:27.489Z,https://wiki.flightgear.org/Portal:Developer,,src/content/posts/2024/linux-alternatives.md
https://wiki.gnome.org/Apps/Brasero,retained,reachable,HTTP GET,200,,2026-10-07T19:48:25.235493+00:00,https://wiki.gnome.org/Apps/Brasero,,src/content/posts/2024/linux-alternatives.md
https://wiki.gnome.org/Apps/BreakTimer,retained,reachable,HTTP GET,200,,2026-10-07T19:48:22.690034+00:00,https://wiki.gnome.org/Apps/BreakTimer,,src/content/posts/2024/linux-alternatives.md
https://wiki.gnome.org/Apps/Builder,retained,reachable,HTTP GET,200,,2026-10-07T19:48:24.780443+00:00,https://wiki.gnome.org/Apps/Builder,,src/content/posts/2024/linux-alternatives.md
https://wiki.gnome.org/Apps/California,retained,reachable,HTTP GET,200,,2026-10-07T19:48:23.277368+00:00,https://wiki.gnome.org/Apps/California,,src/content/posts/2024/linux-alternatives.md
https://wiki.gnome.org/Apps/Cheese,retained,reachable,HTTP GET,200,,2026-10-07T19:48:25.545669+00:00,https://wiki.gnome.org/Apps/Cheese,,src/content/posts/2024/linux-alternatives.md
https://wiki.gnome.org/Apps/DejaDup,retained,reachable,HTTP GET,200,,2026-10-07T19:48:10.839675+00:00,https://wiki.gnome.org/Apps/DejaDup,,src/content/posts/2024/linux-alternatives.md
https://wiki.gnome.org/Apps/Dictionary,retained,reachable,HTTP GET,200,,2026-10-07T19:48:16.313676+00:00,https://wiki.gnome.org/Apps/Dictionary,,src/content/posts/2024/linux-alternatives.md
https://wiki.gnome.org/Apps/Evince,retained,reachable,HTTP GET,200,,2026-10-07T19:48:15.687411+00:00,https://wiki.gnome.org/Apps/Evince,,src/content/posts/2024/linux-alternatives.md
https://wiki.gnome.org/Apps/Evince/GettingEvince,retained,reachable,HTTP GET,200,,2026-10-07T19:48:14.678974+00:00,https://wiki.gnome.org/Apps/Evince/GettingEvince,,src/content/posts/2024/linux-alternatives.md
https://wiki.gnome.org/Apps/Evolution/,retained,reachable,HTTP GET,200,,2026-10-07T19:48:17.131580+00:00,https://wiki.gnome.org/Apps/Evolution/,,src/content/posts/2024/linux-alternatives.md
https://wiki.gnome.org/Apps/Files,retained,reachable,HTTP GET,200,,2026-10-07T19:48:18.412606+00:00,https://wiki.gnome.org/Apps/Files,,src/content/posts/2024/linux-alternatives.md
https://wiki.gnome.org/Apps/Fractal,retained,reachable,HTTP GET,200,,2026-10-07T19:48:08.199534+00:00,https://wiki.gnome.org/Apps/Fractal,,src/content/posts/2024/linux-alternatives.md
https://wiki.gnome.org/Apps/Geary,retained,reachable,HTTP GET,200,,2026-10-07T19:48:17.749678+00:00,https://wiki.gnome.org/Apps/Geary,,src/content/posts/2024/linux-alternatives.md
https://wiki.gnome.org/Apps/Gedit,retained,reachable,HTTP GET,200,,2026-10-07T19:48:24.260669+00:00,https://wiki.gnome.org/Apps/Gedit,,src/content/posts/2024/linux-alternatives.md
https://wiki.gnome.org/Apps/Gitg,retained,reachable,HTTP GET,200,,2026-10-07T19:48:13.435064+00:00,https://wiki.gnome.org/Apps/Gitg,,src/content/posts/2024/linux-alternatives.md
https://wiki.gnome.org/Apps/Gthumb,retained,reachable,HTTP GET,200,,2026-10-07T19:48:20.285802+00:00,https://wiki.gnome.org/Apps/Gthumb,,src/content/posts/2024/linux-alternatives.md
https://wiki.gnome.org/Apps/Lollypop,retained,reachable,HTTP GET,200,,2026-10-07T19:47:19.886209+00:00,https://wiki.gnome.org/Apps/Lollypop,,src/content/posts/2024/linux-alternatives.md
https://wiki.gnome.org/Apps/Polari,retained,reachable,HTTP GET,200,,2026-10-07T19:48:09.610068+00:00,https://wiki.gnome.org/Apps/Polari,,src/content/posts/2024/linux-alternatives.md
https://wiki.gnome.org/Apps/Rhythmbox,retained,reachable,HTTP GET,200,,2026-10-07T19:47:59.971047+00:00,https://wiki.gnome.org/Apps/Rhythmbox,,src/content/posts/2024/linux-alternatives.md
https://wiki.gnome.org/Apps/Seahorse,retained,reachable,HTTP GET,200,,2026-10-07T19:48:23.689803+00:00,https://wiki.gnome.org/Apps/Seahorse,,src/content/posts/2024/linux-alternatives.md
https://wiki.gnome.org/Apps/Shotwell,retained,reachable,HTTP GET,200,,2026-10-07T19:48:20.962767+00:00,https://wiki.gnome.org/Apps/Shotwell,,src/content/posts/2024/linux-alternatives.md
https://wiki.gnome.org/Apps/SoundJuicer/Documentation,retained,reachable,HTTP GET,200,,2026-10-07T19:48:05.624866+00:00,https://wiki.gnome.org/Apps/SoundJuicer/Documentation,,src/content/posts/2024/linux-alternatives.md
https://wiki.gnome.org/Apps/Tomboy,retained,reachable,HTTP GET,200,,2026-10-07T19:48:22.092656+00:00,https://wiki.gnome.org/Apps/Tomboy,,src/content/posts/2024/linux-alternatives.md
https://wiki.gnome.org/Apps/Web,retained,reachable,HTTP GET,200,,2026-10-07T19:48:21.588589+00:00,https://wiki.gnome.org/Apps/Web,,src/content/posts/2024/linux-alternatives.md
https://wiki.gnome.org/Projects/GDM,retained,reachable,HTTP GET,200,,2026-10-07T19:48:26.239936+00:00,https://wiki.gnome.org/Projects/GDM,,src/content/posts/2024/linux-alternatives.md
https://wiki.gnome.org/Projects/GnomeFlashback,retained,reachable,HTTP GET,200,,2026-10-07T19:48:25.943438+00:00,https://wiki.gnome.org/Projects/GnomeFlashback,,src/content/posts/2024/linux-alternatives.md
https://wiki.gnome.org/action/show/Apps/GnomeVideoArcade,retained,blocked,HTTP GET,403,403,2026-10-07T19:48:19.783885+00:00,https://wiki.gnome.org/action/show/Apps/GnomeVideoArcade,Firecrawl retry: 403,src/content/posts/2024/linux-alternatives.md
https://wiki.gnome.org/action/show/Apps/gbrainy,retained,blocked,HTTP GET,403,403,2026-10-07T19:48:19.027609+00:00,https://wiki.gnome.org/action/show/Apps/gbrainy,Firecrawl retry: 403,src/content/posts/2024/linux-alternatives.md
https://wiki.gnome.org/action/show/Apps/giggle,retained,blocked,HTTP GET,403,403,2026-10-07T19:48:12.205345+00:00,https://wiki.gnome.org/action/show/Apps/giggle,Firecrawl retry: 403,src/content/posts/2024/linux-alternatives.md
https://wiki.hypr.land/0.41.2/Configuring/Monitors/,introduced,reachable,Firecrawl scrape,200,200,2026-10-07T19:51:17.196Z,https://wiki.hypr.land/0.41.2/Configuring/Monitors/,,src/content/posts/2025/hyprland-monitor-config.md
https://wiki.hypr.land/Hypr-Ecosystem/xdg-desktop-portal-hyprland/,retained,reachable,HTTP GET,200,,2026-10-07T19:47:17.501191+00:00,https://wiki.hypr.land/Hypr-Ecosystem/xdg-desktop-portal-hyprland/,,src/content/posts/2023/my-new-desktop-hyprland.md
https://wiki.hyprland.org/Configuring/Monitors/,removed-or-replaced,missing,HTTP GET,404,,2026-10-07T19:47:52.999554+00:00,https://wiki.hypr.land/Configuring/Monitors/,,src/content/posts/2025/hyprland-monitor-config.md
https://wiki.ubuntu.com/,retained,connection-error,HTTP GET,,,2026-10-07T19:47:11.486971+00:00,https://wiki.ubuntu.com/,Firecrawl retry: unable to retrieve,src/content/posts/2019/2019-10-09-learn-linux.md
https://wiki.ubuntu.com/LightDM,retained,timeout,HTTP GET,,,2026-10-07T19:47:56.705301+00:00,https://wiki.ubuntu.com/LightDM,Firecrawl retry: unable to retrieve,src/content/posts/2020/lightdm-configuration.md
https://wiki.ubuntu.com/PulseAudio,retained,timeout,HTTP GET,,,2026-10-07T19:48:04.246193+00:00,https://wiki.ubuntu.com/PulseAudio,Firecrawl retry: unable to retrieve,src/content/posts/2024/linux-alternatives.md
https://windowsreport.com/windows-11-22h2-bugs/,retained,reachable,Firecrawl scrape,403,200,2026-10-07T20:07:30.384Z,https://windowsreport.com/windows-11-22h2-bugs/,,src/content/posts/2022/Windows-22H2-problems.md
https://windscribe.net/,retained,reachable,HTTP GET,200,,2026-10-07T19:47:48.110644+00:00,https://windscribe.net/,,src/content/posts/2024/linux-alternatives.md
https://winscp.net/eng/index.php,retained,reachable,HTTP GET,200,,2026-10-07T19:47:11.327763+00:00,https://winscp.net/eng/index.php,,src/content/posts/2019/2019-09-18-ssh-guide.md
https://winutil.christitus.com/,retained,reachable,HTTP GET,200,,2026-10-07T19:47:17.259452+00:00,https://winutil.christitus.com/,,src/content/posts/2022/windows-tool.md
https://wire.com/en/,retained,reachable,HTTP GET,200,,2026-10-07T19:47:22.460746+00:00,https://wire.com/en/,,src/content/posts/2024/linux-alternatives.md
https://wordpress.org/latest.tar.gz,retained,reachable,HTTP GET,200,,2026-10-07T19:47:11.285523+00:00,https://wordpress.org/latest.tar.gz,,src/content/posts/2019/2019-03-14-wordpress-google-cloud-platform.md
https://wordpress.org/plugins/replace-google-fonts-with-bunny-fonts/,retained,reachable,HTTP GET,200,,2026-10-07T19:48:04.075429+00:00,https://wordpress.org/plugins/replace-google-fonts-with-bunny-fonts/,,src/content/posts/2023/replace-google-fonts-with-bunny-fonts.md
https://wslstorestorage.blob.core.windows.net/wslblob/wsl_update_x64.msi,retained,reachable,HTTP GET,200,,2026-10-07T19:47:13.514240+00:00,https://wslstorestorage.blob.core.windows.net/wslblob/wsl_update_x64.msi,,src/content/posts/2020/wsl2.md
https://www.3cx.com/blog/releases/v20-upgrade-checklist-faq/,retained,reachable,HTTP GET,200,,2026-10-07T19:48:05.445286+00:00,https://www.3cx.com/blog/releases/v20-upgrade-checklist-faq/,,src/content/posts/2024/3cx-version-20-update.md
https://www.3cx.com/docs/manual/call-processing-script/,retained,reachable,HTTP GET,200,,2026-10-07T19:47:18.218566+00:00,https://www.3cx.com/docs/manual/call-processing-script/,,src/content/posts/2024/3cx-version-20-update.md
https://www.3cx.com/sip-phones/,retained,reachable,HTTP GET,200,,2026-10-07T19:47:59.453413+00:00,https://www.3cx.com/sip-phones/,,src/content/posts/2024/3cx-version-20-update.md
https://www.3dpchip.com/3dpchip/3dp/net_down_en.php,retained,reachable,HTTP GET,200,,2026-10-07T19:47:13.693462+00:00,https://www.3dpchip.com/3dpchip/3dp/net_down_en.php,,src/content/posts/2021/Ultimate-Windows-10-Install.md;src/content/posts/2024/drivers-in-windows.md
https://www.7-zip.org/download.html,retained,reachable,HTTP GET,200,,2026-10-07T19:47:29.239513+00:00,https://www.7-zip.org/download.html,,src/content/posts/2024/linux-alternatives.md
https://www.activestate.com/products/komodo-ide/,removed-or-replaced,timeout,HTTP GET,,404,2026-10-07T19:47:44.694858+00:00,https://www.activestate.com/products/komodo-ide/,Firecrawl retry: 404,src/content/posts/2024/linux-alternatives.md
https://www.acutesystems.com/scrtm.htm,retained,reachable,HTTP GET,200,,2026-10-07T19:47:11.986634+00:00,https://www.acutesystems.com/scrtm.htm,,src/content/posts/2019/2019-10-28-hackintosh-ryzen-install.md
https://www.advanced-ip-scanner.com/,retained,reachable,HTTP GET,200,,2026-10-07T19:47:53.594378+00:00,https://www.advanced-ip-scanner.com/,,src/content/posts/2026/check-network-security.md
https://www.aftershotpro.com/en/products/aftershot/pro/,retained,reachable,HTTP GET,200,,2026-10-07T19:47:35.105851+00:00,https://www.aftershotpro.com:443/en/,,src/content/posts/2024/linux-alternatives.md
https://www.amd.com/en/products/software/adrenalin.html,introduced,reachable,Firecrawl scrape,,200,2026-10-07T20:24:00.209Z,https://www.amd.com/en/products/software/adrenalin.html,,src/content/posts/2024/home-theater-pc.md
https://www.amd.com/en/technologies/radeon-software,removed-or-replaced,reachable,Firecrawl scrape,,200,2026-10-07T20:07:30.384Z,https://www.amd.com/en.html,,src/content/posts/2024/home-theater-pc.md
https://www.anrdoezrs.net/click-9109049-14329390,retained,reachable,HTTP GET,200,,2026-10-07T19:47:15.053619+00:00,https://www.roboform.com/lp,,src/content/posts/2022/best-browser-extensions.md
https://www.arduino.cc/en/Main/Software,retained,reachable,HTTP GET,200,,2026-10-07T19:47:25.208055+00:00,https://www.arduino.cc/en/software,,src/content/posts/2024/linux-alternatives.md
https://www.arrow-dl.com/,retained,reachable,HTTP GET,200,,2026-10-07T19:47:42.531974+00:00,https://www.arrow-dl.com/,,src/content/posts/2024/linux-alternatives.md
https://www.aseprite.org/,retained,reachable,HTTP GET,200,,2026-10-07T19:47:34.055462+00:00,https://www.aseprite.org/,,src/content/posts/2024/linux-alternatives.md
https://www.audacityteam.org/download/linux/,retained,reachable,HTTP GET,200,,2026-10-07T19:47:18.806781+00:00,https://www.audacityteam.org/download/linux/,,src/content/posts/2024/linux-alternatives.md
https://www.axway.com/en/aptana,retained,blocked,HTTP GET,403,403,2026-10-07T19:47:25.355907+00:00,https://www.axway.com/en/aptana,Firecrawl retry: 403,src/content/posts/2024/linux-alternatives.md
https://www.bacula.org/,retained,reachable,HTTP GET,200,,2026-10-07T19:47:16.913265+00:00,https://www.bacula.org/,,src/content/posts/2022/urbackup.md
https://www.balena.io/etcher/,retained,reachable,HTTP GET,200,,2026-10-07T19:47:12.411613+00:00,https://etcher.balena.io,,src/content/posts/2020/common-computer-issues.md;src/content/posts/2022/linux-for-beginners.md
https://www.beebeep.net/,retained,reachable,HTTP GET,200,,2026-10-07T19:47:21.710525+00:00,https://www.beebeep.net/,,src/content/posts/2024/linux-alternatives.md
https://www.bibisco.com/,retained,reachable,Firecrawl scrape,403,200,2026-10-07T20:20:19.308Z,https://bibisco.com/,,src/content/posts/2024/linux-alternatives.md
https://www.binisoft.org/wfc,retained,reachable,HTTP GET,200,,2026-10-07T19:47:53.490197+00:00,https://www.binisoft.org/wfc,,src/content/posts/2026/check-network-security.md
https://www.bitchute.com/video/P943EtODU3dH/,retained,reachable,HTTP GET,200,,2026-10-07T19:47:12.068752+00:00,https://www.bitchute.com/video/P943EtODU3dH/,,src/content/posts/2019/2019-10-28-hackintosh-ryzen-install.md
https://www.bitdefender.com/solutions/free.html,retained,reachable,HTTP GET,200,,2026-10-07T19:47:14.927618+00:00,https://www.bitdefender.com/en-us/consumer/free-antivirus,,src/content/posts/2022/bad-windows-defender.md
https://www.bitwig.com/en/download.html,retained,reachable,HTTP GET,200,,2026-10-07T19:47:19.006481+00:00,https://www.bitwig.com/download/,,src/content/posts/2024/linux-alternatives.md
https://www.blackmagicdesign.com/products/davinciresolve/,retained,reachable,HTTP GET,200,,2026-10-07T19:47:36.441904+00:00,https://www.blackmagicdesign.com/products/davinciresolve/,,src/content/posts/2024/linux-alternatives.md
https://www.bleachbit.org/,retained,reachable,HTTP GET,200,,2026-10-07T19:47:45.471226+00:00,https://www.bleachbit.org/,,src/content/posts/2024/linux-alternatives.md
https://www.bleepingcomputer.com/news/microsoft/10-year-old-windows-bug-with-opt-in-fix-exploited-in-3cx-attack/,retained,reachable,HTTP GET,200,,2026-10-07T19:47:18.181467+00:00,https://www.bleepingcomputer.com/news/microsoft/10-year-old-windows-bug-with-opt-in-fix-exploited-in-3cx-attack/,,src/content/posts/2023/tiny11-has-problems.md
https://www.bleepingcomputer.com/news/technology/youtube-tests-blocking-videos-unless-you-disable-ad-blockers/,retained,reachable,HTTP GET,200,,2026-10-07T19:47:59.437129+00:00,https://www.bleepingcomputer.com/news/technology/youtube-tests-blocking-videos-unless-you-disable-ad-blockers/,,src/content/posts/2023/you-will-watch-ads.md
https://www.blender.org/,retained,reachable,HTTP GET,200,,2026-10-07T19:47:34.105589+00:00,https://www.blender.org/,,src/content/posts/2024/linux-alternatives.md
https://www.bluej.org/versions.html,retained,reachable,HTTP GET,200,,2026-10-07T19:47:25.140483+00:00,https://www.bluej.org/versions.html,,src/content/posts/2024/linux-alternatives.md
https://www.bluez.org/,retained,tls-error,HTTP GET,,,2026-10-07T19:47:45.761849+00:00,https://www.bluez.org/,Firecrawl retry: unable to retrieve,src/content/posts/2024/linux-alternatives.md
https://www.borgbackup.org/,retained,reachable,HTTP GET,200,,2026-10-07T19:47:16.809761+00:00,https://www.borgbackup.org/,,src/content/posts/2022/urbackup.md
https://www.borgbase.com/,retained,reachable,HTTP GET,200,,2026-10-07T19:47:16.899817+00:00,https://www.borgbase.com/,,src/content/posts/2022/urbackup.md
https://www.calligra.org/,retained,reachable,HTTP GET,200,,2026-10-07T19:48:01.557288+00:00,https://calligra.org/,,src/content/posts/2024/linux-alternatives.md
https://www.calligra.org/karbon/,retained,reachable,HTTP GET,200,,2026-10-07T19:47:34.268976+00:00,https://calligra.org/karbon/,,src/content/posts/2024/linux-alternatives.md
https://www.catalog.update.microsoft.com/Search.aspx?q=Cumulative,retained,reachable,HTTP GET,200,,2026-10-07T19:48:07.558648+00:00,https://www.catalog.update.microsoft.com/Search.aspx,,src/content/posts/2021/Ultimate-Windows-10-Install.md;src/content/posts/2021/Windows-10-Optimization-Guide.md
https://www.catalog.update.microsoft.com/Search.aspx?q=Cumulative%20Update%20Windows%2010,retained,reachable,HTTP GET,200,,2026-10-07T19:47:57.829748+00:00,https://www.catalog.update.microsoft.com/Search.aspx,,src/content/posts/2021/Ultimate-Windows-10-Install.md;src/content/posts/2021/Windows-10-Optimization-Guide.md
https://www.catalog.update.microsoft.com/Search.aspx?q=Servicing,retained,reachable,HTTP GET,200,,2026-10-07T19:48:04.907372+00:00,https://www.catalog.update.microsoft.com/Search.aspx,,src/content/posts/2021/Ultimate-Windows-10-Install.md;src/content/posts/2021/Windows-10-Optimization-Guide.md
https://www.catalog.update.microsoft.com/Search.aspx?q=Servicing%20Stack%20Update%20Windows%2010,retained,reachable,HTTP GET,200,,2026-10-07T19:47:13.713929+00:00,https://www.catalog.update.microsoft.com/Search.aspx,,src/content/posts/2021/Ultimate-Windows-10-Install.md;src/content/posts/2021/Windows-10-Optimization-Guide.md
https://www.cgsecurity.org/wiki/PhotoRec,retained,reachable,HTTP GET,200,,2026-10-07T19:47:22.783722+00:00,https://www.cgsecurity.org/wiki/PhotoRec,,src/content/posts/2024/linux-alternatives.md
https://www.cgsecurity.org/wiki/TestDisk,retained,reachable,HTTP GET,200,,2026-10-07T19:48:00.150831+00:00,https://www.cgsecurity.org/wiki/TestDisk,,src/content/posts/2024/linux-alternatives.md
https://www.chiark.greenend.org.uk/~sgtatham/putty/latest.html,retained,connection-error,HTTP GET,,,2026-10-07T19:47:11.341164+00:00,https://www.chiark.greenend.org.uk/~sgtatham/putty/latest.html,Firecrawl retry: unable to retrieve,src/content/posts/2019/2019-09-18-ssh-guide.md
https://www.chromium.org/,retained,reachable,HTTP GET,200,,2026-10-07T19:47:36.694393+00:00,https://www.chromium.org/,,src/content/posts/2024/linux-alternatives.md
https://www.clamav.net/,retained,reachable,HTTP GET,200,,2026-10-07T19:47:41.579214+00:00,https://www.clamav.net/,,src/content/posts/2024/linux-alternatives.md
https://www.claws-mail.org/,retained,reachable,HTTP GET,200,,2026-10-07T19:47:28.830059+00:00,https://www.claws-mail.org/,,src/content/posts/2024/linux-alternatives.md
https://www.clementine-player.org/,retained,reachable,HTTP GET,200,,2026-10-07T19:47:19.632739+00:00,https://www.clementine-player.org/,,src/content/posts/2024/linux-alternatives.md
https://www.codeblocks.org/,retained,reachable,HTTP GET,200,,2026-10-07T19:47:23.438473+00:00,https://www.codeblocks.org/,,src/content/posts/2024/linux-alternatives.md
https://www.corifeus.com/onenote,retained,reachable,HTTP GET,200,,2026-10-07T19:47:39.210779+00:00,https://www.corifeus.com/onenote,,src/content/posts/2024/linux-alternatives.md
https://www.crossftp.com/ftp-client.htm,retained,reachable,HTTP GET,200,,2026-10-07T19:47:42.896277+00:00,https://www.crossftp.com/cgi-sys/suspendedpage.cgi,,src/content/posts/2024/linux-alternatives.md
https://www.cryptoprank.com/,retained,reachable,HTTP GET,200,,2026-10-07T19:47:16.511874+00:00,https://www.cryptoprank.com/,,src/content/posts/2022/starfield-screensaver.md
https://www.cttstore.com/windows-toolbox,retained,reachable,HTTP GET,200,,2026-10-07T19:47:16.156356+00:00,https://cttstore.com/products/windows-toolbox,,src/content/posts/2022/one-tool-for-everything.md
https://www.cvedetails.com/product-search.php?vendor_id=0&search=Windows,retained,reachable,Firecrawl scrape,403,200,2026-10-07T20:07:44.391Z,https://www.cvedetails.com/product-search.php,,src/content/posts/2025/how-vulnerable-windows-users-are-by-update.md
https://www.cvedetails.com/version/1824209/Microsoft-Windows-11-24H2-10.0.26100.1742.html,retained,reachable,Firecrawl scrape,403,200,2026-10-07T20:07:44.391Z,https://www.cvedetails.com/version/1824209/Microsoft-Windows-11-24H2-10.0.26100.1742.html,,src/content/posts/2025/how-vulnerable-windows-users-are-by-update.md
https://www.cyberciti.biz/,retained,reachable,Firecrawl scrape,403,200,2026-10-07T20:20:35.752Z,https://www.cyberciti.biz/,,src/content/posts/2024/linux-alternatives.md
https://www.cyberghostvpn.com/en_US/,retained,reachable,HTTP GET,200,,2026-10-07T19:47:47.845018+00:00,https://www.cyberghostvpn.com/,,src/content/posts/2024/linux-alternatives.md
https://www.d-lan.net/,retained,reachable,HTTP GET,200,,2026-10-07T19:47:42.975838+00:00,https://www.d-lan.net/,,src/content/posts/2024/linux-alternatives.md
https://www.darktable.org/,retained,reachable,HTTP GET,200,,2026-10-07T19:47:35.129874+00:00,https://www.darktable.org/,,src/content/posts/2024/linux-alternatives.md
https://www.darlinghq.org/,retained,reachable,HTTP GET,200,,2026-10-07T19:47:54.580158+00:00,https://www.darlinghq.org/,,src/content/posts/old/ideas.md
https://www.debian.org/doc/manuals/aptitude/ch02s04s05.en.html,retained,reachable,HTTP GET,200,,2026-10-07T19:47:11.144599+00:00,https://www.debian.org/doc/manuals/aptitude/ch02s04s05.en.html,,src/content/posts/2019/2019-03-12-aptitude-explained.md
https://www.debian.org/doc/manuals/debian-handbook/sect.virtualization.en.html,retained,reachable,HTTP GET,200,,2026-10-07T19:47:56.312395+00:00,https://www.debian.org/doc/manuals/debian-handbook/sect.virtualization.en.html,,src/content/posts/2022/vm-setup-in-linux.md
https://www.debian.org/download,retained,reachable,HTTP GET,200,,2026-10-07T19:48:04.042248+00:00,https://www.debian.org/download,,src/content/posts/2025/windows-to-linux.md
https://www.dedoimedo.com/,retained,reachable,HTTP GET,200,,2026-10-07T19:47:51.226426+00:00,https://www.dedoimedo.com/,,src/content/posts/2024/linux-alternatives.md
https://www.deepin.org/en/dde/,retained,reachable,HTTP GET,200,,2026-10-07T19:47:59.891580+00:00,https://www.deepin.org/en/dde/,,src/content/posts/2024/linux-alternatives.md
https://www.deepin.org/en/original/deepin-music/,retained,reachable,HTTP GET,200,,2026-10-07T19:47:19.748650+00:00,https://www.deepin.org/en/original/deepin-music/,,src/content/posts/2024/linux-alternatives.md
https://www.designer.io/,retained,reachable,HTTP GET,200,,2026-10-07T19:47:34.164496+00:00,https://www.coreldraw.com/en/product/go/,,src/content/posts/2024/linux-alternatives.md
https://www.dev47apps.com/,retained,reachable,HTTP GET,200,,2026-10-07T19:47:45.955686+00:00,https://www.dev47apps.com/,,src/content/posts/2024/linux-alternatives.md
https://www.deviantart.com/rainmeter,retained,reachable,HTTP GET,200,,2026-10-07T19:47:18.036989+00:00,https://www.deviantart.com/rainmeter,,src/content/posts/2023/theming-windows-with-rainmeter.md
https://www.digikam.org/,retained,reachable,HTTP GET,200,,2026-10-07T19:47:35.553066+00:00,https://www.digikam.org/,,src/content/posts/2024/linux-alternatives.md
https://www.dokuwiki.org/dokuwiki,retained,http-error,HTTP GET,402,402,2026-10-07T19:47:48.202188+00:00,https://www.dokuwiki.org/dokuwiki,Firecrawl retry: 402,src/content/posts/2024/linux-alternatives.md
https://www.dropbox.com/install?os=lnx,retained,reachable,HTTP GET,200,,2026-10-07T19:47:42.317591+00:00,https://www.dropbox.com/install,,src/content/posts/2024/linux-alternatives.md
https://www.elecrow.com/development-kit.html,retained,reachable,HTTP GET,200,,2026-10-07T19:47:13.274201+00:00,https://www.elecrow.com/mcu/raspberry-pi/development-kit.html,,src/content/posts/2020/raspberry-pi-laptop.md
https://www.eltima.com/products/usb-over-ip-linux/,retained,reachable,HTTP GET,200,,2026-10-07T19:47:46.856703+00:00,https://www.eltima.com/products/usb-over-ethernet/,,src/content/posts/2024/linux-alternatives.md
https://www.emudeck.com/,retained,reachable,HTTP GET,200,,2026-10-07T19:47:33.285516+00:00,https://www.emudeck.com/,,src/content/posts/2024/linux-alternatives.md
https://www.encorenetworks.com/wp-content/uploads/2021/04/cfg-main-1.pdf,retained,reachable,HTTP GET,200,,2026-10-07T19:47:10.399992+00:00,https://www.encorenetworks.com/wp-content/uploads/2021/04/cfg-main-1.pdf,,src/content/posts/2016/2016-03-17-encore-bandit-connection.md
https://www.enlightenment.org/,introduced,reachable,HTTP GET,200,,2026-10-07T19:54:45.019679+00:00,https://www.enlightenment.org/,,src/content/posts/2024/linux-alternatives.md
https://www.enlightenment.org/about,retained,reachable,HTTP GET,200,,2026-10-07T19:48:02.621811+00:00,https://www.enlightenment.org/about,,src/content/posts/2024/linux-alternatives.md
https://www.enlightenment.org/about-terminology,retained,reachable,HTTP GET,200,,2026-10-07T19:47:44.138281+00:00,https://www.enlightenment.org/about-terminology,,src/content/posts/2024/linux-alternatives.md
https://www.enpass.io/,retained,reachable,HTTP GET,200,,2026-10-07T19:47:40.892540+00:00,https://www.enpass.io/,,src/content/posts/2024/linux-alternatives.md
https://www.enterprisetimes.co.uk/2021/04/14/nsa-and-fbi-move-to-help-microsoft-with-its-exchange-server-vulnerabilities/,retained,reachable,Firecrawl scrape,403,200,2026-10-07T20:07:44.391Z,https://www.enterprisetimes.co.uk/2021/04/14/nsa-and-fbi-move-to-help-microsoft-with-its-exchange-server-vulnerabilities/,,src/content/posts/2022/is-windows-bad.md
https://www.eset.com/,retained,reachable,HTTP GET,200,,2026-10-07T19:47:14.942464+00:00,https://www.eset.com/us/,,src/content/posts/2022/bad-windows-defender.md
https://www.expressvpn.com/,retained,reachable,HTTP GET,200,,2026-10-07T19:47:12.089810+00:00,https://www.expressvpn.com/,,src/content/posts/2019/2019-12-01-vpn-kill-switch.md;src/content/posts/2024/linux-alternatives.md
https://www.factorio.com/,retained,reachable,HTTP GET,200,,2026-10-07T19:47:31.551144+00:00,https://www.factorio.com/,,src/content/posts/2024/linux-alternatives.md
https://www.falkon.org/,retained,reachable,HTTP GET,200,,2026-10-07T19:47:36.776675+00:00,https://www.falkon.org/,,src/content/posts/2024/linux-alternatives.md
https://www.familug.org/,retained,reachable,HTTP GET,200,,2026-10-07T19:47:51.361498+00:00,https://www.familug.org/,,src/content/posts/2024/linux-alternatives.md
https://www.ffmpeg.org/,retained,reachable,HTTP GET,200,,2026-10-07T19:47:47.236266+00:00,https://www.ffmpeg.org/,,src/content/posts/2024/linux-alternatives.md
https://www.flightgear.org/,retained,reachable,HTTP GET,200,,2026-10-07T19:47:30.467818+00:00,https://www.flightgear.org/,,src/content/posts/2024/linux-alternatives.md
https://www.fossil-scm.org/,retained,reachable,HTTP GET,200,,2026-10-07T19:48:00.696742+00:00,https://www.fossil-scm.org/home/doc/trunk/www/index.wiki,,src/content/posts/2024/linux-alternatives.md
https://www.fossil-scm.org/index.html/dir?ci=tip,retained,reachable,HTTP GET,200,,2026-10-07T19:47:25.945643+00:00,https://fossil-scm.org/home/dir,,src/content/posts/2024/linux-alternatives.md
https://www.foxit.com/pdf-reader/,retained,reachable,HTTP GET,200,,2026-10-07T19:47:26.800591+00:00,https://www.foxit.com/pdf-reader/,,src/content/posts/2024/linux-alternatives.md
https://www.freac.org/,retained,reachable,HTTP GET,200,,2026-10-07T19:47:20.668233+00:00,https://www.freac.org/,,src/content/posts/2024/linux-alternatives.md
https://www.freecad.org/,retained,reachable,HTTP GET,200,,2026-10-07T19:47:18.762417+00:00,https://www.freecad.org/,,src/content/posts/2024/linux-alternatives.md
https://www.freedesktop.org/wiki/Software/LightDM,retained,reachable,Firecrawl scrape,418,200,2026-10-07T20:20:35.752Z,https://www.freedesktop.org/wiki/Software/LightDM/,,src/content/posts/2024/linux-alternatives.md
https://www.freedownloadmanager.org/,retained,reachable,HTTP GET,200,,2026-10-07T19:47:42.584684+00:00,https://www.freedownloadmanager.org/,,src/content/posts/2024/linux-alternatives.md
https://www.freedroid.org/,retained,reachable,HTTP GET,200,,2026-10-07T19:47:30.915743+00:00,https://www.freedroid.org/,,src/content/posts/2024/linux-alternatives.md
https://www.freefilesync.org/,retained,reachable,HTTP GET,200,,2026-10-07T19:48:00.113055+00:00,https://freefilesync.org/,,src/content/posts/2024/linux-alternatives.md
https://www.freefilesync.org/download.php,retained,reachable,HTTP GET,200,,2026-10-07T19:47:22.734613+00:00,https://freefilesync.org/download.php,,src/content/posts/2024/linux-alternatives.md
https://www.freerdp.com/,retained,reachable,HTTP GET,200,,2026-10-07T19:47:45.984863+00:00,https://www.freerdp.com/,,src/content/posts/2024/linux-alternatives.md
https://www.fsfla.org/ikiwiki/selibre/linux-libre/,retained,reachable,HTTP GET,200,,2026-10-07T19:47:49.383416+00:00,https://www.fsfla.org/ikiwiki/selibre/linux-libre/,,src/content/posts/2024/linux-alternatives.md
https://www.gamingonlinux.com/,retained,reachable,HTTP GET,200,,2026-10-07T19:47:51.476897+00:00,https://www.gamingonlinux.com/,,src/content/posts/2024/linux-alternatives.md
https://www.gap-system.org/,retained,reachable,HTTP GET,200,,2026-10-07T19:47:27.654464+00:00,https://www.gap-system.org/,,src/content/posts/2024/linux-alternatives.md
https://www.garmin.com/en-US/software/express,retained,reachable,HTTP GET,200,,2026-10-07T19:47:11.143735+00:00,https://WWW.garmin.com/en-US/software/express/windows/,,src/content/posts/2019/2019-02-15-garmin-express-linux.md
https://www.geany.org/,retained,reachable,HTTP GET,200,,2026-10-07T19:48:02.664214+00:00,https://www.geany.org/,,src/content/posts/2024/linux-alternatives.md
https://www.geany.org/Download/Git,retained,reachable,HTTP GET,200,,2026-10-07T19:47:44.601017+00:00,https://www.geany.org/download/git/,,src/content/posts/2024/linux-alternatives.md
https://www.genymotion.com/desktop/,retained,reachable,HTTP GET,200,,2026-10-07T19:47:26.024347+00:00,https://www.genymotion.com/product-desktop/,,src/content/posts/2024/linux-alternatives.md
https://www.geogebra.org/download,retained,reachable,HTTP GET,200,,2026-10-07T19:47:27.682789+00:00,https://www.geogebra.org/download,,src/content/posts/2024/linux-alternatives.md
https://www.get-notes.com/,retained,reachable,HTTP GET,200,,2026-10-07T19:47:39.084328+00:00,https://www.get-notes.com/,,src/content/posts/2024/linux-alternatives.md
https://www.getmiro.com/,removed-or-replaced,http-error,HTTP GET,521,521,2026-10-07T19:47:47.439146+00:00,https://www.getmiro.com/,Firecrawl retry: 521,src/content/posts/2024/linux-alternatives.md
https://www.gimp.org/downloads/,retained,reachable,HTTP GET,200,,2026-10-07T19:47:35.131704+00:00,https://www.gimp.org/downloads/,,src/content/posts/2024/linux-alternatives.md
https://www.gistoapp.com/,retained,reachable,HTTP GET,200,,2026-10-07T19:47:24.786114+00:00,https://www.gistoapp.com/,,src/content/posts/2024/linux-alternatives.md
https://www.gitkraken.com/,retained,reachable,HTTP GET,200,,2026-10-07T19:47:24.935789+00:00,https://gitkraken.com/,,src/content/posts/2024/linux-alternatives.md
https://www.giuspen.com/cherrytree/,retained,reachable,HTTP GET,200,,2026-10-07T19:47:38.883141+00:00,https://www.giuspen.com/cherrytree/,,src/content/posts/2024/linux-alternatives.md
https://www.gnome-look.org/,retained,reachable,HTTP GET,200,,2026-10-07T19:48:11.698659+00:00,https://www.gnome-look.org/,Firecrawl retry: unable to retrieve,src/content/posts/2024/linux-alternatives.md
https://www.gnome-look.org/p/1009236/,retained,reachable,HTTP GET,200,,2026-10-07T19:48:09.036833+00:00,https://www.gnome-look.org/p/1009236/,Firecrawl retry: unable to retrieve,src/content/posts/2021/bootloader-themes.md
https://www.gnome-look.org/p/1148692/,retained,reachable,HTTP GET,200,,2026-10-07T19:47:13.073991+00:00,https://www.gnome-look.org/p/1148692/,Firecrawl retry: unable to retrieve,src/content/posts/2020/linux-macos.md
https://www.gnome-look.org/p/1230882/,retained,reachable,HTTP GET,200,,2026-10-07T19:48:07.302232+00:00,https://www.gnome-look.org/p/1230882/,Firecrawl retry: unable to retrieve,src/content/posts/2021/bootloader-themes.md
https://www.gnome-look.org/p/1251112/,retained,reachable,HTTP GET,200,,2026-10-07T19:48:10.245098+00:00,https://www.gnome-look.org/p/1251112/,Firecrawl retry: unable to retrieve,src/content/posts/2021/bootloader-themes.md
https://www.gnome-look.org/p/1420727/,retained,reachable,HTTP GET,200,,2026-10-07T19:47:57.341370+00:00,https://www.gnome-look.org/p/1420727/,Firecrawl retry: unable to retrieve,src/content/posts/2021/bootloader-themes.md
https://www.gnome-look.org/p/1429443/,retained,unverified-challenge-or-login,HTTP GET,200,200,2026-10-07T19:48:04.606308+00:00,https://www.gnome-look.org/p/1429443/,Firecrawl also returned a challenge or login page,src/content/posts/2021/bootloader-themes.md
https://www.gnome.org/,retained,reachable,HTTP GET,200,,2026-10-07T19:47:49.510464+00:00,https://www.gnome.org/,,src/content/posts/2024/linux-alternatives.md
https://www.gnu.org/software/emacs/,retained,reachable,HTTP GET,200,,2026-10-07T19:48:09.702802+00:00,https://www.gnu.org/software/emacs/,,src/content/posts/2024/linux-alternatives.md
https://www.gnu.org/software/gnuzilla/,retained,reachable,HTTP GET,200,,2026-10-07T19:48:08.320673+00:00,https://www.gnu.org/software/gnuzilla/,,src/content/posts/2024/linux-alternatives.md
https://www.gnu.org/software/gtypist/index.html,retained,reachable,HTTP GET,200,,2026-10-07T19:48:05.943645+00:00,https://www.gnu.org/savannah-checkouts/gnu/gtypist/gtypist.html,,src/content/posts/2024/linux-alternatives.md
https://www.gnu.org/software/wdiff/,retained,reachable,HTTP GET,200,,2026-10-07T19:48:00.936384+00:00,https://www.gnu.org/software/wdiff/,,src/content/posts/2024/linux-alternatives.md
https://www.gnu.org/software/wdiff/devguide,retained,reachable,HTTP GET,200,,2026-10-07T19:47:26.631360+00:00,https://www.gnu.org/software/wdiff/devguide,,src/content/posts/2024/linux-alternatives.md
https://www.gnucash.org/,retained,reachable,HTTP GET,200,,2026-10-07T19:47:37.593479+00:00,https://www.gnucash.org/,,src/content/posts/2024/linux-alternatives.md
https://www.gnupg.org/,retained,reachable,HTTP GET,200,,2026-10-07T19:47:41.866919+00:00,https://www.gnupg.org/,,src/content/posts/2024/linux-alternatives.md
https://www.google.com/chrome/browser/desktop/index.html,retained,reachable,HTTP GET,200,,2026-10-07T19:48:01.179224+00:00,https://www.google.com/chrome/,,src/content/posts/2024/linux-alternatives.md
https://www.google.com/earth/about/versions/,retained,reachable,HTTP GET,200,,2026-10-07T19:47:27.858873+00:00,https://www.google.com/earth/about/versions/,,src/content/posts/2024/linux-alternatives.md
https://www.gopass.pw/,retained,reachable,HTTP GET,200,,2026-10-07T19:47:40.920366+00:00,https://www.gopass.pw/,,src/content/posts/2024/linux-alternatives.md
https://www.gpick.org/,retained,reachable,HTTP GET,200,,2026-10-07T19:47:38.649359+00:00,https://www.gpick.org/,,src/content/posts/2024/linux-alternatives.md
https://www.grc.com/dns/benchmark.htm,retained,reachable,HTTP GET,200,,2026-10-07T19:47:10.402921+00:00,https://www.grc.com/dns/benchmark.htm,,src/content/posts/2017/2017-03-09-benchmark-dns-server.md
https://www.grc.com/shieldsup,retained,reachable,HTTP GET,200,,2026-10-07T19:47:55.335107+00:00,https://www.grc.com/shieldsup,,src/content/posts/2026/check-network-security.md
https://www.guilded.gg/,retained,reachable,HTTP GET,200,,2026-10-07T19:47:21.842140+00:00,https://www.guilded.gg/,,src/content/posts/2024/linux-alternatives.md
https://www.hedgewars.org/,retained,reachable,HTTP GET,200,,2026-10-07T19:47:32.003865+00:00,https://www.hedgewars.org/,,src/content/posts/2024/linux-alternatives.md
https://www.hiri.com/,retained,reachable,HTTP GET,200,,2026-10-07T19:47:28.870589+00:00,https://www.hiri.com/,,src/content/posts/2024/linux-alternatives.md
https://www.howtogeek.com/category/linux/,introduced,reachable,HTTP GET,200,,2026-10-07T19:54:45.020622+00:00,https://www.howtogeek.com/category/linux/,,src/content/posts/2024/linux-alternatives.md
https://www.howtogeek.com/t/linux/,removed-or-replaced,missing,HTTP GET,404,,2026-10-07T19:47:51.575662+00:00,https://www.howtogeek.com/t/linux/,,src/content/posts/2024/linux-alternatives.md
https://www.huntress.com/,retained,reachable,HTTP GET,200,,2026-10-07T19:47:18.398198+00:00,https://www.huntress.com/,,src/content/posts/2024/crowdstrike-alternatives.md
https://www.iis.net/downloads/microsoft/url-rewrite,retained,reachable,HTTP GET,200,,2026-10-07T19:47:10.402336+00:00,https://www.iis.net/downloads/microsoft/url-rewrite,,src/content/posts/2016/2016-09-18-windows-10-iis-rewrite-error.md
https://www.imagemagick.org/script/index.php,removed-or-replaced,missing,HTTP GET,404,,2026-10-07T19:47:35.275355+00:00,https://imagemagick.org/script/index.php,,src/content/posts/2024/linux-alternatives.md
https://www.indiegogo.com/projects/pro1-x-smartphone-functionality-choice-control,retained,reachable,Firecrawl scrape,403,200,2026-10-07T19:55:33.465Z,https://www.indiegogo.com/en/projects/fxtechnology/pro1-x-smartphone-functionality-choice-control,,src/content/posts/2020/2020-buyers-guide.md
https://www.intel.com/content/www/us/en/developer/tools/oneapi/vtune-profiler.html,retained,reachable,HTTP GET,200,,2026-10-07T19:47:26.030313+00:00,https://www.intel.com/content/www/us/en/developer/tools/oneapi/vtune-profiler.html,,src/content/posts/2024/linux-alternatives.md
https://www.itechtics.com/enable-gpedit-windows-10-home/,retained,reachable,HTTP GET,200,,2026-10-07T19:47:55.088050+00:00,https://www.itechtics.com/enable-gpedit-windows-10-home/,,src/content/posts/old/ideas.md
https://www.ivpn.net/,retained,reachable,HTTP GET,200,,2026-10-07T19:47:47.861799+00:00,https://www.ivpn.net/,,src/content/posts/2024/linux-alternatives.md
https://www.jdoqocy.com/click-100287975-15083621,retained,reachable,HTTP GET,200,,2026-10-07T19:47:14.917818+00:00,https://www.eset.com/us/home-store/,,src/content/posts/2022/antivirus-worthless.md
https://www.jetbrains.com/clion/,retained,reachable,HTTP GET,200,,2026-10-07T19:47:23.365652+00:00,https://www.jetbrains.com/clion/,,src/content/posts/2024/linux-alternatives.md
https://www.jetbrains.com/datagrip/,retained,reachable,HTTP GET,200,,2026-10-07T19:48:00.225331+00:00,https://www.jetbrains.com/datagrip/,,src/content/posts/2024/linux-alternatives.md
https://www.jetbrains.com/fleet,retained,reachable,HTTP GET,200,,2026-10-07T19:48:14.694233+00:00,https://www.jetbrains.com/fleet/,,src/content/posts/2024/linux-alternatives.md
https://www.jetbrains.com/go/,retained,reachable,HTTP GET,200,,2026-10-07T19:48:05.798804+00:00,https://www.jetbrains.com/go/,,src/content/posts/2024/linux-alternatives.md
https://www.jetbrains.com/idea/,retained,reachable,HTTP GET,200,,2026-10-07T19:48:08.206485+00:00,https://www.jetbrains.com/idea/,,src/content/posts/2024/linux-alternatives.md
https://www.jetbrains.com/phpstorm/,retained,reachable,HTTP GET,200,,2026-10-07T19:48:10.863070+00:00,https://www.jetbrains.com/phpstorm/,,src/content/posts/2024/linux-alternatives.md
https://www.jetbrains.com/pycharm/,retained,reachable,HTTP GET,200,,2026-10-07T19:48:12.229978+00:00,https://www.jetbrains.com/pycharm/,,src/content/posts/2024/linux-alternatives.md
https://www.jetbrains.com/ruby/,retained,reachable,HTTP GET,200,,2026-10-07T19:48:13.457860+00:00,https://www.jetbrains.com/ruby/,,src/content/posts/2024/linux-alternatives.md
https://www.jetbrains.com/webstorm/,retained,reachable,HTTP GET,200,,2026-10-07T19:48:09.654020+00:00,https://www.jetbrains.com/webstorm/,,src/content/posts/2024/linux-alternatives.md
https://www.kde.org/plasma-desktop,retained,reachable,HTTP GET,200,,2026-10-07T19:47:49.592630+00:00,https://kde.org/plasma-desktop/,,src/content/posts/2024/linux-alternatives.md
https://www.kdevelop.org/,retained,reachable,HTTP GET,200,,2026-10-07T19:47:25.464470+00:00,https://kdevelop.org/,,src/content/posts/2024/linux-alternatives.md
https://www.keepass.info/,retained,reachable,HTTP GET,200,,2026-10-07T19:47:40.953802+00:00,https://keepass.info/,,src/content/posts/2024/linux-alternatives.md
https://www.keepersecurity.com/download.html,retained,reachable,HTTP GET,200,,2026-10-07T19:47:41.071560+00:00,https://www.keepersecurity.com/download/,,src/content/posts/2024/linux-alternatives.md
https://www.kicad.org/,retained,reachable,HTTP GET,200,,2026-10-07T19:47:27.545530+00:00,https://www.kicad.org/,,src/content/posts/2024/linux-alternatives.md
https://www.kickstarter.com/projects/elecrow/crowpi2-steam-education-platformand-raspberry-pi-laptop,retained,reachable,Firecrawl scrape,403,200,2026-10-07T19:55:41.555Z,https://www.kickstarter.com/projects/elecrow/crowpi2-steam-education-platformand-raspberry-pi-laptop,,src/content/posts/2020/raspberry-pi-laptop.md
https://www.kornelix.net/fotocx/fotocx.html,retained,reachable,HTTP GET,200,,2026-10-07T19:48:01.689692+00:00,https://www.kornelix.net/fotocx/fotocx.html,,src/content/posts/2024/linux-alternatives.md
https://www.kvirc.net/,retained,reachable,HTTP GET,200,,2026-10-07T19:47:21.690663+00:00,https://www.kvirc.net/,,src/content/posts/2024/linux-alternatives.md
https://www.libreoffice.org/,retained,reachable,HTTP GET,200,,2026-10-07T19:48:02.019966+00:00,https://www.libreoffice.org/,,src/content/posts/2024/linux-alternatives.md
https://www.libreoffice.org/about-us/source-code/,retained,reachable,Firecrawl scrape,200,200,2026-10-07T20:21:01.973Z,https://wiki.documentfoundation.org/Special:MyLanguage/Development,,src/content/posts/2024/linux-alternatives.md
https://www.linkedin.com/shareArticle?mini=true&url={{,retained,example-or-local,HTTP GET,,,2026-10-07T19:47:12.796017+00:00,https://www.linkedin.com/shareArticle,,src/content/posts/2020/hugo-guide.md
https://www.linux-kvm.org/page/Main_Page,retained,reachable,HTTP GET,200,,2026-10-07T19:47:40.473645+00:00,https://www.linux-kvm.org/page/Main_Page,,src/content/posts/2024/linux-alternatives.md
https://www.linux.com/,retained,reachable,HTTP GET,200,,2026-10-07T19:47:51.725258+00:00,https://www.linux.com/,,src/content/posts/2024/linux-alternatives.md
https://www.linuxlinks.com/,retained,reachable,HTTP GET,200,,2026-10-07T19:47:51.716925+00:00,https://www.linuxlinks.com/,,src/content/posts/2024/linux-alternatives.md
https://www.linuxmint.com/download.php,retained,reachable,HTTP GET,200,,2026-10-07T19:47:15.718773+00:00,https://www.linuxmint.com/download.php,,src/content/posts/2022/linux-for-beginners.md
https://www.linuxquestions.org/questions/,retained,reachable,Firecrawl scrape,403,200,2026-10-07T19:55:24.498Z,https://www.linuxquestions.org/questions/,,src/content/posts/2019/2019-10-09-learn-linux.md
https://www.linuxuprising.com/,retained,reachable,HTTP GET,200,,2026-10-07T19:47:11.928856+00:00,https://www.linuxuprising.com/,,src/content/posts/2019/2019-10-09-learn-linux.md
https://www.lunarvim.org/,retained,reachable,HTTP GET,200,,2026-10-07T19:47:45.020145+00:00,https://www.lunarvim.org/,,src/content/posts/2024/linux-alternatives.md
https://www.lwks.com/,retained,reachable,HTTP GET,200,,2026-10-07T19:47:36.521019+00:00,https://lwks.com/,,src/content/posts/2024/linux-alternatives.md
https://www.lxde.org/,introduced,reachable,Firecrawl scrape,,200,2026-10-07T20:16:52.377Z,https://www.lxde.org/,,src/content/posts/2024/linux-alternatives.md
https://www.lyx.org/,retained,reachable,HTTP GET,200,,2026-10-07T19:48:02.036889+00:00,https://www.lyx.org/,,src/content/posts/2024/linux-alternatives.md
https://www.lyx.org/trac/browser,retained,blocked,HTTP GET,403,,2026-10-07T19:47:37.782931+00:00,https://www.lyx.org/trac/browser,Firecrawl retry: unable to retrieve,src/content/posts/2024/linux-alternatives.md
https://www.maartenbaert.be/simplescreenrecorder/,retained,reachable,HTTP GET,200,,2026-10-07T19:47:36.207950+00:00,https://www.maartenbaert.be/simplescreenrecorder/,,src/content/posts/2024/linux-alternatives.md
https://www.makeuseof.com/service/linux/,retained,reachable,HTTP GET,200,,2026-10-07T19:47:51.831373+00:00,https://www.makeuseof.com/category/linux/,,src/content/posts/2024/linux-alternatives.md
https://www.maplesoft.com/products/maple/,retained,reachable,HTTP GET,200,,2026-10-07T19:47:27.968034+00:00,https://www.maplesoft.com/products/maple/,,src/content/posts/2024/linux-alternatives.md
https://www.maptiler.com/,retained,reachable,HTTP GET,200,,2026-10-07T19:47:28.095023+00:00,https://www.maptiler.com/,,src/content/posts/2024/linux-alternatives.md
https://www.mathworks.com/products/matlab/,retained,reachable,Firecrawl scrape,403,200,2026-10-07T20:21:38.572Z,https://www.mathworks.com/products/matlab.html,,src/content/posts/2024/linux-alternatives.md
https://www.mendeley.com/,retained,reachable,HTTP GET,200,,2026-10-07T19:47:28.226727+00:00,https://www.mendeley.com/,,src/content/posts/2024/linux-alternatives.md
https://www.mewho.com/starfield47/,retained,reachable,HTTP GET,200,,2026-10-07T19:47:59.068818+00:00,https://www.mewho.com/starfield47/,,src/content/posts/2022/starfield-screensaver.md
https://www.mewho.com/system47/,retained,reachable,HTTP GET,200,,2026-10-07T19:47:16.457875+00:00,https://www.mewho.com/system47/,,src/content/posts/2022/starfield-screensaver.md
https://www.microsoft.com/en-us/download/details.aspx?id=45520,retained,reachable,HTTP GET,200,,2026-10-07T19:47:10.658526+00:00,https://www.microsoft.com/en-us/download/details.aspx,,src/content/posts/2018/2018-09-28-configuring-windows-server-2016-core.md
https://www.microsoft.com/en-us/edge,retained,reachable,HTTP GET,200,,2026-10-07T19:48:22.805959+00:00,https://explore.microsoft.com/en-us/edge/,,src/content/posts/2024/linux-alternatives.md
https://www.microsoft.com/en-us/software-download/windows10,retained,reachable,HTTP GET,200,,2026-10-07T19:48:18.579920+00:00,https://www.microsoft.com/en-us/software-download/windows10,,src/content/posts/2021/Ultimate-Windows-10-Install.md;src/content/posts/2022/ntlite-guide.md;src/content/posts/old/2015-07-25-sfc-scannow-error.md
https://www.microsoft.com/en-us/software-download/windows10ISO,retained,reachable,HTTP GET,200,,2026-10-07T19:48:19.248871+00:00,https://www.microsoft.com/en-us/software-download/windows10ISO,,src/content/posts/2022/fix-corrupt-windows-install.md
https://www.microsoft.com/en-us/software-download/windows11,retained,reachable,HTTP GET,200,,2026-10-07T19:48:21.685833+00:00,https://www.microsoft.com/en-us/software-download/windows11,,src/content/posts/2022/windows-tool.md
https://www.microsoft.com/software-download/windows11,retained,reachable,HTTP GET,200,,2026-10-07T19:48:22.301725+00:00,https://www.microsoft.com/en-us/software-download/windows11,,src/content/posts/2023/recovering-deleted-windows-boot-partition.md;src/content/posts/2023/windows-11-perfect-install.md
https://www.microsoft.com/store/apps/9MSVKQC78PK6,retained,reachable,Firecrawl scrape,403,200,2026-10-07T20:08:50.724Z,https://apps.microsoft.com/detail/9msvkqc78pk6,,src/content/posts/2020/wsl2.md
https://www.microsoft.com/store/apps/9MZ3D1TRP8T1,retained,reachable,Firecrawl scrape,403,200,2026-10-07T20:08:50.724Z,https://apps.microsoft.com/detail/9mz3d1trp8t1,,src/content/posts/2020/wsl2.md
https://www.microsoft.com/store/apps/9N8LP0X93VCP,retained,reachable,Firecrawl scrape,403,200,2026-10-07T20:08:50.724Z,https://apps.microsoft.com/detail/9n8lp0x93vcp,,src/content/posts/2020/wsl2.md
https://www.microsoft.com/store/apps/9N9TNGVNDL3Q,retained,reachable,HTTP GET,200,,2026-10-07T19:48:06.806819+00:00,https://apps.microsoft.com/detail/9n9tngvndl3q,,src/content/posts/2020/wsl2.md
https://www.microsoft.com/store/apps/9NJFZK00FGKV,retained,reachable,HTTP GET,200,,2026-10-07T19:48:09.861854+00:00,https://apps.microsoft.com/detail/9njfzk00fgkv,,src/content/posts/2020/wsl2.md
https://www.microsoft.com/store/apps/9NV1GV1PXZ6P,retained,reachable,Firecrawl scrape,403,200,2026-10-07T20:09:12.918Z,https://apps.microsoft.com/detail/9nv1gv1pxz6p,,src/content/posts/2020/wsl2.md
https://www.microsoft.com/store/apps/9PKR34TNCV07,retained,reachable,Firecrawl scrape,403,200,2026-10-07T20:09:12.919Z,https://apps.microsoft.com/detail/9pkr34tncv07,,src/content/posts/2020/wsl2.md
https://www.microsoft.com/store/apps/9PN498VPMF3Z,retained,reachable,Firecrawl scrape,403,200,2026-10-07T20:09:12.919Z,https://apps.microsoft.com/detail/9pn498vpmf3z,,src/content/posts/2020/wsl2.md
https://www.microsoft.com/store/apps/9PPKNR9RK26R?ocid=badge,retained,reachable,HTTP GET,200,,2026-10-07T19:47:55.963511+00:00,https://apps.microsoft.com/detail/9ppknr9rk26r,,src/content/posts/2018/2018-10-17-change-cortana-search.md
https://www.microsoft.com/store/apps/9n6gdm4k2hnc,retained,reachable,Firecrawl scrape,403,200,2026-10-07T20:09:31.813Z,https://apps.microsoft.com/detail/9n6gdm4k2hnc,,src/content/posts/2020/wsl2.md
https://www.microsoft.com/store/apps/9n6svws3rx71,retained,reachable,HTTP GET,200,,2026-10-07T19:48:08.712377+00:00,https://apps.microsoft.com/detail/9n6svws3rx71,,src/content/posts/2020/wsl2.md
https://www.microsoft.com/store/apps/9p804crf0395,retained,reachable,Firecrawl scrape,403,200,2026-10-07T20:09:31.813Z,https://apps.microsoft.com/detail/9p804crf0395,,src/content/posts/2020/wsl2.md
https://www.microsoft.com/store/apps/9pjn388hp8c9,retained,reachable,HTTP GET,200,,2026-10-07T19:48:03.685401+00:00,https://apps.microsoft.com/detail/9pjn388hp8c9,,src/content/posts/2020/wsl2.md
https://www.microsoft.com/store/productId/9MSPC6MP8FM4,retained,reachable,Firecrawl scrape,403,200,2026-10-07T20:09:31.813Z,https://apps.microsoft.com/detail/9mspc6mp8fm4,,src/content/posts/2022/installing-appx-without-msstore.md
https://www.microsoft.com/store/productId/9WZDNCRFJBB1,retained,reachable,Firecrawl scrape,403,200,2026-10-07T20:09:56.022Z,https://apps.microsoft.com/detail/9wzdncrfjbb1,,src/content/posts/2022/installing-appx-without-msstore.md
https://www.microsoft.com/store/productId/9nblggh5r558,retained,reachable,Firecrawl scrape,403,200,2026-10-07T20:09:56.022Z,https://apps.microsoft.com/detail/9nblggh5r558,,src/content/posts/2022/installing-appx-without-msstore.md
https://www.midnight-commander.org/,retained,reachable,HTTP GET,200,,2026-10-07T19:47:29.348946+00:00,https://midnight-commander.org/,,src/content/posts/2024/linux-alternatives.md
https://www.mindforger.com/,retained,reachable,HTTP GET,200,,2026-10-07T19:47:38.996158+00:00,https://www.mindforger.com/,,src/content/posts/2024/linux-alternatives.md
https://www.mixxx.org/download/,retained,reachable,HTTP GET,200,,2026-10-07T19:47:19.060430+00:00,https://mixxx.org/download/,,src/content/posts/2024/linux-alternatives.md
https://www.mongodb.com/,retained,reachable,HTTP GET,200,,2026-10-07T19:47:23.689101+00:00,https://www.mongodb.com/,,src/content/posts/2024/linux-alternatives.md
https://www.monitortests.com/forum/Thread-Custom-Resolution-Utility-CRU,retained,reachable,HTTP GET,200,,2026-10-07T19:47:18.619557+00:00,https://www.monitortests.com/forum/Thread-Custom-Resolution-Utility-CRU,,src/content/posts/2024/home-theater-pc.md
https://www.monodevelop.com/,retained,reachable,HTTP GET,200,,2026-10-07T19:48:00.631982+00:00,https://www.monodevelop.com/,,src/content/posts/2024/linux-alternatives.md
https://www.monodevelop.com/developers/,retained,reachable,HTTP GET,200,,2026-10-07T19:47:25.521827+00:00,https://www.monodevelop.com/developers/,,src/content/posts/2024/linux-alternatives.md
https://www.mopidy.com/,retained,reachable,HTTP GET,200,,2026-10-07T19:47:19.925799+00:00,https://mopidy.com/,,src/content/posts/2024/linux-alternatives.md
https://www.mozilla.org/en-US/firefox/new/,retained,reachable,HTTP GET,200,,2026-10-07T19:47:36.825192+00:00,https://www.firefox.com/en-US/,,src/content/posts/2024/linux-alternatives.md
https://www.mozilla.org/en-US/products/vpn/,retained,reachable,HTTP GET,200,,2026-10-07T19:48:01.877653+00:00,https://www.mozilla.org/en-US/products/vpn/,,src/content/posts/2024/linux-alternatives.md
https://www.mpv.io/,retained,reachable,HTTP GET,200,,2026-10-07T19:47:47.472608+00:00,https://mpv.io/,,src/content/posts/2024/linux-alternatives.md
https://www.mudlet.org/,retained,reachable,HTTP GET,200,,2026-10-07T19:47:30.474942+00:00,https://www.mudlet.org/,,src/content/posts/2024/linux-alternatives.md
https://www.mycli.net/,retained,reachable,HTTP GET,200,,2026-10-07T19:47:23.701348+00:00,https://www.mycli.net/,,src/content/posts/2024/linux-alternatives.md
https://www.mysql.com/products/workbench/,retained,reachable,HTTP GET,200,,2026-10-07T19:47:23.807401+00:00,https://www.mysql.com/products/workbench/,,src/content/posts/2024/linux-alternatives.md
https://www.nano-editor.org/,retained,reachable,HTTP GET,200,,2026-10-07T19:47:45.243043+00:00,https://www.nano-editor.org/,,src/content/posts/2024/linux-alternatives.md
https://www.nerdfonts.com/,retained,reachable,HTTP GET,200,,2026-10-07T19:47:16.261165+00:00,https://www.nerdfonts.com/,,src/content/posts/2022/pretty-powershell.md
https://www.netdata.cloud/,retained,reachable,HTTP GET,200,,2026-10-07T19:47:45.673674+00:00,https://www.netdata.cloud/,,src/content/posts/2024/linux-alternatives.md
https://www.nethack.org/,retained,reachable,HTTP GET,200,,2026-10-07T19:47:31.430705+00:00,https://www.nethack.org/,,src/content/posts/2024/linux-alternatives.md
https://www.newsbytesapp.com/news/science/defective-mcafee-once-caused-worldwide-meltdown-of-windows-xp-pcs/story,retained,reachable,Firecrawl scrape,403,200,2026-10-07T19:59:48.303Z,https://www.newsbytesapp.com/news/science/defective-mcafee-once-caused-worldwide-meltdown-of-windows-xp-pcs/story,,src/content/posts/2024/crowdstrike-alternatives.md
https://www.nirsoft.net/utils/nircmd-x64.zip,retained,reachable,HTTP GET,200,,2026-10-07T19:47:59.267395+00:00,https://www.nirsoft.net/utils/nircmd-x64.zip,,src/content/posts/2023/theming-windows-with-rainmeter.md
https://www.nirsoft.net/utils/nircmd.html,retained,reachable,HTTP GET,200,,2026-10-07T19:47:17.953914+00:00,https://www.nirsoft.net/utils/nircmd.html,,src/content/posts/2023/theming-windows-with-rainmeter.md
https://www.nixcraft.com/,removed-or-replaced,dns-failure,HTTP GET,,,2026-10-07T19:47:51.833551+00:00,https://www.nixcraft.com/,Firecrawl retry: unable to retrieve,src/content/posts/2024/linux-alternatives.md
https://www.nongnu.org/galois/,retained,reachable,HTTP GET,200,,2026-10-07T19:47:59.995689+00:00,https://www.nongnu.org/galois/,,src/content/posts/2024/linux-alternatives.md
https://www.nongnu.org/sonata/,retained,reachable,HTTP GET,200,,2026-10-07T19:47:20.382134+00:00,https://www.nongnu.org/sonata/,,src/content/posts/2024/linux-alternatives.md
https://www.nongnu.org/synaptic/,retained,reachable,HTTP GET,200,,2026-10-07T19:48:05.705830+00:00,https://www.nongnu.org/synaptic/,,src/content/posts/2024/linux-alternatives.md
https://www.noobslab.com/,retained,reachable,HTTP GET,200,,2026-10-07T19:47:51.867651+00:00,https://www.noobslab.com/,,src/content/posts/2024/linux-alternatives.md
https://www.ntlite.com/,retained,reachable,HTTP GET,200,,2026-10-07T19:47:13.758379+00:00,https://ntlite.com/,,src/content/posts/2021/Windows-10-Optimization-Guide.md;src/content/posts/2026/winutil-in-2026.md
https://www.nushell.sh/,retained,reachable,HTTP GET,200,,2026-10-07T19:47:25.631042+00:00,https://www.nushell.sh/,,src/content/posts/2024/linux-alternatives.md
https://www.nvidia.com/en-us/drivers/unix/,retained,reachable,HTTP GET,200,,2026-10-07T19:47:14.054677+00:00,https://www.nvidia.com/en-us/drivers/unix/,,src/content/posts/2021/rocky-linux.md
https://www.o3de.org/,retained,reachable,HTTP GET,200,,2026-10-07T19:47:24.483301+00:00,https://o3de.org,,src/content/posts/2024/linux-alternatives.md
https://www.ocenaudio.com/whatis,retained,reachable,HTTP GET,200,,2026-10-07T19:47:20.216657+00:00,https://www.ocenaudio.com/whatis,,src/content/posts/2024/linux-alternatives.md
https://www.ohmygiraffe.com/,retained,reachable,HTTP GET,200,,2026-10-07T19:47:30.479097+00:00,https://www.ohmygiraffe.com/,,src/content/posts/2024/linux-alternatives.md
https://www.olivevideoeditor.org/,retained,reachable,HTTP GET,200,,2026-10-07T19:47:36.544363+00:00,https://www.olivevideoeditor.org/,,src/content/posts/2024/linux-alternatives.md
https://www.omglinux.com/,retained,reachable,HTTP GET,200,,2026-10-07T19:47:51.880942+00:00,https://www.omglinux.com/,,src/content/posts/2024/linux-alternatives.md
https://www.omgubuntu.co.uk/,retained,reachable,HTTP GET,200,,2026-10-07T19:48:02.961068+00:00,https://www.omgubuntu.co.uk/,,src/content/posts/2024/linux-alternatives.md
https://www.omgubuntu.co.uk/2016/09/plexydesk-widgets-linux-desktop-ppa,retained,reachable,HTTP GET,200,,2026-10-07T19:47:46.482051+00:00,https://www.omgubuntu.co.uk/2016/09/plexydesk-widgets-linux-desktop-ppa,,src/content/posts/2024/linux-alternatives.md
https://www.onlyoffice.com/,retained,reachable,HTTP GET,200,,2026-10-07T19:47:37.719819+00:00,https://www.onlyoffice.com/,,src/content/posts/2024/linux-alternatives.md
https://www.oo-software.com/en/shutup10,retained,reachable,HTTP GET,200,,2026-10-07T19:47:11.950533+00:00,https://www.oo-software.com/en/shutup10,,src/content/posts/2019/2019-10-14-clean-up-windows-10.md;src/content/posts/2022/windows-tool.md
https://www.openbsd.org/anoncvs.html,retained,reachable,HTTP GET,200,,2026-10-07T19:47:42.013221+00:00,https://www.openbsd.org/anoncvs.html,,src/content/posts/2024/linux-alternatives.md
https://www.opencode.net/dfn2/pling-store-development,retained,reachable,HTTP GET,200,,2026-10-07T19:47:23.261355+00:00,https://www.opencode.net/dfn2/pling-store-development,,src/content/posts/2024/linux-alternatives.md
https://www.openra.net/,retained,reachable,HTTP GET,200,,2026-10-07T19:47:30.034037+00:00,https://www.openra.net/,,src/content/posts/2024/linux-alternatives.md
https://www.openshot.org/,retained,reachable,HTTP GET,200,,2026-10-07T19:47:36.612838+00:00,https://www.openshot.org/,,src/content/posts/2024/linux-alternatives.md
https://www.opensis.com/,retained,reachable,HTTP GET,200,,2026-10-07T19:47:28.522404+00:00,https://opensis.com/,,src/content/posts/2024/linux-alternatives.md
https://www.openssh.com/,retained,reachable,HTTP GET,200,,2026-10-07T19:47:42.108638+00:00,https://www.openssh.org/,,src/content/posts/2024/linux-alternatives.md
https://www.openttd.org/,retained,reachable,HTTP GET,200,,2026-10-07T19:47:29.652765+00:00,https://www.openttd.org/,,src/content/posts/2024/linux-alternatives.md
https://www.opera.com/,retained,reachable,HTTP GET,200,,2026-10-07T19:47:36.974247+00:00,https://www.opera.com/,,src/content/posts/2024/linux-alternatives.md
https://www.oracle.com/technetwork/database/enterprise-edition/downloads/index.html,retained,reachable,Firecrawl scrape,403,200,2026-10-07T20:00:26.745Z,https://www.oracle.com/database/technologies/oracle-database-software-downloads.html,,src/content/posts/2024/linux-alternatives.md
https://www.osboxes.org/android-x86/,retained,reachable,HTTP GET,200,,2026-10-07T19:47:16.707480+00:00,https://www.osboxes.org/android-x86/,,src/content/posts/2022/switching-to-dumbphone.md
https://www.pantsbuild.org/,retained,reachable,HTTP GET,200,,2026-10-07T19:47:25.573858+00:00,https://www.pantsbuild.org/,,src/content/posts/2024/linux-alternatives.md
https://www.parlatype.xyz/,retained,reachable,HTTP GET,200,,2026-10-07T19:47:20.218086+00:00,https://www.parlatype.xyz/,,src/content/posts/2024/linux-alternatives.md
https://www.passwordstore.org/,retained,reachable,HTTP GET,200,,2026-10-07T19:47:41.348412+00:00,https://www.passwordstore.org/,,src/content/posts/2024/linux-alternatives.md
https://www.patreon.com/christitustech,retained,reachable,HTTP GET,200,,2026-10-07T19:47:12.809643+00:00,https://www.patreon.com/cw/christitustech,,src/content/posts/2020/hugo-guide.md
https://www.pdfsam.org/,retained,reachable,HTTP GET,200,,2026-10-07T19:47:27.138532+00:00,https://pdfsam.org/,,src/content/posts/2024/linux-alternatives.md
https://www.percona.com/software/database-tools/percona-monitoring-and-management,retained,reachable,HTTP GET,200,,2026-10-07T19:48:00.489761+00:00,https://www.percona.com/monitoring/,,src/content/posts/2024/linux-alternatives.md
https://www.percona.com/software/mongo-database/percona-server-for-mongodb,retained,reachable,HTTP GET,200,,2026-10-07T19:47:23.916733+00:00,https://www.percona.com/mongodb/software/,,src/content/posts/2024/linux-alternatives.md
https://www.percona.com/software/mysql-database/percona-server,retained,reachable,HTTP GET,200,,2026-10-07T19:48:05.840416+00:00,https://www.percona.com/mysql/,,src/content/posts/2024/linux-alternatives.md
https://www.percona.com/software/mysql-database/percona-xtradb-cluster,retained,reachable,HTTP GET,200,,2026-10-07T19:48:08.236047+00:00,https://www.percona.com/mysql/software/,,src/content/posts/2024/linux-alternatives.md
https://www.pgcli.com/,retained,reachable,HTTP GET,200,,2026-10-07T19:47:24.047141+00:00,https://www.pgcli.com/,,src/content/posts/2024/linux-alternatives.md
https://www.phoronix-test-suite.com/?k=downloads,retained,reachable,HTTP GET,200,,2026-10-07T19:47:53.922058+00:00,https://www.phoronix-test-suite.com/,,src/content/posts/2026/how-to-benchmark-in-linux.md
https://www.phoronix.com/,retained,reachable,HTTP GET,200,,2026-10-07T19:47:51.966253+00:00,https://www.phoronix.com/,,src/content/posts/2024/linux-alternatives.md
https://www.phoronix.com/news/Arch-Linux-AUR-400-Compromised,retained,reachable,HTTP GET,200,,2026-10-07T19:48:03.184184+00:00,https://www.phoronix.com/news/Arch-Linux-AUR-400-Compromised,,src/content/posts/2026/switch-from-arch-to-fedora.md
https://www.pine64.org/pinephone/,retained,reachable,HTTP GET,200,,2026-10-07T19:47:12.129757+00:00,https://pine64.org/pinephone/,,src/content/posts/2020/2020-buyers-guide.md
https://www.pinta-project.com/,retained,reachable,HTTP GET,200,,2026-10-07T19:48:01.559984+00:00,https://www.pinta-project.com/,,src/content/posts/2024/linux-alternatives.md
https://www.pinta-project.com/howto/contribute,retained,reachable,HTTP GET,200,,2026-10-07T19:47:34.497460+00:00,https://www.pinta-project.com/howto/contribute/,,src/content/posts/2024/linux-alternatives.md
https://www.piskelapp.com/,retained,reachable,HTTP GET,200,,2026-10-07T19:47:35.417764+00:00,https://www.piskelapp.com/,,src/content/posts/2024/linux-alternatives.md
https://www.pitivi.org/,retained,reachable,HTTP GET,200,,2026-10-07T19:47:36.618160+00:00,https://www.pitivi.org/,,src/content/posts/2024/linux-alternatives.md
https://www.playonlinux.com/,retained,reachable,HTTP GET,200,,2026-10-07T19:47:32.495442+00:00,https://www.playonlinux.com/en/,,src/content/posts/2024/linux-alternatives.md
https://www.plex.tv/,retained,reachable,HTTP GET,200,,2026-10-07T19:47:47.533570+00:00,https://watch.plex.tv/,,src/content/posts/2024/linux-alternatives.md
https://www.pling.com/,retained,reachable,HTTP GET,200,,2026-10-07T19:48:07.384871+00:00,https://www.opendesktop.org/,Firecrawl retry: unable to retrieve,src/content/posts/2024/linux-alternatives.md
https://www.pling.com/p/1399044/,retained,reachable,HTTP GET,200,,2026-10-07T19:47:57.357721+00:00,https://www.opendesktop.org/p/1399044/,Firecrawl retry: unable to retrieve,src/content/posts/2020/linux-macos.md
https://www.pling.com/p/1401527/,retained,reachable,HTTP GET,200,,2026-10-07T19:48:04.653673+00:00,https://www.opendesktop.org/p/1401527/,Firecrawl retry: unable to retrieve,src/content/posts/2020/linux-macos.md
https://www.pling.com/p/1403328/,retained,reachable,HTTP GET,200,,2026-10-07T19:47:13.148070+00:00,https://www.opendesktop.org/p/1403328/,Firecrawl retry: unable to retrieve,src/content/posts/2020/linux-macos.md
https://www.pluralsight.com/,retained,reachable,HTTP GET,200,,2026-10-07T19:47:11.932824+00:00,https://www.pluralsight.com/,,src/content/posts/2019/2019-10-09-learn-linux.md
https://www.polygon.com/windows/2018/4/25/17280178/eric-lundgren-windows-restore-disks-microsoft-prison,retained,reachable,HTTP GET,200,,2026-10-07T19:47:18.170273+00:00,https://www.polygon.com/windows/2018/4/25/17280178/eric-lundgren-windows-restore-disks-microsoft-prison/,,src/content/posts/2023/tiny11-has-problems.md
https://www.postgresql.org/download/,retained,reachable,HTTP GET,200,,2026-10-07T19:47:24.096718+00:00,https://www.postgresql.org/download/,,src/content/posts/2024/linux-alternatives.md
https://www.postman.com/,retained,reachable,HTTP GET,200,,2026-10-07T19:47:26.410619+00:00,https://www.postman.com/,,src/content/posts/2024/linux-alternatives.md
https://www.powershellgallery.com/packages/winget-install/0.0.4,retained,reachable,HTTP GET,200,,2026-10-07T19:47:15.582068+00:00,https://www.powershellgallery.com/packages/winget-install/0.0.4,,src/content/posts/2022/installing-appx-without-msstore.md
https://www.ppsspp.org/,retained,reachable,HTTP GET,200,,2026-10-07T19:47:33.889432+00:00,https://www.ppsspp.org/,,src/content/posts/2024/linux-alternatives.md
https://www.privateinternetaccess.com/,retained,reachable,HTTP GET,200,,2026-10-07T19:47:55.724412+00:00,https://www.privateinternetaccess.com/,,src/content/posts/2018/2018-09-10-setup-always-on-vpn.md;src/content/posts/2024/linux-alternatives.md
https://www.privoxy.org/,retained,reachable,HTTP GET,200,,2026-10-07T19:47:40.234882+00:00,https://www.privoxy.org/,,src/content/posts/2024/linux-alternatives.md
https://www.protondb.com/,retained,reachable,HTTP GET,200,,2026-10-07T19:47:51.997822+00:00,https://www.protondb.com/,,src/content/posts/2024/linux-alternatives.md;src/content/posts/2026/how-i-use-linux.md
https://www.purevpn.com/,retained,reachable,HTTP GET,200,,2026-10-07T19:47:48.028601+00:00,https://www.purevpn.com/,,src/content/posts/2024/linux-alternatives.md
https://www.pushbullet.com/,retained,reachable,HTTP GET,200,,2026-10-07T19:47:43.437960+00:00,https://www.pushbullet.com/,,src/content/posts/2024/linux-alternatives.md
https://www.qbittorrent.org/,retained,reachable,HTTP GET,200,,2026-10-07T19:47:43.542181+00:00,https://www.qbittorrent.org/,,src/content/posts/2024/linux-alternatives.md
https://www.qoppa.com/pdfstudio/,retained,reachable,HTTP GET,200,,2026-10-07T19:47:27.291140+00:00,https://www.qoppa.com/pdfstudio/,,src/content/posts/2024/linux-alternatives.md
https://www.qownnotes.org/,retained,reachable,HTTP GET,200,,2026-10-07T19:47:39.274002+00:00,https://www.qownnotes.org/,,src/content/posts/2024/linux-alternatives.md
https://www.qt.io/product/development-tools,retained,reachable,HTTP GET,200,,2026-10-07T19:47:23.535851+00:00,https://www.qt.io/development/tools,,src/content/posts/2024/linux-alternatives.md
https://www.qtile.org/,removed-or-replaced,tls-error,HTTP GET,,,2026-10-07T19:47:50.855171+00:00,https://www.qtile.org/,,src/content/posts/2024/linux-alternatives.md
https://www.qubes-os.org/,retained,reachable,HTTP GET,200,,2026-10-07T19:47:17.407511+00:00,https://www.qubes-os.org/,,src/content/posts/2023/creating-a-secure-system.md
https://www.qutebrowser.org/,retained,reachable,HTTP GET,200,,2026-10-07T19:47:36.978049+00:00,https://www.qutebrowser.org/,,src/content/posts/2024/linux-alternatives.md
https://www.radiance-online.org/,retained,reachable,Firecrawl scrape,,200,2026-10-07T20:21:54.497Z,https://www.radiance-online.org/,,src/content/posts/2024/linux-alternatives.md
https://www.radiance-online.org/download-install/radiance-source-code,retained,reachable,HTTP GET,200,,2026-10-07T19:47:36.006216+00:00,https://www.radiance-online.org/download-install/radiance-source-code,,src/content/posts/2024/linux-alternatives.md
https://www.rainmeter.net/,retained,reachable,HTTP GET,200,,2026-10-07T19:47:17.968254+00:00,https://www.rainmeter.net/,,src/content/posts/2023/theming-windows-with-rainmeter.md
https://www.raspberrypi.org/downloads/,retained,reachable,Firecrawl scrape,403,200,2026-10-07T20:10:20.904Z,https://www.raspberrypi.com/software/,,src/content/posts/2021/pi-website.md
https://www.ravbug.com/bsod/,retained,reachable,HTTP GET,200,,2026-10-07T19:47:16.511166+00:00,https://www.ravbug.com/bsod/,,src/content/posts/2022/starfield-screensaver.md
https://www.reaper.fm/,retained,reachable,HTTP GET,200,,2026-10-07T19:47:19.329552+00:00,https://www.reaper.fm/,,src/content/posts/2024/linux-alternatives.md
https://www.reddit.com/r/AlmaLinux/,retained,reachable,HTTP GET,200,,2026-10-07T19:48:04.248160+00:00,https://www.reddit.com/r/AlmaLinux/,,src/content/posts/2024/linux-alternatives.md
https://www.reddit.com/r/AsahiLinux/,retained,reachable,HTTP GET,200,,2026-10-07T19:48:08.988507+00:00,https://www.reddit.com/r/AsahiLinux/,,src/content/posts/2024/linux-alternatives.md
https://www.reddit.com/r/CentOS/,retained,reachable,HTTP GET,200,,2026-10-07T19:48:11.585022+00:00,https://www.reddit.com/r/CentOS/,,src/content/posts/2024/linux-alternatives.md
https://www.reddit.com/r/CinnamonDE/,retained,reachable,HTTP GET,200,,2026-10-07T19:48:12.911800+00:00,https://www.reddit.com/r/CinnamonDE/,,src/content/posts/2024/linux-alternatives.md
https://www.reddit.com/r/EndeavourOS/,retained,reachable,HTTP GET,200,,2026-10-07T19:48:17.430722+00:00,https://www.reddit.com/r/EndeavourOS/,,src/content/posts/2024/linux-alternatives.md
https://www.reddit.com/r/Fedora/,retained,reachable,HTTP GET,200,,2026-10-07T19:48:18.132665+00:00,https://www.reddit.com/r/Fedora/,,src/content/posts/2024/linux-alternatives.md
https://www.reddit.com/r/GarudaLinux/,retained,reachable,HTTP GET,200,,2026-10-07T19:48:19.380810+00:00,https://www.reddit.com/r/GarudaLinux/,,src/content/posts/2024/linux-alternatives.md
https://www.reddit.com/r/Gentoo/,retained,reachable,HTTP GET,200,,2026-10-07T19:48:19.978093+00:00,https://www.reddit.com/r/Gentoo/,,src/content/posts/2024/linux-alternatives.md
https://www.reddit.com/r/Kalilinux/,retained,reachable,HTTP GET,200,,2026-10-07T19:48:22.384234+00:00,https://www.reddit.com/r/Kalilinux/,,src/content/posts/2024/linux-alternatives.md
https://www.reddit.com/r/Kubuntu/,retained,reachable,HTTP GET,200,,2026-10-07T19:48:23.422917+00:00,https://www.reddit.com/r/Kubuntu/,,src/content/posts/2024/linux-alternatives.md
https://www.reddit.com/r/ManjaroLinux/,retained,reachable,HTTP GET,200,,2026-10-07T19:48:26.751390+00:00,https://www.reddit.com/r/ManjaroLinux/,,src/content/posts/2024/linux-alternatives.md
https://www.reddit.com/r/Nix/,retained,reachable,HTTP GET,200,,2026-10-07T19:48:27.038227+00:00,https://www.reddit.com/r/Nix/,,src/content/posts/2024/linux-alternatives.md
https://www.reddit.com/r/NixOS/,retained,reachable,HTTP GET,200,,2026-10-07T19:48:27.358588+00:00,https://www.reddit.com/r/NixOS/,,src/content/posts/2024/linux-alternatives.md
https://www.reddit.com/r/Qubes/,retained,reachable,HTTP GET,200,,2026-10-07T19:48:28.780838+00:00,https://www.reddit.com/r/Qubes/,,src/content/posts/2024/linux-alternatives.md
https://www.reddit.com/r/RockyLinux/,retained,reachable,HTTP GET,200,,2026-10-07T19:48:29.689938+00:00,https://www.reddit.com/r/RockyLinux/,,src/content/posts/2024/linux-alternatives.md
https://www.reddit.com/r/SolusProject/,retained,reachable,HTTP GET,200,,2026-10-07T19:48:30.290862+00:00,https://www.reddit.com/r/SolusProject/,,src/content/posts/2024/linux-alternatives.md
https://www.reddit.com/r/Ubuntu/,retained,reachable,HTTP GET,200,,2026-10-07T19:48:31.444978+00:00,https://www.reddit.com/r/Ubuntu/,,src/content/posts/2024/linux-alternatives.md
https://www.reddit.com/r/Whonix/,retained,reachable,HTTP GET,200,,2026-10-07T19:48:32.405080+00:00,https://www.reddit.com/r/Whonix/,,src/content/posts/2024/linux-alternatives.md
https://www.reddit.com/r/archlinux/,retained,reachable,HTTP GET,200,,2026-10-07T19:48:07.152693+00:00,https://www.reddit.com/r/archlinux/,,src/content/posts/2024/linux-alternatives.md
https://www.reddit.com/r/awesomewm/,retained,reachable,HTTP GET,200,,2026-10-07T19:48:10.145085+00:00,https://www.reddit.com/r/awesomewm/,,src/content/posts/2024/linux-alternatives.md
https://www.reddit.com/r/commandline/,retained,reachable,HTTP GET,200,,2026-10-07T19:48:14.084517+00:00,https://www.reddit.com/r/commandline/,,src/content/posts/2024/linux-alternatives.md
https://www.reddit.com/r/debian/,retained,reachable,HTTP GET,200,,2026-10-07T19:48:15.426445+00:00,https://www.reddit.com/r/debian/,,src/content/posts/2024/linux-alternatives.md
https://www.reddit.com/r/deepin/,retained,reachable,HTTP GET,200,,2026-10-07T19:48:16.053543+00:00,https://www.reddit.com/r/deepin/,,src/content/posts/2024/linux-alternatives.md
https://www.reddit.com/r/elementaryos/,retained,reachable,HTTP GET,200,,2026-10-07T19:48:16.813806+00:00,https://www.reddit.com/r/elementaryos/,,src/content/posts/2024/linux-alternatives.md
https://www.reddit.com/r/freebsd/,retained,reachable,HTTP GET,200,,2026-10-07T19:48:18.782852+00:00,https://www.reddit.com/r/freebsd/,,src/content/posts/2024/linux-alternatives.md
https://www.reddit.com/r/gnome/,retained,reachable,HTTP GET,200,,2026-10-07T19:48:20.573092+00:00,https://www.reddit.com/r/gnome/,,src/content/posts/2024/linux-alternatives.md
https://www.reddit.com/r/haikuOS/,retained,reachable,HTTP GET,200,,2026-10-07T19:48:21.214648+00:00,https://www.reddit.com/r/haikuOS/,,src/content/posts/2024/linux-alternatives.md
https://www.reddit.com/r/i3wm/,retained,reachable,HTTP GET,200,,2026-10-07T19:48:21.745965+00:00,https://www.reddit.com/r/i3wm/,,src/content/posts/2024/linux-alternatives.md
https://www.reddit.com/r/kde/,retained,reachable,HTTP GET,200,,2026-10-07T19:48:22.883055+00:00,https://www.reddit.com/r/kde/,,src/content/posts/2024/linux-alternatives.md
https://www.reddit.com/r/kernel/,retained,reachable,HTTP GET,200,,2026-10-07T19:48:25.786955+00:00,https://www.reddit.com/r/kernel/,,src/content/posts/2024/linux-alternatives.md
https://www.reddit.com/r/leagueoflinux/,retained,reachable,HTTP GET,200,,2026-10-07T19:47:56.708874+00:00,https://www.reddit.com/r/leagueoflinux/,,src/content/posts/2022/unlock-steam-deck.md
https://www.reddit.com/r/linux/,retained,reachable,HTTP GET,200,,2026-10-07T19:48:24.008347+00:00,https://www.reddit.com/r/linux/,,src/content/posts/2024/linux-alternatives.md
https://www.reddit.com/r/linux4noobs/,retained,reachable,HTTP GET,200,,2026-10-07T19:47:11.490677+00:00,https://www.reddit.com/r/linux4noobs/,,src/content/posts/2019/2019-10-09-learn-linux.md;src/content/posts/2024/linux-alternatives.md
https://www.reddit.com/r/linux_gaming/,retained,reachable,HTTP GET,200,,2026-10-07T19:48:24.954665+00:00,https://www.reddit.com/r/linux_gaming/,,src/content/posts/2024/linux-alternatives.md
https://www.reddit.com/r/linuxfromscratch/,retained,reachable,HTTP GET,200,,2026-10-07T19:48:24.448377+00:00,https://www.reddit.com/r/linuxfromscratch/,,src/content/posts/2024/linux-alternatives.md
https://www.reddit.com/r/linuxhardware/,retained,reachable,HTTP GET,200,,2026-10-07T19:48:25.373178+00:00,https://www.reddit.com/r/linuxhardware/,,src/content/posts/2024/linux-alternatives.md
https://www.reddit.com/r/linuxmint/,retained,reachable,HTTP GET,200,,2026-10-07T19:48:26.092284+00:00,https://www.reddit.com/r/linuxmint/,,src/content/posts/2024/linux-alternatives.md
https://www.reddit.com/r/linuxquestions/,retained,reachable,HTTP GET,200,,2026-10-07T19:48:26.429205+00:00,https://www.reddit.com/r/linuxquestions/,,src/content/posts/2024/linux-alternatives.md
https://www.reddit.com/r/openSUSE/,retained,reachable,HTTP GET,200,,2026-10-07T19:48:28.007867+00:00,https://www.reddit.com/r/openSUSE/,,src/content/posts/2024/linux-alternatives.md
https://www.reddit.com/r/opensource/,retained,reachable,HTTP GET,200,,2026-10-07T19:48:27.646814+00:00,https://www.reddit.com/r/opensource/,,src/content/posts/2024/linux-alternatives.md
https://www.reddit.com/r/pop_os/,retained,reachable,HTTP GET,200,,2026-10-07T19:48:28.451155+00:00,https://www.reddit.com/r/pop_os/,,src/content/posts/2024/linux-alternatives.md
https://www.reddit.com/r/redhat/,retained,reachable,HTTP GET,200,,2026-10-07T19:48:29.146576+00:00,https://www.reddit.com/r/redhat/,,src/content/posts/2024/linux-alternatives.md
https://www.reddit.com/r/slackware/,retained,reachable,HTTP GET,200,,2026-10-07T19:48:29.899755+00:00,https://www.reddit.com/r/slackware/,,src/content/posts/2024/linux-alternatives.md
https://www.reddit.com/r/swaywm/,retained,reachable,HTTP GET,200,,2026-10-07T19:48:30.673054+00:00,https://www.reddit.com/r/swaywm/,,src/content/posts/2024/linux-alternatives.md
https://www.reddit.com/r/tails/,retained,reachable,HTTP GET,200,,2026-10-07T19:48:31.138969+00:00,https://www.reddit.com/r/tails/,,src/content/posts/2024/linux-alternatives.md
https://www.reddit.com/r/unixporn/,retained,reachable,HTTP GET,200,,2026-10-07T19:48:31.687709+00:00,https://www.reddit.com/r/unixporn/,,src/content/posts/2024/linux-alternatives.md
https://www.reddit.com/r/voidlinux/,retained,reachable,HTTP GET,200,,2026-10-07T19:48:32.121142+00:00,https://www.reddit.com/r/voidlinux/,,src/content/posts/2024/linux-alternatives.md
https://www.reddit.com/r/xfce/,retained,reachable,HTTP GET,200,,2026-10-07T19:48:32.793575+00:00,https://www.reddit.com/r/xfce/,,src/content/posts/2024/linux-alternatives.md
https://www.reddit.com/r/xubuntu/,retained,reachable,HTTP GET,200,,2026-10-07T19:48:32.953245+00:00,https://www.reddit.com/r/xubuntu/,,src/content/posts/2024/linux-alternatives.md
https://www.reddit.com/r/zorinos/,retained,reachable,HTTP GET,200,,2026-10-07T19:48:33.321330+00:00,https://www.reddit.com/r/zorinos/,,src/content/posts/2024/linux-alternatives.md
https://www.retroarch.com/,retained,reachable,HTTP GET,200,,2026-10-07T19:47:33.350218+00:00,https://www.retroarch.com/,,src/content/posts/2024/linux-alternatives.md
https://www.rodsbooks.com/refind/,retained,reachable,HTTP GET,200,,2026-10-07T19:47:48.600855+00:00,https://www.rodsbooks.com/refind/,,src/content/posts/2024/linux-alternatives.md
https://www.sagemath.org/,retained,reachable,HTTP GET,200,,2026-10-07T19:47:28.525152+00:00,https://www.sagemath.org/,,src/content/posts/2024/linux-alternatives.md
https://www.screensaversplanet.com/screensavers/?free=on,retained,reachable,HTTP GET,200,,2026-10-07T19:47:16.494266+00:00,https://www.screensaversplanet.com/screensavers/,,src/content/posts/2022/starfield-screensaver.md
https://www.scribus.net/downloads/,retained,reachable,Firecrawl scrape,200,200,2026-10-07T20:21:54.497Z,https://www.scribus.net/downloads/,,src/content/posts/2024/linux-alternatives.md
https://www.scummvm.org/,retained,reachable,HTTP GET,200,,2026-10-07T19:47:32.951242+00:00,https://www.scummvm.org/,,src/content/posts/2024/linux-alternatives.md
https://www.seafile.com/en/home/,retained,reachable,HTTP GET,200,,2026-10-07T19:47:42.412207+00:00,https://www.seafile.com/en/home/,,src/content/posts/2024/linux-alternatives.md
https://www.semicomplete.com/projects/keynav/,retained,reachable,HTTP GET,200,,2026-10-07T19:47:46.227163+00:00,https://www.semicomplete.com/projects/keynav/,,src/content/posts/2024/linux-alternatives.md
https://www.sentinelone.com/,retained,reachable,HTTP GET,200,,2026-10-07T19:47:18.428056+00:00,https://www.sentinelone.com/,,src/content/posts/2024/crowdstrike-alternatives.md
https://www.shellcheck.net/,retained,reachable,HTTP GET,200,,2026-10-07T19:47:25.671719+00:00,https://www.shellcheck.net/,,src/content/posts/2024/linux-alternatives.md
https://www.shotcut.org/,retained,reachable,HTTP GET,200,,2026-10-07T19:47:36.619518+00:00,https://www.shotcut.org/,,src/content/posts/2024/linux-alternatives.md
https://www.simutrans.com/,retained,reachable,HTTP GET,200,,2026-10-07T19:47:29.666449+00:00,https://www.simutrans.com/en/,,src/content/posts/2024/linux-alternatives.md
https://www.skribisto.eu/,introduced,reachable,HTTP GET,200,,2026-10-07T20:07:31.440364+00:00,https://www.skribisto.eu/,,src/content/posts/2024/linux-alternatives.md
https://www.skype.com/en/,retained,reachable,HTTP GET,200,,2026-10-07T19:47:22.328927+00:00,https://teams.live.com/free,,src/content/posts/2024/linux-alternatives.md
https://www.smplayer.info/,retained,reachable,HTTP GET,200,,2026-10-07T19:47:47.594648+00:00,https://www.smplayer.info/,,src/content/posts/2024/linux-alternatives.md
https://www.snappy-driver-installer.org/,retained,reachable,HTTP GET,200,,2026-10-07T19:47:18.471130+00:00,https://www.snappy-driver-installer.org/,,src/content/posts/2024/drivers-in-windows.md
https://www.soimort.org/translate-shell,retained,reachable,HTTP GET,200,,2026-10-07T19:47:48.760585+00:00,https://www.soimort.org/translate-shell/,,src/content/posts/2024/linux-alternatives.md
https://www.solarus-games.org/,retained,reachable,HTTP GET,200,,2026-10-07T19:47:31.224638+00:00,https://www.solarus-games.org/,,src/content/posts/2024/linux-alternatives.md
https://www.sourcetrail.com/,retained,reachable,HTTP GET,200,,2026-10-07T19:47:26.425146+00:00,https://www.sourcetrail.com/,,src/content/posts/2024/linux-alternatives.md
https://www.sourceware.org/gdb/,retained,reachable,HTTP GET,200,,2026-10-07T19:47:41.472260+00:00,https://www.sourceware.org/gdb/,,src/content/posts/2024/linux-alternatives.md
https://www.spacemacs.org/,retained,reachable,HTTP GET,200,,2026-10-07T19:47:45.149146+00:00,https://www.spacemacs.org/,,src/content/posts/2024/linux-alternatives.md
https://www.speedcrunch.org/,retained,reachable,HTTP GET,200,,2026-10-07T19:47:38.738167+00:00,https://www.speedcrunch.org/,,src/content/posts/2024/linux-alternatives.md
https://www.spotify.com/us/,retained,reachable,HTTP GET,200,,2026-10-07T19:47:20.478121+00:00,https://open.spotify.com/,,src/content/posts/2024/linux-alternatives.md
https://www.sqlite.org/src/doc/trunk/README.md,retained,reachable,HTTP GET,200,,2026-10-07T19:47:24.101843+00:00,https://www.sqlite.org/src/doc/trunk/README.md,,src/content/posts/2024/linux-alternatives.md
https://www.stellarium.org/,retained,reachable,HTTP GET,200,,2026-10-07T19:47:28.582603+00:00,https://stellarium.org/,,src/content/posts/2024/linux-alternatives.md
https://www.strawberrymusicplayer.org/,retained,reachable,HTTP GET,200,,2026-10-07T19:47:20.540594+00:00,https://www.strawberrymusicplayer.org/,,src/content/posts/2024/linux-alternatives.md
https://www.stremio.com/,retained,reachable,HTTP GET,200,,2026-10-07T19:47:47.672120+00:00,https://www.stremio.com/,,src/content/posts/2024/linux-alternatives.md
https://www.stride3d.net/,retained,reachable,HTTP GET,200,,2026-10-07T19:47:24.543053+00:00,https://www.stride3d.net/,,src/content/posts/2024/linux-alternatives.md
https://www.sublimetext.com/,retained,reachable,HTTP GET,200,,2026-10-07T19:47:44.758921+00:00,https://www.sublimetext.com/,,src/content/posts/2024/linux-alternatives.md
https://www.supergrubdisk.org/,retained,reachable,HTTP GET,200,,2026-10-07T19:47:11.321368+00:00,https://www.supergrubdisk.org/,,src/content/posts/2019/2019-04-01-grub-rescue.md
https://www.supertux.org/,retained,reachable,HTTP GET,200,,2026-10-07T19:47:30.678047+00:00,https://www.supertux.org/,,src/content/posts/2024/linux-alternatives.md
https://www.svp-team.com/w/index.php?title=Main_Page,retained,reachable,HTTP GET,200,,2026-10-07T19:47:47.702867+00:00,https://www.svp-team.com/,,src/content/posts/2024/linux-alternatives.md
https://www.synfig.org/,retained,reachable,HTTP GET,200,,2026-10-07T19:47:34.844260+00:00,https://www.synfig.org/,,src/content/posts/2024/linux-alternatives.md
https://www.syntevo.com/smartgit/,retained,reachable,HTTP GET,200,,2026-10-07T19:47:25.086979+00:00,https://www.smartgit.dev/,,src/content/posts/2024/linux-alternatives.md
https://www.system-rescue.org/,retained,reachable,HTTP GET,200,,2026-10-07T19:47:22.931726+00:00,https://www.system-rescue.org/,,src/content/posts/2024/linux-alternatives.md
https://www.taskade.com/downloads,retained,reachable,HTTP GET,200,,2026-10-07T19:47:39.838565+00:00,https://www.taskade.com/downloads,,src/content/posts/2024/linux-alternatives.md
https://www.tcpdump.org/,retained,reachable,HTTP GET,200,,2026-10-07T19:47:40.712358+00:00,https://www.tcpdump.org/,,src/content/posts/2024/linux-alternatives.md
https://www.teamviewer.com/,retained,reachable,HTTP GET,200,,2026-10-07T19:47:43.477560+00:00,https://www.teamviewer.com/en-us/,,src/content/posts/2024/linux-alternatives.md
https://www.technologyreview.com/2022/12/19/1065306/roomba-irobot-robot-vacuums-artificial-intelligence-training-data-privacy/,retained,reachable,HTTP GET,200,,2026-10-07T19:47:53.208430+00:00,https://www.technologyreview.com/2022/12/19/1065306/roomba-irobot-robot-vacuums-artificial-intelligence-training-data-privacy/,,src/content/posts/2025/the-ai-problem.md
https://www.techpowerup.com/download/techpowerup-gpu-z/,retained,reachable,HTTP GET,200,,2026-10-07T19:47:58.320410+00:00,https://www.techpowerup.com/download/techpowerup-gpu-z/,,src/content/posts/2022/buying-cheap-ebay-graphics-card.md
https://www.techpowerup.com/vgabios/,retained,reachable,HTTP GET,200,,2026-10-07T19:47:15.092633+00:00,https://www.techpowerup.com/vgabios/,,src/content/posts/2022/buying-cheap-ebay-graphics-card.md
https://www.techradar.com/news/windows-11-22h2-bug-breaks-windows-hello-security-feature,retained,reachable,HTTP GET,200,,2026-10-07T19:47:14.697596+00:00,https://www.techradar.com/news/windows-11-22h2-bug-breaks-windows-hello-security-feature,,src/content/posts/2022/Windows-22H2-problems.md
https://www.tecmint.com/,retained,reachable,HTTP GET,200,,2026-10-07T19:47:52.181777+00:00,https://www.tecmint.com/,,src/content/posts/2024/linux-alternatives.md
https://www.termius.com/,retained,reachable,HTTP GET,200,,2026-10-07T19:47:44.139817+00:00,https://www.termius.com/,,src/content/posts/2024/linux-alternatives.md
https://www.texstudio.org/,retained,reachable,HTTP GET,200,,2026-10-07T19:47:37.910150+00:00,https://www.texstudio.org/,,src/content/posts/2024/linux-alternatives.md
https://www.theologeek.ch/manuskript/,retained,reachable,HTTP GET,200,,2026-10-07T19:47:38.106941+00:00,https://www.theologeek.ch/manuskript/,,src/content/posts/2024/linux-alternatives.md
https://www.thestack.technology/crowdstrike-bug-maxes-out-100-of-cpu-requires-windows-reboots/,retained,reachable,HTTP GET,200,,2026-10-07T19:47:18.305513+00:00,https://www.thestack.technology/crowdstrike-bug-maxes-out-100-of-cpu-requires-windows-reboots/,,src/content/posts/2024/crowdstrike-alternatives.md
https://www.thunderbird.net/en-US/,retained,reachable,HTTP GET,200,,2026-10-07T19:47:29.047621+00:00,https://www.thunderbird.net/en-US/,,src/content/posts/2024/linux-alternatives.md
https://www.tightvnc.com/,retained,reachable,HTTP GET,200,,2026-10-07T19:48:02.963778+00:00,https://www.tightvnc.com/,,src/content/posts/2024/linux-alternatives.md
https://www.tightvnc.com/download.php,retained,reachable,HTTP GET,200,,2026-10-07T19:47:46.536616+00:00,https://www.tightvnc.com/download/,,src/content/posts/2024/linux-alternatives.md
https://www.tixati.com/,retained,reachable,HTTP GET,200,,2026-10-07T19:47:43.543370+00:00,https://tixati.com/,,src/content/posts/2024/linux-alternatives.md
https://www.torproject.org/,retained,reachable,HTTP GET,200,,2026-10-07T19:47:37.034857+00:00,https://www.torproject.org/,,src/content/posts/2024/linux-alternatives.md
https://www.trelby.org/,retained,reachable,HTTP GET,200,,2026-10-07T19:47:38.178898+00:00,https://trelby.org/,,src/content/posts/2024/linux-alternatives.md
https://www.tug.org/texlive/,retained,reachable,HTTP GET,200,,2026-10-07T19:48:02.128752+00:00,https://www.tug.org/texlive/,,src/content/posts/2024/linux-alternatives.md
https://www.tug.org/texlive/build.html,retained,reachable,HTTP GET,200,,2026-10-07T19:47:37.814842+00:00,https://www.tug.org/texlive/build.html,,src/content/posts/2024/linux-alternatives.md
https://www.tug.org/texworks/,retained,reachable,HTTP GET,200,,2026-10-07T19:48:06.196643+00:00,https://www.tug.org/texworks/,,src/content/posts/2024/linux-alternatives.md
https://www.tux4kids.com/tuxtyping.html,retained,reachable,HTTP GET,200,,2026-10-07T19:47:28.602117+00:00,https://www.tux4kids.com/tuxtyping.html,,src/content/posts/2024/linux-alternatives.md
https://www.twitch.tv/christitustech,retained,reachable,HTTP GET,200,,2026-10-07T19:47:54.229962+00:00,https://www.twitch.tv/christitustech,,src/content/posts/2026/winutil-in-2026.md
https://www.ubuntu.com/download,retained,reachable,HTTP GET,200,,2026-10-07T19:47:11.077250+00:00,https://ubuntu.com/download,,src/content/posts/2018/2018-10-18-install-linux-first-time.md
https://www.ubuntugeek.com/,retained,reachable,HTTP GET,200,,2026-10-07T19:47:52.195589+00:00,https://www.ubuntugeek.com/,,src/content/posts/2024/linux-alternatives.md
https://www.ukui.org/,retained,reachable,HTTP GET,200,,2026-10-07T19:47:49.739343+00:00,https://www.ukui.org/,,src/content/posts/2024/linux-alternatives.md
https://www.unixmen.com/,retained,reachable,HTTP GET,200,,2026-10-07T19:47:52.354740+00:00,https://www.unixmen.com/,,src/content/posts/2024/linux-alternatives.md
https://www.unrealengine.com/en-US,retained,reachable,Firecrawl scrape,403,200,2026-10-07T20:00:26.745Z,https://www.unrealengine.com/,,src/content/posts/2024/linux-alternatives.md
https://www.urbanterror.info/,retained,reachable,HTTP GET,200,,2026-10-07T19:47:30.187228+00:00,https://www.urbanterror.info/home/,,src/content/posts/2024/linux-alternatives.md
https://www.vagrantup.com/,retained,reachable,HTTP GET,200,,2026-10-07T19:47:49.351559+00:00,https://developer.hashicorp.com/vagrant,,src/content/posts/2024/linux-alternatives.md
https://www.ventoy.net/en/index.html,retained,reachable,HTTP GET,200,,2026-10-07T19:47:45.469477+00:00,https://www.ventoy.net/en/index.html,,src/content/posts/2024/linux-alternatives.md
https://www.viber.com/download/,retained,reachable,HTTP GET,200,,2026-10-07T19:47:22.445831+00:00,https://www.viber.com/en/download/,,src/content/posts/2024/linux-alternatives.md
https://www.videolan.org/vlc/download-sources.html,retained,reachable,HTTP GET,200,,2026-10-07T19:47:47.789493+00:00,https://www.videolan.org/vlc/download-sources.html,,src/content/posts/2024/linux-alternatives.md
https://www.videolan.org/vlc/index.html,retained,reachable,HTTP GET,200,,2026-10-07T19:48:03.002549+00:00,https://www.videolan.org/vlc/index.html,,src/content/posts/2024/linux-alternatives.md
https://www.vim.org/,retained,reachable,HTTP GET,200,,2026-10-07T19:47:45.218058+00:00,https://www.vim.org/,,src/content/posts/2024/linux-alternatives.md
https://www.virtualbox.org/wiki/Contributor_information,retained,reachable,HTTP GET,200,,2026-10-07T19:47:40.540587+00:00,https://www.virtualbox.org/wiki/Contributor_information,,src/content/posts/2024/linux-alternatives.md
https://www.virtualbox.org/wiki/Downloads,retained,reachable,HTTP GET,200,,2026-10-07T19:48:02.537378+00:00,https://www.virtualbox.org/wiki/Downloads,,src/content/posts/2024/linux-alternatives.md
https://www.visualboyadvance-m.org/,retained,reachable,HTTP GET,200,,2026-10-07T19:47:33.841845+00:00,https://www.visualboyadvance-m.org/,,src/content/posts/2024/linux-alternatives.md
https://www.vmware.com/products/workstation-player.html,retained,reachable,HTTP GET,200,,2026-10-07T19:47:40.634988+00:00,https://www.vmware.com/products/desktop-hypervisor/workstation-and-fusion,,src/content/posts/2024/linux-alternatives.md
https://www.voidtools.com/downloads/,retained,reachable,HTTP GET,200,,2026-10-07T19:47:17.453134+00:00,https://www.voidtools.com/downloads/,,src/content/posts/2023/everything-toolbar.md
https://www.vuze.com/,retained,reachable,HTTP GET,200,,2026-10-07T19:47:43.747864+00:00,https://www.vuze.com/,,src/content/posts/2024/linux-alternatives.md
https://www.waterfox.net/,retained,reachable,HTTP GET,200,,2026-10-07T19:47:37.168791+00:00,https://www.waterfox.com/,,src/content/posts/2024/linux-alternatives.md
https://www.widelands.org/,retained,reachable,Firecrawl scrape,200,200,2026-10-07T20:22:12.923Z,https://www.widelands.org/,,src/content/posts/2024/linux-alternatives.md
https://www.willus.com/k2pdfopt,retained,reachable,HTTP GET,200,,2026-10-07T19:48:00.994633+00:00,https://www.willus.com/k2pdfopt/,,src/content/posts/2024/linux-alternatives.md
https://www.willus.com/k2pdfopt/src,retained,reachable,HTTP GET,200,,2026-10-07T19:47:26.851421+00:00,https://www.willus.com/k2pdfopt/src/,,src/content/posts/2024/linux-alternatives.md
https://www.windowsafg.com/win10x86_x64.html,removed-or-replaced,repurposed-domain,Firecrawl scrape,200,200,2026-10-07T19:50:40.188Z,https://windowsafg.com/,Original domain now serves unrelated gambling content; old hyperlink removed or replaced,src/content/posts/2021/Ultimate-Windows-10-Install.md
https://www.winehq.org/,retained,reachable,Firecrawl scrape,403,200,2026-10-07T20:22:12.923Z,https://www.winehq.org/,,src/content/posts/2024/linux-alternatives.md
https://www.wired.com/story/eternalblue-leaked-nsa-spy-tool-hacked-world/,retained,reachable,HTTP GET,200,,2026-10-07T19:47:15.646252+00:00,https://www.wired.com/story/eternalblue-leaked-nsa-spy-tool-hacked-world/,,src/content/posts/2022/is-windows-bad.md
https://www.wireguard.com/,retained,reachable,HTTP GET,200,,2026-10-07T19:48:03.062140+00:00,https://www.wireguard.com/,,src/content/posts/2024/linux-alternatives.md
https://www.wireguard.com/repositories/,retained,reachable,HTTP GET,200,,2026-10-07T19:47:48.151657+00:00,https://www.wireguard.com/repositories/,,src/content/posts/2024/linux-alternatives.md
https://www.wireshark.org/,retained,reachable,HTTP GET,200,,2026-10-07T19:47:40.792619+00:00,https://www.wireshark.org/,,src/content/posts/2024/linux-alternatives.md
https://www.wolfram.com/mathematica/,retained,reachable,HTTP GET,200,,2026-10-07T19:47:28.207317+00:00,https://www.wolfram.com/mathematica/,,src/content/posts/2024/linux-alternatives.md
https://www.workrave.org/,retained,reachable,HTTP GET,200,,2026-10-07T19:47:46.944937+00:00,https://workrave.org/,,src/content/posts/2024/linux-alternatives.md
https://www.wps.com/office/linux/,retained,reachable,HTTP GET,200,,2026-10-07T19:47:37.727200+00:00,https://www.wps.com/office/linux/,,src/content/posts/2024/linux-alternatives.md
https://www.x.org/archive/X11R7.5/doc/man/man1/xdm.1.html,retained,reachable,HTTP GET,200,,2026-10-07T19:47:50.003349+00:00,https://xorg.freedesktop.org/archive/X11R7.5/doc/man/man1/xdm.1.html,,src/content/posts/2024/linux-alternatives.md
https://www.xda-developers.com/install-adb-windows-macos-linux/,retained,reachable,HTTP GET,200,,2026-10-07T19:47:15.965101+00:00,https://www.xda-developers.com/install-adb-windows-macos-linux/,,src/content/posts/2022/making-the-perfect-phone.md
https://www.xfce.org/,retained,reachable,HTTP GET,200,,2026-10-07T19:47:49.896803+00:00,https://www.xfce.org/,,src/content/posts/2024/linux-alternatives.md
https://www.xm1math.net/texmaker/,retained,reachable,HTTP GET,200,,2026-10-07T19:48:02.294044+00:00,https://www.xm1math.net/texmaker/,,src/content/posts/2024/linux-alternatives.md
https://www.xm1math.net/texmaker/download.html,retained,reachable,HTTP GET,200,,2026-10-07T19:47:37.908854+00:00,https://www.xm1math.net/texmaker/download.html,,src/content/posts/2024/linux-alternatives.md
https://www.xonotic.org/,retained,reachable,HTTP GET,200,,2026-10-07T19:47:30.188245+00:00,https://xonotic.org/,,src/content/posts/2024/linux-alternatives.md
https://www.youtube-nocookie.com/embed/00wdDITpfXU,retained,video-confirmed,YouTube oEmbed,200,,2026-10-07T20:04:55.747641+00:00,https://www.youtube-nocookie.com/embed/00wdDITpfXU,,src/content/posts/2024/windows-24h2.md
https://www.youtube-nocookie.com/embed/01R8Ft1BdxE,retained,video-confirmed,YouTube oEmbed,200,,2026-10-07T20:04:53.646770+00:00,https://www.youtube-nocookie.com/embed/01R8Ft1BdxE,,src/content/posts/2024/the-ultimate-system.md
https://www.youtube-nocookie.com/embed/0I8HyVMKEeo,retained,video-confirmed,YouTube oEmbed,200,,2026-10-07T20:04:47.344227+00:00,https://www.youtube-nocookie.com/embed/0I8HyVMKEeo,,src/content/posts/2024/glazewm-tiling-window-management.md
https://www.youtube-nocookie.com/embed/0O9TzNvVwR0,removed-or-replaced,unavailable-video,YouTube oEmbed + player status,200,,2026-10-07T20:03:41.165432+00:00,https://www.youtube-nocookie.com/embed/0O9TzNvVwR0,This video is unavailable,src/content/posts/2018/2018-09-12-google-chrome-update-69-address-bar-and-how-to-fix-it.md
https://www.youtube-nocookie.com/embed/0phdCAFFicY,retained,video-confirmed,YouTube oEmbed,200,,2026-10-07T20:04:50.495686+00:00,https://www.youtube-nocookie.com/embed/0phdCAFFicY,,src/content/posts/2024/mybash.md
https://www.youtube-nocookie.com/embed/0q3rGK_IMZg,retained,video-confirmed,YouTube oEmbed,200,,2026-10-07T20:04:16.179824+00:00,https://www.youtube-nocookie.com/embed/0q3rGK_IMZg,,src/content/posts/2022/robocopy.md
https://www.youtube-nocookie.com/embed/0toWysEA3vs,retained,video-confirmed,YouTube oEmbed,200,,2026-10-07T20:04:58.548765+00:00,https://www.youtube-nocookie.com/embed/0toWysEA3vs,,src/content/posts/2025/the-state-of-linux-gaming.md
https://www.youtube-nocookie.com/embed/0ws1SIbAQq8,retained,video-confirmed,YouTube oEmbed,200,,2026-10-07T20:04:46.643792+00:00,https://www.youtube-nocookie.com/embed/0ws1SIbAQq8,,src/content/posts/2024/freedesktop-bans-hyprland.md
https://www.youtube-nocookie.com/embed/10f4899srvc,retained,video-confirmed,YouTube oEmbed,200,,2026-10-07T20:04:09.877258+00:00,https://www.youtube-nocookie.com/embed/10f4899srvc,,src/content/posts/2022/linux-for-beginners.md
https://www.youtube-nocookie.com/embed/1vSFR8bi0YQ,retained,video-confirmed,YouTube oEmbed,200,,2026-10-07T20:04:49.445081+00:00,https://www.youtube-nocookie.com/embed/1vSFR8bi0YQ,,src/content/posts/2024/linux-atomic-desktops.md
https://www.youtube-nocookie.com/embed/21VMQyQzRJw,retained,video-confirmed,YouTube oEmbed,,200,2026-10-07T20:04:36.488975+00:00,https://www.youtube-nocookie.com/embed/21VMQyQzRJw,,src/content/posts/2023/registry-cleaner.md
https://www.youtube-nocookie.com/embed/2R28u7o9mls,retained,video-confirmed,YouTube oEmbed,200,,2026-10-07T20:03:57.272627+00:00,https://www.youtube-nocookie.com/embed/2R28u7o9mls,,src/content/posts/2020/windows-10-scripts.md
https://www.youtube-nocookie.com/embed/2hEde5WuCSY,retained,video-confirmed,YouTube oEmbed,200,,2026-10-07T20:04:27.735733+00:00,https://www.youtube-nocookie.com/embed/2hEde5WuCSY,,src/content/posts/2023/dism-plus.md
https://www.youtube-nocookie.com/embed/2oT4qrHmDMY,retained,video-confirmed,YouTube oEmbed,200,,2026-10-07T20:04:14.779262+00:00,https://www.youtube-nocookie.com/embed/2oT4qrHmDMY,,src/content/posts/2022/pros-use-bleachbit.md
https://www.youtube-nocookie.com/embed/3UVKfliA_Rc,removed-or-replaced,unavailable-video,YouTube oEmbed + player status,200,,2026-10-07T20:04:41.041070+00:00,https://www.youtube-nocookie.com/embed/3UVKfliA_Rc,This video is unavailable,src/content/posts/2023/tiny11-has-problems.md
https://www.youtube-nocookie.com/embed/3YaG3YPGCbQ,retained,video-confirmed,YouTube oEmbed,200,,2026-10-07T20:04:24.233843+00:00,https://www.youtube-nocookie.com/embed/3YaG3YPGCbQ,,src/content/posts/2022/windows-explorer-stealing-cpu.md
https://www.youtube-nocookie.com/embed/4RxaQbb6KV4,retained,video-confirmed,YouTube oEmbed,200,,2026-10-07T20:04:57.148239+00:00,https://www.youtube-nocookie.com/embed/4RxaQbb6KV4,,src/content/posts/2025/cleaning-arch-linux.md
https://www.youtube-nocookie.com/embed/530O4InhR3A,removed-or-replaced,unavailable-video,YouTube oEmbed + player status,200,,2026-10-07T20:03:45.367402+00:00,https://www.youtube-nocookie.com/embed/530O4InhR3A,This video is unavailable,src/content/posts/2019/2019-01-21-manjaro-architect-installation-guide.md
https://www.youtube-nocookie.com/embed/59jRdtEiSpA,retained,video-confirmed,YouTube oEmbed,200,,2026-10-07T20:05:03.801364+00:00,https://www.youtube-nocookie.com/embed/59jRdtEiSpA,,src/content/posts/2026/zed-editor.md
https://www.youtube-nocookie.com/embed/5_AaHXrelTE,retained,video-confirmed,YouTube oEmbed,200,,2026-10-07T20:04:56.097837+00:00,https://www.youtube-nocookie.com/embed/5_AaHXrelTE,,src/content/posts/2024/windows-utility-improved.md
https://www.youtube-nocookie.com/embed/6JaBian3vgI,retained,video-confirmed,YouTube oEmbed,200,,2026-10-07T20:03:54.471739+00:00,https://www.youtube-nocookie.com/embed/6JaBian3vgI,,src/content/posts/2020/hugo-guide.md
https://www.youtube-nocookie.com/embed/6KqqNsnkDlQ,retained,video-confirmed,YouTube oEmbed,200,,2026-10-07T20:04:24.583941+00:00,https://www.youtube-nocookie.com/embed/6KqqNsnkDlQ,,src/content/posts/2022/windows-inside-linux.md
https://www.youtube-nocookie.com/embed/6UQZ5oQg8XA,retained,video-confirmed,YouTube oEmbed,200,,2026-10-07T20:04:42.091486+00:00,https://www.youtube-nocookie.com/embed/6UQZ5oQg8XA,,src/content/posts/2023/windows-11-perfect-install.md
https://www.youtube-nocookie.com/embed/6VbOLOuiHUI,retained,video-confirmed,YouTube oEmbed,200,,2026-10-07T20:04:11.978205+00:00,https://www.youtube-nocookie.com/embed/6VbOLOuiHUI,,src/content/posts/2022/neovim-is-better.md
https://www.youtube-nocookie.com/embed/6Xg-BRA3rgQ,retained,video-confirmed,YouTube oEmbed,200,,2026-10-07T20:04:28.436021+00:00,https://www.youtube-nocookie.com/embed/6Xg-BRA3rgQ,,src/content/posts/2023/everything-toolbar.md
https://www.youtube-nocookie.com/embed/7-UCkYlTr50,retained,video-confirmed,YouTube oEmbed,200,,2026-10-07T20:04:58.898963+00:00,https://www.youtube-nocookie.com/embed/7-UCkYlTr50,,src/content/posts/2025/why-i-use-linux.md
https://www.youtube-nocookie.com/embed/7SZBQ5bqaWU,retained,video-confirmed,YouTube oEmbed,200,,2026-10-07T20:03:45.017178+00:00,https://www.youtube-nocookie.com/embed/7SZBQ5bqaWU,,src/content/posts/2018/2018-11-09-logitech-c920-linux-driver.md
https://www.youtube-nocookie.com/embed/7VTWbFqySxg,retained,video-confirmed,YouTube oEmbed,200,,2026-10-07T20:04:59.599299+00:00,https://www.youtube-nocookie.com/embed/7VTWbFqySxg,,src/content/posts/2026/brave-origin-new-browser.md
https://www.youtube-nocookie.com/embed/7pJKBL9x6bY,retained,video-confirmed,YouTube oEmbed,200,,2026-10-07T20:03:49.919363+00:00,https://www.youtube-nocookie.com/embed/7pJKBL9x6bY,,src/content/posts/2019/2019-10-10-secure-web-server.md
https://www.youtube-nocookie.com/embed/83ZZp8wJ-UY,retained,video-confirmed,YouTube oEmbed,200,,2026-10-07T20:04:57.498411+00:00,https://www.youtube-nocookie.com/embed/83ZZp8wJ-UY,,src/content/posts/2025/jakoolit-hyprland.md
https://www.youtube-nocookie.com/embed/87MCT3Ekjlo,retained,video-confirmed,YouTube oEmbed,200,,2026-10-07T20:04:15.129357+00:00,https://www.youtube-nocookie.com/embed/87MCT3Ekjlo,,src/content/posts/2022/quickemu.md
https://www.youtube-nocookie.com/embed/8UvGMmGxlyc,removed-or-replaced,unavailable-video,YouTube oEmbed + player status,200,,2026-10-07T20:03:59.723555+00:00,https://www.youtube-nocookie.com/embed/8UvGMmGxlyc,This video is unavailable,src/content/posts/2022/2022-recap.md
https://www.youtube-nocookie.com/embed/8XueTkMTNvc,retained,video-confirmed,YouTube oEmbed,200,,2026-10-07T20:04:17.230337+00:00,https://www.youtube-nocookie.com/embed/8XueTkMTNvc,,src/content/posts/2022/speedup-linux.md
https://www.youtube-nocookie.com/embed/8oQdJjxn9EA,retained,video-confirmed,YouTube oEmbed,200,,2026-10-07T20:04:21.082197+00:00,https://www.youtube-nocookie.com/embed/8oQdJjxn9EA,,src/content/posts/2022/unlock-steam-deck.md
https://www.youtube-nocookie.com/embed/92SM8Az5QVM,retained,video-confirmed,YouTube oEmbed,200,,2026-10-07T20:04:24.934141+00:00,https://www.youtube-nocookie.com/embed/92SM8Az5QVM,,src/content/posts/2022/windows-tool.md;src/content/posts/2024/winutil-install.md
https://www.youtube-nocookie.com/embed/94VQvRpjfO8,retained,video-confirmed,YouTube oEmbed,200,,2026-10-07T20:04:06.376161+00:00,https://www.youtube-nocookie.com/embed/94VQvRpjfO8,,src/content/posts/2022/docker-guide.md
https://www.youtube-nocookie.com/embed/99fQNbuAOlg,removed-or-replaced,unavailable-video,YouTube oEmbed + player status,200,,2026-10-07T20:03:44.666925+00:00,https://www.youtube-nocookie.com/embed/99fQNbuAOlg,This video is unavailable,src/content/posts/2018/2018-10-23-install-plex-plugin-freenas.md
https://www.youtube-nocookie.com/embed/9P6r7DLS77Q,retained,video-confirmed,YouTube oEmbed,200,,2026-10-07T20:04:01.824333+00:00,https://www.youtube-nocookie.com/embed/9P6r7DLS77Q,,src/content/posts/2022/bad-windows-defender.md
https://www.youtube-nocookie.com/embed/B1iRxoyT4EA,retained,video-confirmed,YouTube oEmbed,200,,2026-10-07T20:04:09.527160+00:00,https://www.youtube-nocookie.com/embed/B1iRxoyT4EA,,src/content/posts/2022/laptop-power-management.md
https://www.youtube-nocookie.com/embed/BAyzHP1Cqb0,retained,video-confirmed,YouTube oEmbed,200,,2026-10-07T20:03:58.673219+00:00,https://www.youtube-nocookie.com/embed/BAyzHP1Cqb0,,src/content/posts/2021/bootloader-themes.md
https://www.youtube-nocookie.com/embed/Bh8HqxxI4pc,retained,video-confirmed,YouTube oEmbed,200,,2026-10-07T20:04:12.678475+00:00,https://www.youtube-nocookie.com/embed/Bh8HqxxI4pc,,src/content/posts/2022/not-safe-windows.md
https://www.youtube-nocookie.com/embed/Bzgt2HKWmHY,retained,video-confirmed,YouTube oEmbed,200,,2026-10-07T20:04:58.198641+00:00,https://www.youtube-nocookie.com/embed/Bzgt2HKWmHY,,src/content/posts/2025/the-ai-problem.md
https://www.youtube-nocookie.com/embed/CBJMl9MILbg,retained,video-confirmed,YouTube oEmbed,200,,2026-10-07T20:03:47.818461+00:00,https://www.youtube-nocookie.com/embed/CBJMl9MILbg,,src/content/posts/2019/2019-09-20-openvpn-server.md
https://www.youtube-nocookie.com/embed/CcN6dFQ-8Cs,retained,video-confirmed,YouTube oEmbed,200,,2026-10-07T20:04:48.044575+00:00,https://www.youtube-nocookie.com/embed/CcN6dFQ-8Cs,,src/content/posts/2024/home-theater-pc.md
https://www.youtube-nocookie.com/embed/Cfr4YNbKrB8,retained,video-confirmed,YouTube oEmbed,200,,2026-10-07T20:04:30.536958+00:00,https://www.youtube-nocookie.com/embed/Cfr4YNbKrB8,,src/content/posts/2023/im-sorry-netlify.md
https://www.youtube-nocookie.com/embed/CysfnD7dYwM,removed-or-replaced,unavailable-video,YouTube oEmbed + player status,200,,2026-10-07T20:03:47.118210+00:00,https://www.youtube-nocookie.com/embed/CysfnD7dYwM,This video is unavailable,src/content/posts/2019/2019-09-15-latest-version-of-gimp.md
https://www.youtube-nocookie.com/embed/DCwGENR5scE,retained,video-confirmed,YouTube oEmbed,200,,2026-10-07T20:04:30.186782+00:00,https://www.youtube-nocookie.com/embed/DCwGENR5scE,,src/content/posts/2023/hardest-game-to-play-on-steamdeck.md
https://www.youtube-nocookie.com/embed/DwHKbQFf_uQ,retained,video-confirmed,YouTube oEmbed,200,,2026-10-07T20:04:51.546081+00:00,https://www.youtube-nocookie.com/embed/DwHKbQFf_uQ,,src/content/posts/2024/sony-playstation-is-the-devil.md
https://www.youtube-nocookie.com/embed/EcKSdZ_ENeg,retained,video-confirmed,YouTube oEmbed,200,,2026-10-07T20:05:00.649759+00:00,https://www.youtube-nocookie.com/embed/EcKSdZ_ENeg,,src/content/posts/2026/how-i-use-linux.md
https://www.youtube-nocookie.com/embed/EdP1Fc-exwY,retained,video-confirmed,YouTube oEmbed,200,,2026-10-07T20:04:22.482874+00:00,https://www.youtube-nocookie.com/embed/EdP1Fc-exwY,,src/content/posts/2022/virtual-machine-formats.md
https://www.youtube-nocookie.com/embed/EgcfSgPs23A,retained,video-confirmed,YouTube oEmbed,200,,2026-10-07T20:03:53.421262+00:00,https://www.youtube-nocookie.com/embed/EgcfSgPs23A,,src/content/posts/2020/debloat-android.md;src/content/posts/2024/universal-android-debloat.md
https://www.youtube-nocookie.com/embed/F72D7uL6cZg,retained,video-confirmed,YouTube oEmbed,200,,2026-10-07T20:03:38.714262+00:00,https://www.youtube-nocookie.com/embed/F72D7uL6cZg,,src/content/posts/2018/2018-07-02-repair-windows-boot-partition.md
https://www.youtube-nocookie.com/embed/Fq3HBk6swuQ,retained,video-confirmed,YouTube oEmbed,200,,2026-10-07T20:04:38.590010+00:00,https://www.youtube-nocookie.com/embed/Fq3HBk6swuQ,,src/content/posts/2023/script-for-optimizing-images.md
https://www.youtube-nocookie.com/embed/G2-s1_OkHGA,removed-or-replaced,unavailable-video,YouTube oEmbed + player status,200,,2026-10-07T20:03:43.616493+00:00,https://www.youtube-nocookie.com/embed/G2-s1_OkHGA,This video is unavailable,src/content/posts/2018/2018-10-12-setup-freenas-11.md
https://www.youtube-nocookie.com/embed/GERBV2Bv-A4,retained,video-confirmed,YouTube oEmbed,200,,2026-10-07T20:04:07.426488+00:00,https://www.youtube-nocookie.com/embed/GERBV2Bv-A4,,src/content/posts/2022/future-internet.md
https://www.youtube-nocookie.com/embed/GUtpHFI-vjg,retained,video-confirmed,YouTube oEmbed,200,,2026-10-07T20:04:52.246296+00:00,https://www.youtube-nocookie.com/embed/GUtpHFI-vjg,,src/content/posts/2024/the-ultimate-system.md
https://www.youtube-nocookie.com/embed/HKB8RUWZIQA,retained,video-confirmed,YouTube oEmbed,200,,2026-10-07T20:04:00.423737+00:00,https://www.youtube-nocookie.com/embed/HKB8RUWZIQA,,src/content/posts/2022/5-terminal-commands.md
https://www.youtube-nocookie.com/embed/HqDXV_2doVY,retained,video-confirmed,YouTube oEmbed,200,,2026-10-07T20:04:25.984815+00:00,https://www.youtube-nocookie.com/embed/HqDXV_2doVY,,src/content/posts/2022/worst-tech-of-2022.md
https://www.youtube-nocookie.com/embed/IPhbI3LWkTg,retained,video-confirmed,YouTube oEmbed,200,,2026-10-07T20:04:37.889773+00:00,https://www.youtube-nocookie.com/embed/IPhbI3LWkTg,,src/content/posts/2023/saving-a-business-5000-a-year-in-telecom.md
https://www.youtube-nocookie.com/embed/ITI1HaFeq_g,retained,video-confirmed,YouTube oEmbed,200,,2026-10-07T20:04:00.773858+00:00,https://www.youtube-nocookie.com/embed/ITI1HaFeq_g,,src/content/posts/2022/Windows-22H2-problems.md
https://www.youtube-nocookie.com/embed/IfDUXZfDhEI,retained,video-confirmed,YouTube oEmbed,200,,2026-10-07T20:04:29.836583+00:00,https://www.youtube-nocookie.com/embed/IfDUXZfDhEI,,src/content/posts/2023/flatseal-required-flatpak-addon.md
https://www.youtube-nocookie.com/embed/IuaNw8Tpn7Q,retained,video-confirmed,YouTube oEmbed,200,,2026-10-07T20:04:25.284358+00:00,https://www.youtube-nocookie.com/embed/IuaNw8Tpn7Q,,src/content/posts/2022/windows-tool.md
https://www.youtube-nocookie.com/embed/J2QP4onqJKI,retained,video-confirmed,YouTube oEmbed,200,,2026-10-07T20:03:53.071063+00:00,https://www.youtube-nocookie.com/embed/J2QP4onqJKI,,src/content/posts/2020/btrfs-guide.md
https://www.youtube-nocookie.com/embed/J2zasJz5vuA,retained,video-confirmed,YouTube oEmbed,200,,2026-10-07T20:03:54.821790+00:00,https://www.youtube-nocookie.com/embed/J2zasJz5vuA,,src/content/posts/2020/lcars-screensaver.md
https://www.youtube-nocookie.com/embed/JF8F7uaGfV8,retained,video-confirmed,YouTube oEmbed,200,,2026-10-07T20:04:55.047335+00:00,https://www.youtube-nocookie.com/embed/JF8F7uaGfV8,,src/content/posts/2024/why-you-NEED-to-contribute-to-open-source.md
https://www.youtube-nocookie.com/embed/JQc6VXuwlWk,retained,video-confirmed,YouTube oEmbed,200,,2026-10-07T20:04:18.981105+00:00,https://www.youtube-nocookie.com/embed/JQc6VXuwlWk,,src/content/posts/2022/switching-to-dumbphone.md
https://www.youtube-nocookie.com/embed/JS0voPjdZMM,retained,video-confirmed,YouTube oEmbed,200,,2026-10-07T20:04:43.842368+00:00,https://www.youtube-nocookie.com/embed/JS0voPjdZMM,,src/content/posts/2024/3cx-version-20-update.md
https://www.youtube-nocookie.com/embed/JUEBG-_U1vc,retained,video-confirmed,YouTube oEmbed,200,,2026-10-07T20:04:40.690817+00:00,https://www.youtube-nocookie.com/embed/JUEBG-_U1vc,,src/content/posts/2023/thumbnails-in-windows.md
https://www.youtube-nocookie.com/embed/JXVle0nyA-o,retained,video-confirmed,YouTube oEmbed,200,,2026-10-07T20:04:52.596395+00:00,https://www.youtube-nocookie.com/embed/JXVle0nyA-o,,src/content/posts/2024/the-ultimate-system.md
https://www.youtube-nocookie.com/embed/JexkrpeM_WA,removed-or-replaced,unavailable-video,YouTube oEmbed + player status,200,,2026-10-07T20:03:43.966678+00:00,https://www.youtube-nocookie.com/embed/JexkrpeM_WA,This video is unavailable,src/content/posts/2018/2018-10-12-setup-freenas-11.md
https://www.youtube-nocookie.com/embed/K2gliga5Vwc,retained,video-confirmed,YouTube oEmbed,200,,2026-10-07T20:04:53.296583+00:00,https://www.youtube-nocookie.com/embed/K2gliga5Vwc,,src/content/posts/2024/the-ultimate-system.md
https://www.youtube-nocookie.com/embed/KT0m9DM8moc,retained,video-confirmed,YouTube oEmbed,200,,2026-10-07T20:04:07.776592+00:00,https://www.youtube-nocookie.com/embed/KT0m9DM8moc,,src/content/posts/2022/hate-linux-distributions.md
https://www.youtube-nocookie.com/embed/Kq849CpGd88,retained,video-confirmed,YouTube oEmbed,200,,2026-10-07T20:04:22.833156+00:00,https://www.youtube-nocookie.com/embed/Kq849CpGd88,,src/content/posts/2022/vm-setup-in-linux.md
https://www.youtube-nocookie.com/embed/L1QM4blK-54,retained,video-confirmed,YouTube oEmbed,200,,2026-10-07T20:04:43.492196+00:00,https://www.youtube-nocookie.com/embed/L1QM4blK-54,,src/content/posts/2023/youtube-telegram-scams.md
https://www.youtube-nocookie.com/embed/L7Ss-KKp010,retained,video-confirmed,YouTube oEmbed,200,,2026-10-07T20:04:15.479518+00:00,https://www.youtube-nocookie.com/embed/L7Ss-KKp010,,src/content/posts/2022/reagentc-windows-recovery-partition.md
https://www.youtube-nocookie.com/embed/Lm3gLwyjawQ,retained,video-confirmed,YouTube oEmbed,200,,2026-10-07T20:04:45.943552+00:00,https://www.youtube-nocookie.com/embed/Lm3gLwyjawQ,,src/content/posts/2024/freedesktop-bans-hyprland.md
https://www.youtube-nocookie.com/embed/LuAipOW8BNQ,retained,video-confirmed,YouTube oEmbed,200,,2026-10-07T20:04:14.078988+00:00,https://www.youtube-nocookie.com/embed/LuAipOW8BNQ,,src/content/posts/2022/pretty-powershell.md
https://www.youtube-nocookie.com/embed/M2mMQfPGZsE,retained,video-confirmed,YouTube oEmbed,200,,2026-10-07T20:04:08.476808+00:00,https://www.youtube-nocookie.com/embed/M2mMQfPGZsE,,src/content/posts/2022/install-windows-update-powershell.md
https://www.youtube-nocookie.com/embed/M7dXvFDhoaI,retained,video-confirmed,YouTube oEmbed,200,,2026-10-07T20:04:37.189332+00:00,https://www.youtube-nocookie.com/embed/M7dXvFDhoaI,,src/content/posts/2024/3cx-version-20-update.md
https://www.youtube-nocookie.com/embed/MFbXFG2xDJI,retained,video-confirmed,YouTube oEmbed,200,,2026-10-07T20:04:11.628046+00:00,https://www.youtube-nocookie.com/embed/MFbXFG2xDJI,,src/content/posts/2022/making-the-perfect-phone.md
https://www.youtube-nocookie.com/embed/MOcekLz18QU,retained,video-confirmed,YouTube oEmbed,200,,2026-10-07T20:04:44.192490+00:00,https://www.youtube-nocookie.com/embed/MOcekLz18QU,,src/content/posts/2024/bazzite-linux.md
https://www.youtube-nocookie.com/embed/MwZq2_J_lSY,retained,video-confirmed,YouTube oEmbed,200,,2026-10-07T20:05:02.400520+00:00,https://www.youtube-nocookie.com/embed/MwZq2_J_lSY,,src/content/posts/2026/system76-sucks.md
https://www.youtube-nocookie.com/embed/NYSYiiqk8SY,retained,video-confirmed,YouTube oEmbed,200,,2026-10-07T20:04:22.132698+00:00,https://www.youtube-nocookie.com/embed/NYSYiiqk8SY,,src/content/posts/2022/vim-the-ultimate-editor.md;src/content/posts/2026/neovim-the-elite-editor.md
https://www.youtube-nocookie.com/embed/Nfr0uIU2lDI,retained,video-confirmed,YouTube oEmbed,200,,2026-10-07T20:04:50.845776+00:00,https://www.youtube-nocookie.com/embed/Nfr0uIU2lDI,,src/content/posts/2024/remove-youtube-shorts.md
https://www.youtube-nocookie.com/embed/OlFR6PeJA4U,retained,video-confirmed,YouTube oEmbed,200,,2026-10-07T20:04:03.224989+00:00,https://www.youtube-nocookie.com/embed/OlFR6PeJA4U,,src/content/posts/2022/block-razer-bloatware.md
https://www.youtube-nocookie.com/embed/P6CS5_CHy8s,retained,video-confirmed,YouTube oEmbed,200,,2026-10-07T20:04:37.539574+00:00,https://www.youtube-nocookie.com/embed/P6CS5_CHy8s,,src/content/posts/2024/3cx-version-20-update.md
https://www.youtube-nocookie.com/embed/QU28LQ1CX7Q,removed-or-replaced,unavailable-video,YouTube oEmbed + player status,200,,2026-10-07T20:03:43.266307+00:00,https://www.youtube-nocookie.com/embed/QU28LQ1CX7Q,This video is unavailable,src/content/posts/2018/2018-10-11-how-to-install-xen-orchestra.md
https://www.youtube-nocookie.com/embed/QsYEvnV-P34,retained,video-confirmed,YouTube oEmbed,200,,2026-10-07T20:04:02.874800+00:00,https://www.youtube-nocookie.com/embed/QsYEvnV-P34,,src/content/posts/2022/best-package-manager.md
https://www.youtube-nocookie.com/embed/QxNsyrftJ8I,retained,video-confirmed,YouTube oEmbed,200,,2026-10-07T20:04:10.927750+00:00,https://www.youtube-nocookie.com/embed/QxNsyrftJ8I,,src/content/posts/2022/linux-security-mistakes.md
https://www.youtube-nocookie.com/embed/R5RAgqB6YxM,retained,video-confirmed,YouTube oEmbed,200,,2026-10-07T20:04:45.593643+00:00,https://www.youtube-nocookie.com/embed/R5RAgqB6YxM,,src/content/posts/2024/drivers-in-windows.md
https://www.youtube-nocookie.com/embed/R6XPff38iSc,retained,video-confirmed,YouTube oEmbed,200,,2026-10-07T20:03:57.972945+00:00,https://www.youtube-nocookie.com/embed/R6XPff38iSc,,src/content/posts/2021/Ultimate-Windows-10-Install.md;src/content/posts/2021/Windows-10-Optimization-Guide.md
https://www.youtube-nocookie.com/embed/RriP3LmuKNA,removed-or-replaced,unavailable-video,YouTube oEmbed + player status,200,,2026-10-07T20:03:40.465201+00:00,https://www.youtube-nocookie.com/embed/RriP3LmuKNA,This video is unavailable,src/content/posts/2018/2018-09-11-installing-linux-subsystem.md
https://www.youtube-nocookie.com/embed/SLfff7Kw_Xc,retained,video-confirmed,YouTube oEmbed,200,,2026-10-07T20:04:48.744817+00:00,https://www.youtube-nocookie.com/embed/SLfff7Kw_Xc,,src/content/posts/2024/improve-youtube.md
https://www.youtube-nocookie.com/embed/SXmFBWTxl-U,removed-or-replaced,unavailable-video,YouTube oEmbed + player status,200,,2026-10-07T20:04:18.630907+00:00,https://www.youtube-nocookie.com/embed/SXmFBWTxl-U,This video is unavailable,src/content/posts/2022/switching-to-dumbphone.md
https://www.youtube-nocookie.com/embed/Sh1kZD7EVj0,retained,video-confirmed,YouTube oEmbed,200,,2026-10-07T20:04:09.176957+00:00,https://www.youtube-nocookie.com/embed/Sh1kZD7EVj0,,src/content/posts/2022/is-windows-bad.md
https://www.youtube-nocookie.com/embed/T0nywDkf1IE,retained,video-confirmed,YouTube oEmbed,200,,2026-10-07T20:03:39.064493+00:00,https://www.youtube-nocookie.com/embed/T0nywDkf1IE,,src/content/posts/2018/2018-09-07-virtualization-introduction.md
https://www.youtube-nocookie.com/embed/Tfd7BXCo9Xk,retained,video-confirmed,YouTube oEmbed,200,,2026-10-07T20:03:56.922536+00:00,https://www.youtube-nocookie.com/embed/Tfd7BXCo9Xk,,src/content/posts/2020/ultimate-windows-setup-guide.md
https://www.youtube-nocookie.com/embed/TpI1siclED0,removed-or-replaced,unavailable-video,YouTube oEmbed + player status,200,,2026-10-07T20:04:47.694493+00:00,https://www.youtube-nocookie.com/embed/TpI1siclED0,Private video,src/content/posts/2024/hastebin.md
https://www.youtube-nocookie.com/embed/Ty8C2B910EI,retained,video-confirmed,YouTube oEmbed,200,,2026-10-07T20:04:12.328408+00:00,https://www.youtube-nocookie.com/embed/Ty8C2B910EI,,src/content/posts/2022/nix-package-manager.md
https://www.youtube-nocookie.com/embed/UGqBZwPIOqc,retained,video-confirmed,YouTube oEmbed,200,,2026-10-07T20:04:36.138763+00:00,https://www.youtube-nocookie.com/embed/UGqBZwPIOqc,,src/content/posts/2023/recovering-deleted-windows-boot-partition.md
https://www.youtube-nocookie.com/embed/UICz1S1xuHo,retained,video-confirmed,YouTube oEmbed,200,,2026-10-07T20:04:26.685222+00:00,https://www.youtube-nocookie.com/embed/UICz1S1xuHo,,src/content/posts/2023/atlasos-review.md
https://www.youtube-nocookie.com/embed/UXT17bQ2W2Q,removed-or-replaced,unavailable-video,YouTube oEmbed + player status,200,,2026-10-07T20:04:01.474228+00:00,https://www.youtube-nocookie.com/embed/UXT17bQ2W2Q,Private video,src/content/posts/2022/antivirus-worthless.md
https://www.youtube-nocookie.com/embed/UqsaRixKveA,removed-or-replaced,unavailable-video,YouTube oEmbed + player status,200,,2026-10-07T20:03:42.215796+00:00,https://www.youtube-nocookie.com/embed/UqsaRixKveA,This video is unavailable,src/content/posts/2018/2018-10-01-xenserver-cannot-connect.md
https://www.youtube-nocookie.com/embed/UvSLMzkog1g,retained,video-confirmed,YouTube oEmbed,200,,2026-10-07T20:04:19.681614+00:00,https://www.youtube-nocookie.com/embed/UvSLMzkog1g,,src/content/posts/2022/switching-to-ubuntu.md
https://www.youtube-nocookie.com/embed/UywjKEMjSp0,retained,video-confirmed,YouTube oEmbed,200,,2026-10-07T20:04:06.026099+00:00,https://www.youtube-nocookie.com/embed/UywjKEMjSp0,,src/content/posts/2022/disable-win-defender.md
https://www.youtube-nocookie.com/embed/V27McA7ch6w,retained,video-confirmed,YouTube oEmbed,200,,2026-10-07T20:03:53.771506+00:00,https://www.youtube-nocookie.com/embed/V27McA7ch6w,,src/content/posts/2020/debloat-windows10-2020.md;src/content/posts/2021/Windows-10-Optimization-Guide.md
https://www.youtube-nocookie.com/embed/V7aKCCfmJww,retained,video-confirmed,YouTube oEmbed,200,,2026-10-07T20:04:17.930610+00:00,https://www.youtube-nocookie.com/embed/V7aKCCfmJww,,src/content/posts/2022/starfield-screensaver.md
https://www.youtube-nocookie.com/embed/VYTCeIHS6Kg,removed-or-replaced,unavailable-video,YouTube oEmbed + player status,200,,2026-10-07T20:04:01.124034+00:00,https://www.youtube-nocookie.com/embed/VYTCeIHS6Kg,This video is unavailable,src/content/posts/2022/acronis-true-image.md
https://www.youtube-nocookie.com/embed/WBrh-9BdGVQ,retained,video-confirmed,YouTube oEmbed,200,,2026-10-07T20:04:23.883684+00:00,https://www.youtube-nocookie.com/embed/WBrh-9BdGVQ,,src/content/posts/2022/win10-to-win11.md
https://www.youtube-nocookie.com/embed/WROzWPK3iw8,retained,video-confirmed,YouTube oEmbed,200,,2026-10-07T20:04:40.340620+00:00,https://www.youtube-nocookie.com/embed/WROzWPK3iw8,,src/content/posts/2023/theming-windows-with-rainmeter.md
https://www.youtube-nocookie.com/embed/WVQ_2hN_zzs,retained,video-confirmed,YouTube oEmbed,200,,2026-10-07T20:04:49.094947+00:00,https://www.youtube-nocookie.com/embed/WVQ_2hN_zzs,,src/content/posts/2024/linux-alternatives.md;src/content/posts/2025/dangers-of-kernel-anticheat.md;src/content/posts/2025/how-vulnerable-windows-users-are-by-update.md;src/content/posts/2025/linux-game-mods.md;src/content/posts/2025/linux-laptops.md;src/content/posts/2025/macbook-problems.md;src/content/posts/2025/warp-terminal.md;src/content/posts/2025/website-design.md;src/content/posts/2026/cloudflare-pagescms-website.md;src/content/posts/2026/gitea.md;src/content/posts/2026/why-people-dont-understand-linux.md
https://www.youtube-nocookie.com/embed/WgXO2cvmdQc,retained,video-confirmed,YouTube oEmbed,200,,2026-10-07T20:04:33.687932+00:00,https://www.youtube-nocookie.com/embed/WgXO2cvmdQc,,src/content/posts/2023/my-new-editor.md
https://www.youtube-nocookie.com/embed/WmOvg0MagW0,retained,video-confirmed,YouTube oEmbed,200,,2026-10-07T20:04:16.530066+00:00,https://www.youtube-nocookie.com/embed/WmOvg0MagW0,,src/content/posts/2022/setting-up-the-ultimate-windows-11.md
https://www.youtube-nocookie.com/embed/X44gW2BoSpc,retained,video-confirmed,YouTube oEmbed,200,,2026-10-07T20:04:03.575109+00:00,https://www.youtube-nocookie.com/embed/X44gW2BoSpc,,src/content/posts/2022/buying-cheap-ebay-graphics-card.md
https://www.youtube-nocookie.com/embed/X4Ba7wYlbMA,retained,video-confirmed,YouTube oEmbed,200,,2026-10-07T20:04:42.441659+00:00,https://www.youtube-nocookie.com/embed/X4Ba7wYlbMA,,src/content/posts/2023/windows-network-and-sharing.md
https://www.youtube-nocookie.com/embed/XE1f7Tr0suo,retained,video-confirmed,YouTube oEmbed,200,,2026-10-07T20:04:56.798174+00:00,https://www.youtube-nocookie.com/embed/XE1f7Tr0suo,,src/content/posts/2024/zoxide.md
https://www.youtube-nocookie.com/embed/XWo2gnNbeGQ,retained,video-confirmed,YouTube oEmbed,200,,2026-10-07T20:04:06.726250+00:00,https://www.youtube-nocookie.com/embed/XWo2gnNbeGQ,,src/content/posts/2022/docker-macos.md
https://www.youtube-nocookie.com/embed/XiB5mYDkWmA,retained,video-confirmed,YouTube oEmbed,200,,2026-10-07T20:04:48.394735+00:00,https://www.youtube-nocookie.com/embed/XiB5mYDkWmA,,src/content/posts/2024/home-theater-pc.md
https://www.youtube-nocookie.com/embed/Y35Prm8nG40,retained,video-confirmed,YouTube oEmbed,200,,2026-10-07T20:04:26.334917+00:00,https://www.youtube-nocookie.com/embed/Y35Prm8nG40,,src/content/posts/2023/ame-wizard-the-future-of-debloat.md
https://www.youtube-nocookie.com/embed/Y7LTdEwR9M8,retained,video-confirmed,YouTube oEmbed,200,,2026-10-07T20:04:52.946503+00:00,https://www.youtube-nocookie.com/embed/Y7LTdEwR9M8,,src/content/posts/2024/the-ultimate-system.md
https://www.youtube-nocookie.com/embed/YuozYQ6kILg,retained,video-confirmed,YouTube oEmbed,200,,2026-10-07T20:05:03.100962+00:00,https://www.youtube-nocookie.com/embed/YuozYQ6kILg,,src/content/posts/2026/topgrade-linux.md
https://www.youtube-nocookie.com/embed/ZgHX8jPuHjE,retained,video-confirmed,YouTube oEmbed,200,,2026-10-07T20:04:39.640312+00:00,https://www.youtube-nocookie.com/embed/ZgHX8jPuHjE,,src/content/posts/2023/the-perfect-system.md
https://www.youtube-nocookie.com/embed/_3NOjLlsp3Y,retained,video-confirmed,YouTube oEmbed,200,,2026-10-07T20:04:44.892803+00:00,https://www.youtube-nocookie.com/embed/_3NOjLlsp3Y,,src/content/posts/2024/crowdstrike-alternatives.md
https://www.youtube-nocookie.com/embed/__2_41pVHcQ,retained,video-confirmed,YouTube oEmbed,200,,2026-10-07T20:04:08.826896+00:00,https://www.youtube-nocookie.com/embed/__2_41pVHcQ,,src/content/posts/2022/installing-appx-without-msstore.md
https://www.youtube-nocookie.com/embed/_dYqisDIcC0,retained,video-confirmed,YouTube oEmbed,200,,2026-10-07T20:03:55.171865+00:00,https://www.youtube-nocookie.com/embed/_dYqisDIcC0,,src/content/posts/2020/lightdm-configuration.md
https://www.youtube-nocookie.com/embed/_fG32rdWdes,retained,video-confirmed,YouTube oEmbed,200,,2026-10-07T20:04:03.925262+00:00,https://www.youtube-nocookie.com/embed/_fG32rdWdes,,src/content/posts/2022/bypass-paywalls.md
https://www.youtube-nocookie.com/embed/a2qblT7o4mE,retained,video-confirmed,YouTube oEmbed,200,,2026-10-07T20:03:49.569270+00:00,https://www.youtube-nocookie.com/embed/a2qblT7o4mE,,src/content/posts/2019/2019-10-09-learn-linux.md
https://www.youtube-nocookie.com/embed/aX1vH1j7m7U,retained,video-confirmed,YouTube oEmbed,200,,2026-10-07T20:04:28.786259+00:00,https://www.youtube-nocookie.com/embed/aX1vH1j7m7U,,src/content/posts/2023/ext4-in-windows.md
https://www.youtube-nocookie.com/embed/auePeI8vZA8,retained,video-confirmed,YouTube oEmbed,200,,2026-10-07T20:03:50.969994+00:00,https://www.youtube-nocookie.com/embed/auePeI8vZA8,,src/content/posts/2019/2019-12-01-vpn-kill-switch.md
https://www.youtube-nocookie.com/embed/b3W7Ky_aaaY,retained,video-confirmed,YouTube oEmbed,200,,2026-10-07T20:04:02.174519+00:00,https://www.youtube-nocookie.com/embed/b3W7Ky_aaaY,,src/content/posts/2022/beautiful-bash.md
https://www.youtube-nocookie.com/embed/cuBay8QzYH4,removed-or-replaced,unavailable-video,YouTube oEmbed + player status,200,,2026-10-07T20:03:52.370693+00:00,https://www.youtube-nocookie.com/embed/cuBay8QzYH4,Private video,src/content/posts/2020/2020-buyers-guide.md
https://www.youtube-nocookie.com/embed/dBVTedUWbfg,retained,video-confirmed,YouTube oEmbed,200,,2026-10-07T20:04:39.290252+00:00,https://www.youtube-nocookie.com/embed/dBVTedUWbfg,,src/content/posts/2023/sync-local-files.md
https://www.youtube-nocookie.com/embed/dL05DoJ0qsQ,retained,video-confirmed,YouTube oEmbed,200,,2026-10-07T20:04:04.975736+00:00,https://www.youtube-nocookie.com/embed/dL05DoJ0qsQ,,src/content/posts/2022/choose-linux-distro.md
https://www.youtube-nocookie.com/embed/dMLNP6FfhkI,retained,video-confirmed,YouTube oEmbed,200,,2026-10-07T20:04:11.277815+00:00,https://www.youtube-nocookie.com/embed/dMLNP6FfhkI,,src/content/posts/2022/macos-on-linux.md
https://www.youtube-nocookie.com/embed/dhox4jNrBQM,retained,video-confirmed,YouTube oEmbed,200,,2026-10-07T20:04:41.741306+00:00,https://www.youtube-nocookie.com/embed/dhox4jNrBQM,,src/content/posts/2023/why-open-source.md
https://www.youtube-nocookie.com/embed/djPC_hBKl3I,retained,video-confirmed,YouTube oEmbed,200,,2026-10-07T20:04:28.085928+00:00,https://www.youtube-nocookie.com/embed/djPC_hBKl3I,,src/content/posts/2023/do-not-makes-these-github-mistakes.md
https://www.youtube-nocookie.com/embed/epB9WY70csQ,retained,video-confirmed,YouTube oEmbed,200,,2026-10-07T20:04:51.195995+00:00,https://www.youtube-nocookie.com/embed/epB9WY70csQ,,src/content/posts/2024/risingoss.md
https://www.youtube-nocookie.com/embed/f7xZivqLZxc,retained,video-confirmed,YouTube oEmbed,200,,2026-10-07T20:04:21.782500+00:00,https://www.youtube-nocookie.com/embed/f7xZivqLZxc,,src/content/posts/2022/using-github-correctly.md
https://www.youtube-nocookie.com/embed/fVRZlqmGrUk,retained,video-confirmed,YouTube oEmbed,200,,2026-10-07T20:04:00.073627+00:00,https://www.youtube-nocookie.com/embed/fVRZlqmGrUk,,src/content/posts/2022/30days-chromeos.md
https://www.youtube-nocookie.com/embed/fYxSGXpl6d4,retained,video-confirmed,YouTube oEmbed,200,,2026-10-07T20:05:03.451275+00:00,https://www.youtube-nocookie.com/embed/fYxSGXpl6d4,,src/content/posts/2026/what-can-AI-do-in-2026.md
https://www.youtube-nocookie.com/embed/ffnIL6hE__w,retained,video-confirmed,YouTube oEmbed,200,,2026-10-07T20:04:27.385535+00:00,https://www.youtube-nocookie.com/embed/ffnIL6hE__w,,src/content/posts/2023/creating-a-secure-system.md
https://www.youtube-nocookie.com/embed/fuWPuJZ9NcU,retained,video-confirmed,YouTube oEmbed,200,,2026-10-07T20:04:35.788654+00:00,https://www.youtube-nocookie.com/embed/fuWPuJZ9NcU,,src/content/posts/2023/nixos-explained.md
https://www.youtube-nocookie.com/embed/fvFWFrN-MZQ,retained,video-confirmed,YouTube oEmbed,200,,2026-10-07T20:03:42.565912+00:00,https://www.youtube-nocookie.com/embed/fvFWFrN-MZQ,,src/content/posts/2018/2018-10-06-disable-windows-firewall-properly.md
https://www.youtube-nocookie.com/embed/g3UPxd8iUsU,retained,video-confirmed,YouTube oEmbed,200,,2026-10-07T20:03:54.121638+00:00,https://www.youtube-nocookie.com/embed/g3UPxd8iUsU,,src/content/posts/2020/doom-eternal-linux.md
https://www.youtube-nocookie.com/embed/gBqIUkmVel8,retained,video-confirmed,YouTube oEmbed,200,,2026-10-07T20:04:49.795223+00:00,https://www.youtube-nocookie.com/embed/gBqIUkmVel8,,src/content/posts/2024/microsoft-recall-situation.md
https://www.youtube-nocookie.com/embed/gGmBUfMaWMU,retained,video-confirmed,YouTube oEmbed,200,,2026-10-07T20:03:57.622821+00:00,https://www.youtube-nocookie.com/embed/gGmBUfMaWMU,,src/content/posts/2020/zsh.md
https://www.youtube-nocookie.com/embed/gn0x-Tg1qxk,retained,video-confirmed,YouTube oEmbed,200,,2026-10-07T20:05:00.999852+00:00,https://www.youtube-nocookie.com/embed/gn0x-Tg1qxk,,src/content/posts/2026/how-to-benchmark-in-linux.md
https://www.youtube-nocookie.com/embed/hKpxMWm5l7w,retained,video-confirmed,YouTube oEmbed,200,,2026-10-07T20:04:31.237207+00:00,https://www.youtube-nocookie.com/embed/hKpxMWm5l7w,,src/content/posts/2023/installing-arch-in-2-minutes.md;src/content/posts/2024/the-ultimate-system.md
https://www.youtube-nocookie.com/embed/hbg-QgKOdac,retained,video-confirmed,YouTube oEmbed,200,,2026-10-07T20:04:17.580421+00:00,https://www.youtube-nocookie.com/embed/hbg-QgKOdac,,src/content/posts/2022/star-trek-os.md
https://www.youtube-nocookie.com/embed/hg01Z6VCox0,retained,video-confirmed,YouTube oEmbed,200,,2026-10-07T20:03:45.717474+00:00,https://www.youtube-nocookie.com/embed/hg01Z6VCox0,,src/content/posts/2019/2019-02-15-garmin-express-linux.md
https://www.youtube-nocookie.com/embed/hnNjFysodRo,retained,video-confirmed,YouTube oEmbed,200,,2026-10-07T20:05:02.750784+00:00,https://www.youtube-nocookie.com/embed/hnNjFysodRo,,src/content/posts/2026/top-linux-distros.md
https://www.youtube-nocookie.com/embed/hv3bfDhEyAI,removed-or-replaced,unavailable-video,YouTube oEmbed + player status,200,,2026-10-07T20:04:27.035455+00:00,https://www.youtube-nocookie.com/embed/hv3bfDhEyAI,This video is unavailable,src/content/posts/2023/changes.md
https://www.youtube-nocookie.com/embed/i7cgD_KCh10,retained,video-confirmed,YouTube oEmbed,200,,2026-10-07T20:04:05.325807+00:00,https://www.youtube-nocookie.com/embed/i7cgD_KCh10,,src/content/posts/2022/clickpaste.md
https://www.youtube-nocookie.com/embed/j-eK_T-FWIo,retained,video-confirmed,YouTube oEmbed,200,,2026-10-07T20:04:02.524718+00:00,https://www.youtube-nocookie.com/embed/j-eK_T-FWIo,,src/content/posts/2022/best-browser-extensions.md
https://www.youtube-nocookie.com/embed/jZoR4MayBu0,retained,video-confirmed,YouTube oEmbed,200,,2026-10-07T20:04:07.076326+00:00,https://www.youtube-nocookie.com/embed/jZoR4MayBu0,,src/content/posts/2022/fix-corrupt-windows-install.md
https://www.youtube-nocookie.com/embed/ju_BSNKeP6w,retained,video-confirmed,YouTube oEmbed,200,,2026-10-07T20:04:42.791772+00:00,https://www.youtube-nocookie.com/embed/ju_BSNKeP6w,,src/content/posts/2023/winutil-may-23-update.md
https://www.youtube-nocookie.com/embed/kfQC-sQxMcw,removed-or-replaced,unavailable-video,YouTube oEmbed + player status,200,,2026-10-07T20:04:29.136366+00:00,https://www.youtube-nocookie.com/embed/kfQC-sQxMcw,Private video,src/content/posts/2023/fitness-transformation.md
https://www.youtube-nocookie.com/embed/klsqtRclpXo,retained,video-confirmed,YouTube oEmbed,200,,2026-10-07T20:04:38.239882+00:00,https://www.youtube-nocookie.com/embed/klsqtRclpXo,,src/content/posts/2023/saving-a-business-5000-a-year-in-telecom.md
https://www.youtube-nocookie.com/embed/l6h24cjmNyk,retained,video-confirmed,YouTube oEmbed,200,,2026-10-07T20:04:57.848523+00:00,https://www.youtube-nocookie.com/embed/l6h24cjmNyk,,src/content/posts/2025/setting-up-reshade-on-linux.md
https://www.youtube-nocookie.com/embed/lePxtkrblRE,retained,video-confirmed,YouTube oEmbed,200,,2026-10-07T20:04:51.896173+00:00,https://www.youtube-nocookie.com/embed/lePxtkrblRE,,src/content/posts/2024/the-ultimate-powershell-experience.md
https://www.youtube-nocookie.com/embed/mJqNBBSViDU,retained,video-confirmed,YouTube oEmbed,200,,2026-10-07T20:04:46.994024+00:00,https://www.youtube-nocookie.com/embed/mJqNBBSViDU,,src/content/posts/2024/glazewm-tiling-window-management.md
https://www.youtube-nocookie.com/embed/mWHiP9K8fQ0,retained,video-confirmed,YouTube oEmbed,200,,2026-10-07T20:03:50.269572+00:00,https://www.youtube-nocookie.com/embed/mWHiP9K8fQ0,,src/content/posts/2019/2019-10-14-clean-up-windows-10.md
https://www.youtube-nocookie.com/embed/mn17fHzn2XQ,removed-or-replaced,unavailable-video,YouTube oEmbed + player status,200,,2026-10-07T20:03:42.916096+00:00,https://www.youtube-nocookie.com/embed/mn17fHzn2XQ,This video is unavailable,src/content/posts/2018/2018-10-09-create-iscsi-sr.md
https://www.youtube-nocookie.com/embed/mxRVwF2YG3Q,retained,video-confirmed,YouTube oEmbed,200,,2026-10-07T20:04:20.732031+00:00,https://www.youtube-nocookie.com/embed/mxRVwF2YG3Q,,src/content/posts/2022/ubuntus-arm-is-good.md
https://www.youtube-nocookie.com/embed/n-0CWPhxgP0,retained,video-confirmed,YouTube oEmbed,200,,2026-10-07T20:03:39.764936+00:00,https://www.youtube-nocookie.com/embed/n-0CWPhxgP0,,src/content/posts/2018/2018-09-09-xenserver-xcp-ng-first-vm-install.md
https://www.youtube-nocookie.com/embed/n7cjd5E_nsc,retained,video-confirmed,YouTube oEmbed,200,,2026-10-07T20:04:59.949579+00:00,https://www.youtube-nocookie.com/embed/n7cjd5E_nsc,,src/content/posts/2026/check-network-security.md
https://www.youtube-nocookie.com/embed/nBcZASOwo1Q,retained,video-confirmed,YouTube oEmbed,200,,2026-10-07T20:04:36.839243+00:00,https://www.youtube-nocookie.com/embed/nBcZASOwo1Q,,src/content/posts/2023/replace-google-fonts-with-bunny-fonts.md
https://www.youtube-nocookie.com/embed/nGu0_8whK54,retained,video-confirmed,YouTube oEmbed,200,,2026-10-07T20:04:32.287530+00:00,https://www.youtube-nocookie.com/embed/nGu0_8whK54,,src/content/posts/2023/ltt-bad.md
https://www.youtube-nocookie.com/embed/nRiUdVSeuFU,retained,video-confirmed,YouTube oEmbed,200,,2026-10-07T20:04:05.675988+00:00,https://www.youtube-nocookie.com/embed/nRiUdVSeuFU,,src/content/posts/2022/customizing-steam-games-in-linux.md
https://www.youtube-nocookie.com/embed/nd0MysqLDB0,retained,video-confirmed,YouTube oEmbed,200,,2026-10-07T20:03:49.219150+00:00,https://www.youtube-nocookie.com/embed/nd0MysqLDB0,,src/content/posts/2019/2019-09-28-custom-kernel.md
https://www.youtube-nocookie.com/embed/nxV0CPNeFxY,retained,video-confirmed,YouTube oEmbed,200,,2026-10-07T20:04:23.533445+00:00,https://www.youtube-nocookie.com/embed/nxV0CPNeFxY,,src/content/posts/2022/why-we-dont-browse-the-internet-anymore.md
https://www.youtube-nocookie.com/embed/oHsboGBxUuc,retained,video-confirmed,YouTube oEmbed,200,,2026-10-07T20:05:01.700178+00:00,https://www.youtube-nocookie.com/embed/oHsboGBxUuc,,src/content/posts/2026/resolve-in-arch-linux.md
https://www.youtube-nocookie.com/embed/oQL9dVsEXT0,retained,video-confirmed,YouTube oEmbed,200,,2026-10-07T20:04:43.141977+00:00,https://www.youtube-nocookie.com/embed/oQL9dVsEXT0,,src/content/posts/2023/you-will-watch-ads.md
https://www.youtube-nocookie.com/embed/oroSkR4Nn_w,retained,video-confirmed,YouTube oEmbed,200,,2026-10-07T20:04:18.280721+00:00,https://www.youtube-nocookie.com/embed/oroSkR4Nn_w,,src/content/posts/2022/stop-using-apt.md
https://www.youtube-nocookie.com/embed/pMfqCzbSmQU,retained,video-confirmed,YouTube oEmbed,200,,2026-10-07T20:04:20.381932+00:00,https://www.youtube-nocookie.com/embed/pMfqCzbSmQU,,src/content/posts/2022/ubuntu-decline.md
https://www.youtube-nocookie.com/embed/pkhazgI3LAo,retained,video-confirmed,YouTube oEmbed,200,,2026-10-07T20:04:23.183256+00:00,https://www.youtube-nocookie.com/embed/pkhazgI3LAo,,src/content/posts/2022/why-the-cli-is-op.md
https://www.youtube-nocookie.com/embed/q4ziE5Am0pM,retained,video-confirmed,YouTube oEmbed,200,,2026-10-07T20:03:39.414709+00:00,https://www.youtube-nocookie.com/embed/q4ziE5Am0pM,,src/content/posts/2018/2018-09-09-debloat-windows-10.md
https://www.youtube-nocookie.com/embed/q7JmN8_URGY,retained,video-confirmed,YouTube oEmbed,200,,2026-10-07T20:04:32.637647+00:00,https://www.youtube-nocookie.com/embed/q7JmN8_URGY,,src/content/posts/2023/microsoft-is-driving-users-away.md
https://www.youtube-nocookie.com/embed/r7meKJsjqfY,retained,video-confirmed,YouTube oEmbed,200,,2026-10-07T20:03:46.767922+00:00,https://www.youtube-nocookie.com/embed/r7meKJsjqfY,,src/content/posts/2019/2019-04-01-grub-rescue.md
https://www.youtube-nocookie.com/embed/rVBq6d3c1gM,retained,video-confirmed,YouTube oEmbed,200,,2026-10-07T20:04:29.486423+00:00,https://www.youtube-nocookie.com/embed/rVBq6d3c1gM,,src/content/posts/2023/fix-screen-tearing-linux.md
https://www.youtube-nocookie.com/embed/roES8iAaJEM,retained,video-confirmed,YouTube oEmbed,200,,2026-10-07T20:03:48.168682+00:00,https://www.youtube-nocookie.com/embed/roES8iAaJEM,,src/content/posts/2019/2019-09-23-linux-file-system.md;src/content/posts/2022/linux-for-beginners.md
https://www.youtube-nocookie.com/embed/s5QGZ-DBYGs,retained,video-confirmed,YouTube oEmbed,200,,2026-10-07T20:03:44.316770+00:00,https://www.youtube-nocookie.com/embed/s5QGZ-DBYGs,,src/content/posts/2018/2018-10-16-linux-switch-video.md
https://www.youtube-nocookie.com/embed/s6YINpJb2dc,retained,video-confirmed,YouTube oEmbed,200,,2026-10-07T20:04:16.880254+00:00,https://www.youtube-nocookie.com/embed/s6YINpJb2dc,,src/content/posts/2022/shell-the-essential-app.md
https://www.youtube-nocookie.com/embed/sDmLCBI9L4E,retained,video-confirmed,YouTube oEmbed,200,,2026-10-07T20:04:32.987715+00:00,https://www.youtube-nocookie.com/embed/sDmLCBI9L4E,,src/content/posts/2023/my-new-desktop-hyprland.md
https://www.youtube-nocookie.com/embed/sPf1q_YLaKQ,retained,video-confirmed,YouTube oEmbed,200,,2026-10-07T20:04:54.347069+00:00,https://www.youtube-nocookie.com/embed/sPf1q_YLaKQ,,src/content/posts/2024/vpn-tier-list-2024.md
https://www.youtube-nocookie.com/embed/s_WkMtEPsuE,retained,video-confirmed,YouTube oEmbed,200,,2026-10-07T20:04:56.448096+00:00,https://www.youtube-nocookie.com/embed/s_WkMtEPsuE,,src/content/posts/2024/xz-affected-these-users.md
https://www.youtube-nocookie.com/embed/scMkYQxBtJ4,retained,video-confirmed,YouTube oEmbed,200,,2026-10-07T20:03:50.619811+00:00,https://www.youtube-nocookie.com/embed/scMkYQxBtJ4,,src/content/posts/2019/2019-11-08-lvm-guide.md
https://www.youtube-nocookie.com/embed/sspesgDbWLc,retained,video-confirmed,YouTube oEmbed,200,,2026-10-07T20:05:00.299677+00:00,https://www.youtube-nocookie.com/embed/sspesgDbWLc,,src/content/posts/2026/github-copilot-on-linux.md
https://www.youtube-nocookie.com/embed/tHEd3fFfGpM,retained,video-confirmed,YouTube oEmbed,200,,2026-10-07T20:03:40.114997+00:00,https://www.youtube-nocookie.com/embed/tHEd3fFfGpM,,src/content/posts/2018/2018-09-10-setup-always-on-vpn.md
https://www.youtube-nocookie.com/embed/tJyVG-u6RhA,removed-or-replaced,unavailable-video,YouTube oEmbed + player status,200,,2026-10-07T20:03:40.815265+00:00,https://www.youtube-nocookie.com/embed/tJyVG-u6RhA,This video is unavailable,src/content/posts/2018/2018-09-11-intro-google-cloud-platform.md
https://www.youtube-nocookie.com/embed/tSm1GcuygM0,retained,video-confirmed,YouTube oEmbed,200,,2026-10-07T20:04:14.429350+00:00,https://www.youtube-nocookie.com/embed/tSm1GcuygM0,,src/content/posts/2022/pros-use-bleachbit.md
https://www.youtube-nocookie.com/embed/tXGVzMUsuE4,retained,video-confirmed,YouTube oEmbed,200,,2026-10-07T20:04:21.432428+00:00,https://www.youtube-nocookie.com/embed/tXGVzMUsuE4,,src/content/posts/2022/urbackup.md
https://www.youtube-nocookie.com/embed/tcQRVOMGXrk,retained,video-confirmed,YouTube oEmbed,200,,2026-10-07T20:04:50.145418+00:00,https://www.youtube-nocookie.com/embed/tcQRVOMGXrk,,src/content/posts/2024/my-problems-with-linux.md
https://www.youtube-nocookie.com/embed/tjFnifSEEjQ,retained,video-confirmed,YouTube oEmbed,200,,2026-10-07T20:04:45.242894+00:00,https://www.youtube-nocookie.com/embed/tjFnifSEEjQ,,src/content/posts/2024/cursor-editor.md
https://www.youtube-nocookie.com/embed/ttOs5iWgNzk,retained,video-confirmed,YouTube oEmbed,200,,2026-10-07T20:04:38.940180+00:00,https://www.youtube-nocookie.com/embed/ttOs5iWgNzk,,src/content/posts/2023/steamdeck-as-a-desktop.md
https://www.youtube-nocookie.com/embed/tzbKqTRuRzU,retained,video-confirmed,YouTube oEmbed,200,,2026-10-07T20:04:19.331328+00:00,https://www.youtube-nocookie.com/embed/tzbKqTRuRzU,,src/content/posts/2022/switching-to-dumbphone.md
https://www.youtube-nocookie.com/embed/uGugeHVEeiU,retained,video-confirmed,YouTube oEmbed,200,,2026-10-07T20:03:41.865691+00:00,https://www.youtube-nocookie.com/embed/uGugeHVEeiU,,src/content/posts/2018/2018-09-26-apache-mpm-prefork.md
https://www.youtube-nocookie.com/embed/uZmiWQbOBDw,retained,video-confirmed,YouTube oEmbed,200,,2026-10-07T20:03:55.522049+00:00,https://www.youtube-nocookie.com/embed/uZmiWQbOBDw,,src/content/posts/2020/raspberry-pi-laptop.md
https://www.youtube-nocookie.com/embed/uwtPH6owqZA,retained,video-confirmed,YouTube oEmbed,200,,2026-10-07T20:04:15.829719+00:00,https://www.youtube-nocookie.com/embed/uwtPH6owqZA,,src/content/posts/2022/regex.md
https://www.youtube-nocookie.com/embed/vIJdypOqlL4,retained,video-confirmed,YouTube oEmbed,200,,2026-10-07T20:03:46.417694+00:00,https://www.youtube-nocookie.com/embed/vIJdypOqlL4,,src/content/posts/2019/2019-03-14-wordpress-google-cloud-platform.md
https://www.youtube-nocookie.com/embed/vXyMScSbhk4,retained,video-confirmed,YouTube oEmbed,200,,2026-10-07T20:04:13.728883+00:00,https://www.youtube-nocookie.com/embed/vXyMScSbhk4,,src/content/posts/2022/one-tool-for-everything.md
https://www.youtube-nocookie.com/embed/vlN5koqNY5U,retained,video-confirmed,YouTube oEmbed,200,,2026-10-07T20:04:59.249097+00:00,https://www.youtube-nocookie.com/embed/vlN5koqNY5U,,src/content/posts/2025/windows-to-linux.md
https://www.youtube-nocookie.com/embed/vtxedkuUCas,retained,video-confirmed,YouTube oEmbed,200,,2026-10-07T20:04:30.887136+00:00,https://www.youtube-nocookie.com/embed/vtxedkuUCas,,src/content/posts/2023/install-windows-the-arch-linux-way.md
https://www.youtube-nocookie.com/embed/vwxxNCQpcTA,retained,video-confirmed,YouTube oEmbed,200,,2026-10-07T20:04:20.031745+00:00,https://www.youtube-nocookie.com/embed/vwxxNCQpcTA,,src/content/posts/2022/twitter-archive.md
https://www.youtube-nocookie.com/embed/wNL6eIoksd8,retained,video-confirmed,YouTube oEmbed,200,,2026-10-07T20:04:33.337812+00:00,https://www.youtube-nocookie.com/embed/wNL6eIoksd8,,src/content/posts/2023/my-new-desktop-hyprland.md
https://www.youtube-nocookie.com/embed/w_OwmqjAcn0,retained,video-confirmed,YouTube oEmbed,200,,2026-10-07T20:03:47.468280+00:00,https://www.youtube-nocookie.com/embed/w_OwmqjAcn0,,src/content/posts/2019/2019-09-18-ssh-guide.md
https://www.youtube-nocookie.com/embed/wc-Ti8UoPoA,retained,video-confirmed,YouTube oEmbed,200,,2026-10-07T20:03:51.320166+00:00,https://www.youtube-nocookie.com/embed/wc-Ti8UoPoA,,src/content/posts/2019/2019-12-01-vpn-kill-switch.md
https://www.youtube-nocookie.com/embed/wcRR5P0S2Us,retained,video-confirmed,YouTube oEmbed,200,,2026-10-07T20:05:01.349980+00:00,https://www.youtube-nocookie.com/embed/wcRR5P0S2Us,,src/content/posts/2026/my-ai-workflow.md
https://www.youtube-nocookie.com/embed/wdC_qiFoHN4,retained,video-confirmed,YouTube oEmbed,200,,2026-10-07T20:04:44.542596+00:00,https://www.youtube-nocookie.com/embed/wdC_qiFoHN4,,src/content/posts/2024/bazzite-linux.md
https://www.youtube-nocookie.com/embed/wyvS1FxR4ic,retained,video-confirmed,YouTube oEmbed,200,,2026-10-07T20:03:52.020519+00:00,https://www.youtube-nocookie.com/embed/wyvS1FxR4ic,,src/content/posts/2020/2020-buyers-guide.md
https://www.youtube-nocookie.com/embed/xLCWtC6UYrM,retained,video-confirmed,YouTube oEmbed,200,,2026-10-07T20:04:13.028663+00:00,https://www.youtube-nocookie.com/embed/xLCWtC6UYrM,,src/content/posts/2022/ntlite-guide.md
https://www.youtube-nocookie.com/embed/xMv10E561WQ,retained,video-confirmed,YouTube oEmbed,200,,2026-10-07T20:04:08.126686+00:00,https://www.youtube-nocookie.com/embed/xMv10E561WQ,,src/content/posts/2022/how-i-setup-my-website.md
https://www.youtube-nocookie.com/embed/xca3Ywf54N0,retained,video-confirmed,YouTube oEmbed,200,,2026-10-07T20:03:46.067565+00:00,https://www.youtube-nocookie.com/embed/xca3Ywf54N0,,src/content/posts/2019/2019-03-12-aptitude-explained.md
https://www.youtube-nocookie.com/embed/xjTdroiDCtc,retained,video-confirmed,YouTube oEmbed,200,,2026-10-07T20:04:46.293718+00:00,https://www.youtube-nocookie.com/embed/xjTdroiDCtc,,src/content/posts/2024/freedesktop-bans-hyprland.md
https://www.youtube-nocookie.com/embed/xvrft9ULvho,retained,video-confirmed,YouTube oEmbed,200,,2026-10-07T20:03:56.572453+00:00,https://www.youtube-nocookie.com/embed/xvrft9ULvho,,src/content/posts/2020/ultimate-linux-gaming-guide.md
https://www.youtube-nocookie.com/embed/yC3GTHJRQuM,removed-or-replaced,unavailable-video,YouTube oEmbed + player status,200,,2026-10-07T20:03:41.515488+00:00,https://www.youtube-nocookie.com/embed/yC3GTHJRQuM,This video is unavailable,src/content/posts/2018/2018-09-13-issuing-ssl-certs.md
https://www.youtube-nocookie.com/embed/yKydZFJRzMk,retained,video-confirmed,YouTube oEmbed,200,,2026-10-07T20:04:25.634569+00:00,https://www.youtube-nocookie.com/embed/yKydZFJRzMk,,src/content/posts/2022/windows-tool.md;src/content/posts/2026/winutil-in-2026.md
https://www.youtube-nocookie.com/embed/ybm1KwlGKA0,retained,video-confirmed,YouTube oEmbed,200,,2026-10-07T20:05:02.050432+00:00,https://www.youtube-nocookie.com/embed/ybm1KwlGKA0,,src/content/posts/2026/switch-from-arch-to-fedora.md
https://www.youtube-nocookie.com/embed/ynmLm5_K_1E,retained,video-confirmed,YouTube oEmbed,200,,2026-10-07T20:04:55.397530+00:00,https://www.youtube-nocookie.com/embed/ynmLm5_K_1E,,src/content/posts/2024/windows-24h2.md
https://www.youtube-nocookie.com/embed/z6Ut8zSCczU,retained,video-confirmed,YouTube oEmbed,200,,2026-10-07T20:04:41.391107+00:00,https://www.youtube-nocookie.com/embed/z6Ut8zSCczU,,src/content/posts/2023/tituspi-2023.md
https://www.youtube-nocookie.com/embed/zGCv6aDDfP8,retained,video-confirmed,YouTube oEmbed,200,,2026-10-07T20:04:13.378784+00:00,https://www.youtube-nocookie.com/embed/zGCv6aDDfP8,,src/content/posts/2022/obsidian.md
https://www.youtube-nocookie.com/embed/zbrPQsMK2gU,retained,video-confirmed,YouTube oEmbed,200,,2026-10-07T20:04:39.990509+00:00,https://www.youtube-nocookie.com/embed/zbrPQsMK2gU,,src/content/posts/2023/the-teamviewer-scam.md
https://www.youtube-nocookie.com/embed/zq6yvQifyDw,retained,video-confirmed,YouTube oEmbed,200,,2026-10-07T20:04:53.996961+00:00,https://www.youtube-nocookie.com/embed/zq6yvQifyDw,,src/content/posts/2024/the-ultimate-system.md
https://www.youtube.com/@christitustech,retained,reachable,HTTP GET,200,,2026-10-07T19:48:18.128436+00:00,https://www.youtube.com/@christitustech,,src/content/posts/2026/winutil-in-2026.md
https://www.youtube.com/c/ChrisTitusTech,retained,reachable,HTTP GET,200,,2026-10-07T19:47:56.310947+00:00,https://www.youtube.com/c/ChrisTitusTech,,src/content/posts/2019/2019-03-14-wordpress-google-cloud-platform.md
https://www.youtube.com/c/ThePrimeagen/videos,retained,reachable,HTTP GET,200,,2026-10-07T19:48:13.949819+00:00,https://www.youtube.com/c/ThePrimeagen/videos,,src/content/posts/2022/vim-the-ultimate-editor.md
https://www.youtube.com/playlist?list=PLc7fktTRMBowM-n5VXCUobY0eddQ1H4YV,retained,reachable,HTTP GET,200,,2026-10-07T19:48:10.055366+00:00,https://www.youtube.com/playlist,,src/content/posts/2019/2019-10-09-learn-linux.md
https://www.youtube.com/playlist?list=PLc7fktTRMBoxZMG1YlLdBI0oiJZ8iqIP5,retained,reachable,HTTP GET,200,,2026-10-07T19:48:16.673784+00:00,https://www.youtube.com/playlist,,src/content/posts/2026/how-i-use-linux.md
https://www.youtube.com/playlist?list=PLc7fktTRMBoz7n-ugZm2Ndi0np_Y4Hh1k,retained,reachable,HTTP GET,200,,2026-10-07T19:47:11.119807+00:00,https://www.youtube.com/playlist,,src/content/posts/2018/2018-10-18-install-linux-first-time.md
https://www.youtube.com/playlist?list=PLc7fktTRMBozmc1_9kEmgxYo0jIdsiz7w,retained,reachable,HTTP GET,200,,2026-10-07T19:48:17.323551+00:00,https://www.youtube.com/playlist,,src/content/posts/2026/how-i-use-linux.md
https://www.youtube.com/playlist?list=PLjGQNuuUzvmsuXCoj6g6vm1N-ZeLJso6o,retained,reachable,HTTP GET,200,,2026-10-07T19:48:15.988998+00:00,https://www.youtube.com/playlist,,src/content/posts/2026/check-network-security.md
https://www.youtube.com/watch?v=1hwWAOBOsJs&list=PLc7fktTRMBoxoDWkt0EzILkG4sCrEOT3e,retained,video-confirmed,YouTube oEmbed,200,,2026-10-07T20:04:10.577578+00:00,https://www.youtube.com/watch,,src/content/posts/2022/linux-for-beginners.md
https://www.youtube.com/watch?v=3s7qBJ-H7vw,retained,video-confirmed,YouTube oEmbed,200,,2026-10-07T20:03:48.518744+00:00,https://www.youtube.com/watch,,src/content/posts/2019/2019-09-28-custom-kernel.md
https://www.youtube.com/watch?v=5nY_cy8zcO4,retained,video-confirmed,YouTube oEmbed,200,,2026-10-07T20:04:54.697272+00:00,https://www.youtube.com/watch,,src/content/posts/2024/why-you-NEED-to-contribute-to-open-source.md
https://www.youtube.com/watch?v=XK81cfvrElg&list=PLc7fktTRMBozYfi4zlDeH0IdLdGImeOnO,retained,video-confirmed,YouTube oEmbed,200,,2026-10-07T20:04:10.227348+00:00,https://www.youtube.com/watch,,src/content/posts/2022/linux-for-beginners.md
https://www.youtube.com/watch?v=fnn_MzosdwA,retained,video-confirmed,YouTube oEmbed,200,,2026-10-07T20:03:48.868969+00:00,https://www.youtube.com/watch,,src/content/posts/2019/2019-09-28-custom-kernel.md
https://www.youtube.com/watch?v=r7meKJsjqfY,retained,video-confirmed,YouTube oEmbed,200,,2026-10-07T20:03:46.767922+00:00,https://www.youtube.com/watch,,src/content/posts/2019/2019-09-28-custom-kernel.md
https://www.yworks.com/products/yed,retained,reachable,HTTP GET,200,,2026-10-07T19:47:35.100649+00:00,https://www.yworks.com/products/yed,,src/content/posts/2024/linux-alternatives.md
https://www.zaproxy.org/,retained,reachable,HTTP GET,200,,2026-10-07T19:47:42.119337+00:00,https://www.zaproxy.org/,,src/content/posts/2024/linux-alternatives.md
https://www.zeldaclassic.com/,removed-or-replaced,blocked,HTTP GET,403,526,2026-10-07T19:47:31.162583+00:00,https://www.zeldaclassic.com/,Firecrawl retry: 526,src/content/posts/2024/linux-alternatives.md
https://www.zsh.org/,retained,reachable,HTTP GET,200,,2026-10-07T19:47:25.737801+00:00,https://www.zsh.org/,,src/content/posts/2024/linux-alternatives.md
https://www.zsnes.com/,retained,reachable,HTTP GET,200,,2026-10-07T19:47:33.856152+00:00,https://www.zsnes.com/,,src/content/posts/2024/linux-alternatives.md
https://wz2100.net/,retained,reachable,HTTP GET,200,,2026-10-07T19:47:31.469303+00:00,https://wz2100.net/,,src/content/posts/2024/linux-alternatives.md
https://x.com/AtlasOS/status/1651284816489336832,retained,reachable,HTTP GET,200,,2026-10-07T19:48:25.430175+00:00,https://x.com/AtlasOS/status/1651284816489336832,,src/content/posts/2023/atlasos-review.md
https://x.com/christitustech/status/1553598175314845697,retained,reachable,HTTP GET,200,,2026-10-07T19:48:18.834729+00:00,https://x.com/christitustech/status/1553598175314845697,,src/content/posts/2022/regex.md
https://x.com/christitustech/status/1554153066823385089,retained,reachable,HTTP GET,200,,2026-10-07T19:47:15.078549+00:00,https://x.com/christitustech/status/1554153066823385089,,src/content/posts/2022/best-package-manager.md
https://x.com/christitustech/status/1556368265139585026,retained,reachable,HTTP GET,200,,2026-10-07T19:48:10.521259+00:00,https://x.com/christitustech/status/1556368265139585026,,src/content/posts/2022/disable-win-defender.md
https://x.com/christitustech/status/1557833634467414016,retained,reachable,HTTP GET,200,,2026-10-07T19:48:21.321821+00:00,https://x.com/christitustech/status/1557833634467414016,,src/content/posts/2022/switching-to-dumbphone.md
https://x.com/christitustech/status/1559232526094417921,retained,reachable,HTTP GET,200,,2026-10-07T19:48:16.097544+00:00,https://x.com/christitustech/status/1559232526094417921,,src/content/posts/2022/nix-package-manager.md
https://x.com/christitustech/status/1560314657142964224,retained,reachable,HTTP GET,200,,2026-10-07T19:48:14.183469+00:00,https://x.com/christitustech/status/1560314657142964224,,src/content/posts/2022/laptop-power-management.md
https://x.com/christitustech/status/1572985183594242048,retained,reachable,HTTP GET,200,,2026-10-07T19:48:09.207606+00:00,https://x.com/christitustech/status/1572985183594242048,,src/content/posts/2022/clickpaste.md
https://x.com/christitustech/status/1573043990018113539,retained,reachable,HTTP GET,200,,2026-10-07T19:47:58.317656+00:00,https://x.com/christitustech/status/1573043990018113539,,src/content/posts/2022/buying-cheap-ebay-graphics-card.md
https://x.com/christitustech/status/1577379725869256734,retained,reachable,HTTP GET,200,,2026-10-07T19:48:17.561638+00:00,https://x.com/christitustech/status/1577379725869256734,,src/content/posts/2022/pros-use-bleachbit.md
https://x.com/christitustech/status/1577690702200590336,retained,reachable,HTTP GET,200,,2026-10-07T19:48:23.492176+00:00,https://x.com/christitustech/status/1577690702200590336,,src/content/posts/2022/vim-the-ultimate-editor.md
https://x.com/christitustech/status/1578070224896663553,retained,reachable,Firecrawl scrape,200,200,2026-10-07T20:10:37.298Z,https://x.com/christitustech/status/1578070224896663553,,src/content/posts/2022/setting-up-the-ultimate-windows-11.md
https://x.com/christitustech/status/1578822405518397442,retained,reachable,HTTP GET,200,,2026-10-07T19:48:24.062567+00:00,https://x.com/christitustech/status/1578822405518397442,,src/content/posts/2022/why-the-cli-is-op.md
https://x.com/christitustech/status/1581708112394096640,retained,reachable,HTTP GET,200,,2026-10-07T19:48:16.851067+00:00,https://x.com/christitustech/status/1581708112394096640,,src/content/posts/2022/pretty-powershell.md
https://x.com/christitustech/status/1584567052404412416,retained,reachable,HTTP GET,200,,2026-10-07T19:48:22.926055+00:00,https://x.com/christitustech/status/1584567052404412416,,src/content/posts/2022/urbackup.md
https://x.com/christitustech/status/1584603485261115392,retained,reachable,HTTP GET,200,,2026-10-07T19:48:18.224906+00:00,https://x.com/christitustech/status/1584603485261115392,,src/content/posts/2022/reagentc-windows-recovery-partition.md
https://x.com/christitustech/status/1584944224700702720,retained,reachable,HTTP GET,200,,2026-10-07T19:48:15.490089+00:00,https://x.com/christitustech/status/1584944224700702720,,src/content/posts/2022/neovim-is-better.md
https://x.com/christitustech/status/1587141986942861315,retained,reachable,HTTP GET,200,,2026-10-07T19:48:22.472906+00:00,https://x.com/christitustech/status/1587141986942861315,,src/content/posts/2022/ubuntus-arm-is-good.md
https://x.com/christitustech/status/1587824008342429696,retained,reachable,HTTP GET,200,,2026-10-07T19:48:20.027897+00:00,https://x.com/christitustech/status/1587824008342429696,,src/content/posts/2022/shell-the-essential-app.md
https://x.com/christitustech/status/1587911136879542273,retained,reachable,HTTP GET,200,,2026-10-07T19:48:13.120934+00:00,https://x.com/christitustech/status/1587911136879542273,,src/content/posts/2022/fix-corrupt-windows-install.md
https://x.com/christitustech/status/1589727064957284352,retained,reachable,HTTP GET,200,,2026-10-07T19:48:24.572712+00:00,https://x.com/christitustech/status/1589727064957284352,,src/content/posts/2022/why-we-dont-browse-the-internet-anymore.md
https://x.com/christitustech/status/1591540430226628608,retained,reachable,HTTP GET,200,,2026-10-07T19:48:21.907419+00:00,https://x.com/christitustech/status/1591540430226628608,,src/content/posts/2022/switching-to-ubuntu.md
https://x.com/christitustech/status/1594450349657821186,retained,reachable,HTTP GET,200,,2026-10-07T19:48:20.705246+00:00,https://x.com/christitustech/status/1594450349657821186,,src/content/posts/2022/starfield-screensaver.md
https://x.com/christitustech/status/1597766834094211073,retained,reachable,HTTP GET,200,,2026-10-07T19:48:25.034981+00:00,https://x.com/christitustech/status/1597766834094211073,,src/content/posts/2022/windows-explorer-stealing-cpu.md
https://x.com/christitustech/status/1603766983274729472,retained,reachable,HTTP GET,200,,2026-10-07T19:48:07.649062+00:00,https://x.com/christitustech/status/1603766983274729472,,src/content/posts/2022/cleanup-docker.md
https://x.com/christitustech/status/1651325245209341959,retained,reachable,HTTP GET,200,,2026-10-07T19:48:25.800009+00:00,https://x.com/christitustech/status/1651325245209341959,,src/content/posts/2023/atlasos-review.md
https://x.com/justArRinze/status/1591779981390413826,retained,reachable,HTTP GET,200,,2026-10-07T19:48:11.837291+00:00,https://x.com/justArRinze/status/1591779981390413826,,src/content/posts/2022/docker-macos.md
https://x.com/nerdz0ne/status/1596178362271207425,retained,reachable,HTTP GET,200,,2026-10-07T19:48:05.008786+00:00,https://x.com/nerdz0ne/status/1596178362271207425,,src/content/posts/2022/bypass-paywalls.md
https://xanmod.org/,retained,reachable,HTTP GET,200,,2026-10-07T19:47:13.300930+00:00,https://xanmod.org/,,src/content/posts/2020/ultimate-linux-gaming-guide.md;src/content/posts/2024/linux-alternatives.md
https://xclicker.xyz/,retained,reachable,HTTP GET,200,,2026-10-07T19:47:38.310842+00:00,https://xclicker.xyz/,,src/content/posts/2024/linux-alternatives.md
https://xcp-ng.org/,retained,reachable,HTTP GET,200,,2026-10-07T19:47:10.404805+00:00,https://xcp-ng.org/,,src/content/posts/2018/2018-09-09-xenserver-xcp-ng-first-vm-install.md;src/content/posts/2018/2018-10-09-create-iscsi-sr.md
https://xdaforums.com/t/rom-a14-official-risingos-2-0-gapps-bluejay-02-17-2024.4581557/,retained,reachable,Firecrawl scrape,403,200,2026-10-07T20:10:37.298Z,https://xdaforums.com/t/rom-official-risingos-revived-8-0-a16-july-spl-bluejay.4581557/,,src/content/posts/2024/risingoss.md
https://xemu.app/,retained,reachable,HTTP GET,200,,2026-10-07T19:47:33.469912+00:00,https://xemu.app/,,src/content/posts/2024/linux-alternatives.md
https://xen-orchestra.com/,retained,reachable,HTTP GET,200,,2026-10-07T19:47:10.690528+00:00,https://xen-orchestra.com/,,src/content/posts/2018/2018-10-11-how-to-install-xen-orchestra.md
https://xmind.app/,retained,reachable,HTTP GET,200,,2026-10-07T19:47:38.741864+00:00,https://xmind.com:443/,,src/content/posts/2024/linux-alternatives.md
https://xmonad.org/,retained,reachable,HTTP GET,200,,2026-10-07T19:47:50.966827+00:00,https://xmonad.org/,,src/content/posts/2024/linux-alternatives.md
https://xmoto.tuxfamily.org/,retained,reachable,HTTP GET,200,,2026-10-07T19:48:01.457764+00:00,https://xmoto.org/,,src/content/posts/2024/linux-alternatives.md
https://xmoto.tuxfamily.org/index.php,retained,reachable,HTTP GET,200,,2026-10-07T19:47:30.833250+00:00,https://xmoto.org/index.php,,src/content/posts/2024/linux-alternatives.md
https://xtremedownloadmanager.com/,retained,reachable,HTTP GET,200,,2026-10-07T19:47:42.715311+00:00,https://xtremedownloadmanager.com/,,src/content/posts/2024/linux-alternatives.md
https://yktoo.com/en/software/indicator-sound-switcher,removed-or-replaced,missing,HTTP GET,404,,2026-10-07T19:47:40.025158+00:00,https://yktoo.com/en/software/indicator-sound-switcher,,src/content/posts/2024/linux-alternatives.md
https://youtu.be/1qd0iHadvdo,retained,video-confirmed,YouTube oEmbed,200,,2026-10-07T20:04:34.738310+00:00,https://www.youtube.com/watch,,src/content/posts/2023/nixos-explained.md
https://youtu.be/6T_-HMkgxt0,retained,video-confirmed,YouTube oEmbed,200,,2026-10-07T20:03:55.872248+00:00,https://www.youtube.com/watch,,src/content/posts/2020/ultimate-linux-gaming-guide.md
https://youtu.be/FGW3TPytTjc,retained,video-confirmed,YouTube oEmbed,200,,2026-10-07T20:04:31.587305+00:00,https://www.youtube.com/watch,,src/content/posts/2023/ltt-bad.md
https://youtu.be/Fci_ALdEzGc,retained,video-confirmed,YouTube oEmbed,200,,2026-10-07T20:04:04.625639+00:00,https://www.youtube.com/watch,,src/content/posts/2022/choose-linux-distro.md
https://youtu.be/IRRtk320j2A,retained,video-confirmed,YouTube oEmbed,200,,2026-10-07T20:04:34.388205+00:00,https://www.youtube.com/watch,,src/content/posts/2023/nixos-explained.md
https://youtu.be/M7dXvFDhoaI,retained,video-confirmed,YouTube oEmbed,200,,2026-10-07T20:04:37.189332+00:00,https://www.youtube.com/watch,,src/content/posts/2023/saving-a-business-5000-a-year-in-telecom.md
https://youtu.be/P6CS5_CHy8s,retained,video-confirmed,YouTube oEmbed,200,,2026-10-07T20:04:37.539574+00:00,https://www.youtube.com/watch,,src/content/posts/2023/saving-a-business-5000-a-year-in-telecom.md
https://youtu.be/PdKMiFKGQuc,retained,video-confirmed,YouTube oEmbed,200,,2026-10-07T20:03:58.323131+00:00,https://www.youtube.com/watch,,src/content/posts/2021/Windows-10-Optimization-Guide.md
https://youtu.be/VMQfH2Qkuss,retained,video-confirmed,YouTube oEmbed,200,,2026-10-07T20:03:52.720812+00:00,https://www.youtube.com/watch,,src/content/posts/2020/amazon-fire-debloat.md
https://youtu.be/X3byz3txpso,retained,video-confirmed,YouTube oEmbed,200,,2026-10-07T20:04:31.937451+00:00,https://www.youtube.com/watch,,src/content/posts/2023/ltt-bad.md
https://youtu.be/_Z32SYFbxpw,retained,video-confirmed,YouTube oEmbed,200,,2026-10-07T20:04:34.038031+00:00,https://www.youtube.com/watch,,src/content/posts/2023/nixos-explained.md
https://youtu.be/fk5B-a7vZ_w,retained,video-confirmed,YouTube oEmbed,200,,2026-10-07T20:03:59.023296+00:00,https://www.youtube.com/watch,,src/content/posts/2021/update-any-pc-to-windows11.md
https://youtu.be/fm_mzPBnWB0,retained,video-confirmed,YouTube oEmbed,200,,2026-10-07T20:03:56.222309+00:00,https://www.youtube.com/watch,,src/content/posts/2020/ultimate-linux-gaming-guide.md
https://youtu.be/hc7J-zWEty8,retained,video-confirmed,YouTube oEmbed,200,,2026-10-07T20:04:04.275461+00:00,https://www.youtube.com/watch,,src/content/posts/2022/choose-linux-distro.md
https://youtu.be/l7HvMM6rLNE,retained,video-confirmed,YouTube oEmbed,200,,2026-10-07T20:04:35.088378+00:00,https://www.youtube.com/watch,,src/content/posts/2023/nixos-explained.md
https://youtu.be/mJqNBBSViDU?si=3hZKYYp3kOJ3ZILG&t=2015,retained,video-confirmed,YouTube oEmbed,200,,2026-10-07T20:04:46.994024+00:00,https://www.youtube.com/watch,,src/content/posts/2024/glazewm-tiling-window-management.md
https://youtu.be/sspesgDbWLc,retained,video-confirmed,YouTube oEmbed,200,,2026-10-07T20:05:00.299677+00:00,https://www.youtube.com/watch,,src/content/posts/2026/github-copilot-on-linux.md
https://youtu.be/tzbKqTRuRzU,retained,video-confirmed,YouTube oEmbed,200,,2026-10-07T20:04:19.331328+00:00,https://www.youtube.com/watch,,src/content/posts/2022/worst-tech-of-2022.md
https://youtu.be/wK40EFgzmqM,retained,video-confirmed,YouTube oEmbed,200,,2026-10-07T20:03:59.373367+00:00,https://www.youtube.com/watch,,src/content/posts/2021/update-any-pc-to-windows11.md
https://youtu.be/wpS3qIprHL0,retained,video-confirmed,YouTube oEmbed,200,,2026-10-07T20:04:35.438580+00:00,https://www.youtube.com/watch,,src/content/posts/2023/nixos-explained.md
https://youtu.be/yLoymK65dJE,retained,video-confirmed,YouTube oEmbed,200,,2026-10-07T20:03:51.670344+00:00,https://www.youtube.com/watch,,src/content/posts/2020/2020-buyers-guide.md
https://youtube.com/c/ChrisTitusTech,retained,reachable,HTTP GET,200,,2026-10-07T19:47:16.348755+00:00,https://www.youtube.com/c/ChrisTitusTech,,src/content/posts/2022/shell-the-essential-app.md
https://ytdn.netlify.app/,retained,reachable,HTTP GET,200,,2026-10-07T19:47:37.416007+00:00,https://ytdn.netlify.app/,,src/content/posts/2024/linux-alternatives.md
https://z411.github.io/trackma/,retained,reachable,HTTP GET,200,,2026-10-07T19:47:48.611196+00:00,https://z411.github.io/trackma/,,src/content/posts/2024/linux-alternatives.md
https://zandronum.com/,retained,unverified-challenge-or-login,HTTP GET,200,200,2026-10-07T19:47:30.246133+00:00,https://zandronum.com/,Firecrawl also returned a challenge or login page,src/content/posts/2024/linux-alternatives.md
https://zdoom.org/index,retained,unverified-challenge-or-login,HTTP GET,,200,2026-10-07T19:47:30.294482+00:00,https://zdoom.org/index,Firecrawl also returned a challenge or login page,src/content/posts/2024/linux-alternatives.md
https://zealdocs.org/,retained,reachable,HTTP GET,200,,2026-10-07T19:47:26.651009+00:00,https://zealdocs.org/,,src/content/posts/2024/linux-alternatives.md
https://zed.dev/,retained,reachable,HTTP GET,200,,2026-10-07T19:48:03.454162+00:00,https://zed.dev/,,src/content/posts/2026/zed-editor.md
https://zed.dev/docs/vim,retained,reachable,HTTP GET,200,,2026-10-07T19:47:54.269104+00:00,https://zed.dev/docs/vim,,src/content/posts/2026/zed-editor.md
https://zellij.dev/,retained,reachable,HTTP GET,200,,2026-10-07T19:47:44.458017+00:00,https://zellij.dev/,,src/content/posts/2024/linux-alternatives.md
https://zerkc.gitlab.io/whatsdesk/,retained,reachable,HTTP GET,200,,2026-10-07T19:47:21.300585+00:00,https://zerkc.gitlab.io/whatsdesk/,,src/content/posts/2024/linux-alternatives.md
https://zim-wiki.org/,retained,reachable,HTTP GET,200,,2026-10-07T19:47:48.324629+00:00,https://zim-wiki.org/,,src/content/posts/2024/linux-alternatives.md
https://zimfw.sh/,retained,reachable,HTTP GET,200,,2026-10-07T19:47:25.736461+00:00,https://zimfw.sh/,,src/content/posts/2024/linux-alternatives.md
https://zulip.com/,retained,reachable,HTTP GET,200,,2026-10-07T19:47:22.553649+00:00,https://zulip.com/,,src/content/posts/2024/linux-alternatives.md
mailto:user@outlook.com,retained,non-http,HTTP GET,,,2026-10-07T19:47:18.195251+00:00,mailto:user@outlook.com,,src/content/posts/2023/windows-network-and-sharing.md
